buff_id,condition_type_1,condition_type_2,condition_value_1,condition_value_2,dur_type,effect_time,effect_type,effect_value_1,id,max_stack,react_type,skill_type,target_1_option,target_2_option,target_3_option,target_4_option,target_type
0,0,0,0,0,0,0,2,200,201101,0,1,0,3,0,0,0,3
0,0,0,0,0,0,0,2,250,201102,0,1,0,3,0,0,0,3
0,0,0,0,0,0,0,2,300,201103,0,1,0,3,0,0,0,3
0,0,0,0,0,0,0,2,400,201104,0,1,0,3,0,0,0,3
0,0,0,0,0,0,0,2,500,201105,0,1,0,3,0,0,0,3
3151,61,0,100,0,0,0,1,200,201201,0,0,0,10,0,0,0,1
3151,61,0,100,0,0,0,1,300,201202,0,0,0,10,0,0,0,1
3151,61,0,100,0,0,0,1,400,201203,0,0,0,10,0,0,0,1
3151,61,0,100,0,0,0,1,500,201204,0,0,0,10,0,0,0,1
3151,61,0,100,0,0,0,1,600,201205,0,0,0,10,0,0,0,1
2551,1,0,0,0,0,0,1,1000,201301,0,0,0,10,0,0,0,1
2551,1,0,0,0,0,0,1,1500,201302,0,0,0,10,0,0,0,1
2551,1,0,0,0,0,0,1,2000,201303,0,0,0,10,0,0,0,1
2551,1,0,0,0,0,0,1,2500,201304,0,0,0,10,0,0,0,1
2551,1,0,0,0,0,0,1,3000,201305,0,0,0,10,0,0,0,1
20351,1,0,0,0,0,0,1,400,201401,0,0,0,6,0,0,0,1
20351,1,0,0,0,0,0,1,600,201402,0,0,0,6,0,0,0,1
20351,1,0,0,0,0,0,1,800,201403,0,0,0,6,0,0,0,1
20351,1,0,0,0,0,0,1,1000,201404,0,0,0,6,0,0,0,1
20351,1,0,0,0,0,0,1,1200,201405,0,0,0,6,0,0,0,1
0,0,0,0,0,0,0,4,200,202101,0,1,0,1,0,0,0,1
0,0,0,0,0,0,0,4,250,202102,0,1,0,1,0,0,0,1
0,0,0,0,0,0,0,4,300,202103,0,1,0,1,0,0,0,1
0,0,0,0,0,0,0,4,400,202104,0,1,0,1,0,0,0,1
0,0,0,0,0,0,0,4,500,202105,0,1,0,1,0,0,0,1
3251,61,0,100,0,0,0,1,200,202201,0,0,0,10,0,0,0,1
3251,61,0,100,0,0,0,1,300,202202,0,0,0,10,0,0,0,1
3251,61,0,100,0,0,0,1,400,202203,0,0,0,10,0,0,0,1
3251,61,0,100,0,0,0,1,500,202204,0,0,0,10,0,0,0,1
3251,61,0,100,0,0,0,1,600,202205,0,0,0,10,0,0,0,1
2651,1,0,0,0,0,0,1,1000,202301,0,0,0,10,0,0,0,1
2651,1,0,0,0,0,0,1,1500,202302,0,0,0,10,0,0,0,1
2651,1,0,0,0,0,0,1,2000,202303,0,0,0,10,0,0,0,1
2651,1,0,0,0,0,0,1,2500,202304,0,0,0,10,0,0,0,1
2651,1,0,0,0,0,0,1,3000,202305,0,0,0,10,0,0,0,1
21551,1,0,0,0,0,0,1,400,202401,0,0,0,1,0,0,0,1
21551,1,0,0,0,0,0,1,800,202402,0,0,0,1,0,0,0,1
21551,1,0,0,0,0,0,1,1200,202403,0,0,0,1,0,0,0,1
21551,1,0,0,0,0,0,1,1600,202404,0,0,0,1,0,0,0,1
21551,1,0,0,0,0,0,1,2000,202405,0,0,0,1,0,0,0,1
0,0,0,0,0,0,0,2,200,203101,0,1,0,3,0,0,0,3
0,0,0,0,0,0,0,2,250,203102,0,1,0,3,0,0,0,3
0,0,0,0,0,0,0,2,300,203103,0,1,0,3,0,0,0,3
0,0,0,0,0,0,0,2,400,203104,0,1,0,3,0,0,0,3
0,0,0,0,0,0,0,2,500,203105,0,1,0,3,0,0,0,3
3051,61,0,100,0,0,0,1,200,203201,0,0,0,10,0,0,0,1
3051,61,0,100,0,0,0,1,300,203202,0,0,0,10,0,0,0,1
3051,61,0,100,0,0,0,1,400,203203,0,0,0,10,0,0,0,1
3051,61,0,100,0,0,0,1,500,203204,0,0,0,10,0,0,0,1
3051,61,0,100,0,0,0,1,600,203205,0,0,0,10,0,0,0,1
2451,1,0,0,0,0,0,1,1000,203301,0,0,0,10,0,0,0,1
2451,1,0,0,0,0,0,1,1500,203302,0,0,0,10,0,0,0,1
2451,1,0,0,0,0,0,1,2000,203303,0,0,0,10,0,0,0,1
2451,1,0,0,0,0,0,1,2500,203304,0,0,0,10,0,0,0,1
2451,1,0,0,0,0,0,1,3000,203305,0,0,0,10,0,0,0,1
20551,1,0,0,0,0,0,1,400,203401,0,0,0,1,0,0,0,1
20551,1,0,0,0,0,0,1,800,203402,0,0,0,1,0,0,0,1
20551,1,0,0,0,0,0,1,1200,203403,0,0,0,1,0,0,0,1
20551,1,0,0,0,0,0,1,1600,203404,0,0,0,1,0,0,0,1
20551,1,0,0,0,0,0,1,2000,203405,0,0,0,1,0,0,0,1
21551,0,0,0,0,1,5,1,1000,204101,0,1,0,10,0,0,0,1
21551,0,0,0,0,1,5,1,1500,204102,0,1,0,10,0,0,0,1
21551,0,0,0,0,1,5,1,2000,204103,0,1,0,10,0,0,0,1
21551,0,0,0,0,1,5,1,2500,204104,0,1,0,10,0,0,0,1
21551,0,0,0,0,1,5,1,3000,204105,0,1,0,10,0,0,0,1
21051,0,0,0,0,1,5,1,1000,204111,0,1,0,10,0,0,0,1
21051,0,0,0,0,1,5,1,1500,204112,0,1,0,10,0,0,0,1
21051,0,0,0,0,1,5,1,2000,204113,0,1,0,10,0,0,0,1
21051,0,0,0,0,1,5,1,2500,204114,0,1,0,10,0,0,0,1
21051,0,0,0,0,1,5,1,3000,204115,0,1,0,10,0,0,0,1
21751,1,0,0,0,0,0,1,600,204201,0,0,0,10,0,0,0,1
21751,1,0,0,0,0,0,1,1200,204202,0,0,0,10,0,0,0,1
21751,1,0,0,0,0,0,1,1800,204203,0,0,0,10,0,0,0,1
21751,1,0,0,0,0,0,1,2400,204204,0,0,0,10,0,0,0,1
21751,1,0,0,0,0,0,1,3000,204205,0,0,0,10,0,0,0,1
2351,1,0,0,0,0,0,1,800,204301,0,0,0,10,0,0,0,1
2351,1,0,0,0,0,0,1,1200,204302,0,0,0,10,0,0,0,1
2351,1,0,0,0,0,0,1,1600,204303,0,0,0,10,0,0,0,1
2351,1,0,0,0,0,0,1,2000,204304,0,0,0,10,0,0,0,1
2351,1,0,0,0,0,0,1,2400,204305,0,0,0,10,0,0,0,1
3351,61,0,100,0,0,0,1,100,204401,0,0,0,10,0,0,0,1
3351,61,0,100,0,0,0,1,200,204402,0,0,0,10,0,0,0,1
3351,61,0,100,0,0,0,1,400,204403,0,0,0,10,0,0,0,1
3351,61,0,100,0,0,0,1,600,204404,0,0,0,10,0,0,0,1
3351,61,0,100,0,0,0,1,800,204405,0,0,0,10,0,0,0,1
0,0,0,0,0,0,0,2,400,301101,0,1,0,3,0,0,0,3
0,0,0,0,0,0,0,2,500,301102,0,1,0,3,0,0,0,3
0,0,0,0,0,0,0,2,600,301103,0,1,0,3,0,0,0,3
0,0,0,0,0,0,0,2,700,301104,0,1,0,3,0,0,0,3
0,0,0,0,0,0,0,2,900,301105,0,1,0,3,0,0,0,3
23751,12,0,50,0,1,1,1,50,301201,0,1,0,1,0,0,0,1
23751,12,0,50,0,1,1,1,70,301202,0,1,0,1,0,0,0,1
23751,12,0,50,0,1,1,1,100,301203,0,1,0,1,0,0,0,1
23751,12,0,50,0,1,1,1,150,301204,0,1,0,1,0,0,0,1
23751,12,0,50,0,1,1,1,200,301205,0,1,0,1,0,0,0,1
20551,11,0,10,0,1,4,1,800,301301,0,1,0,1,0,0,0,1
20551,11,0,10,0,1,4,1,1600,301302,0,1,0,1,0,0,0,1
20551,11,0,10,0,1,4,1,2400,301303,0,1,0,1,0,0,0,1
20551,11,0,10,0,1,4,1,3200,301304,0,1,0,1,0,0,0,1
20551,11,0,10,0,1,4,1,4000,301305,0,1,0,1,0,0,0,1
20561,11,0,10,0,1,2,1,400,301311,0,1,0,3,0,0,0,3
20561,11,0,10,0,1,2,1,1000,301312,0,1,0,3,0,0,0,3
20561,11,0,10,0,1,2,1,1600,301313,0,1,0,3,0,0,0,3
20561,11,0,10,0,1,2,1,2200,301314,0,1,0,3,0,0,0,3
20561,11,0,10,0,1,2,1,2800,301315,0,1,0,3,0,0,0,3
20551,41,0,0,0,0,0,1,1000,301401,0,0,0,1,0,0,0,1
20551,41,0,0,0,0,0,1,2000,301402,0,0,0,1,0,0,0,1
20551,41,0,0,0,0,0,1,3000,301403,0,0,0,1,0,0,0,1
20551,41,0,0,0,0,0,1,4000,301404,0,0,0,1,0,0,0,1
20551,41,0,0,0,0,0,1,5000,301405,0,0,0,1,0,0,0,1
21551,41,0,0,0,0,0,1,1000,301411,0,0,0,1,0,0,0,1
21551,41,0,0,0,0,0,1,2000,301412,0,0,0,1,0,0,0,1
21551,41,0,0,0,0,0,1,3000,301413,0,0,0,1,0,0,0,1
21551,41,0,0,0,0,0,1,4000,301414,0,0,0,1,0,0,0,1
21551,41,0,0,0,0,0,1,5000,301415,0,0,0,1,0,0,0,1
0,0,0,0,0,0,0,2,1600,301501,0,1,0,3,0,0,0,3
0,0,0,0,0,0,0,2,400,302101,0,1,0,3,0,0,0,3
0,0,0,0,0,0,0,2,450,302102,0,1,0,3,0,0,0,3
0,0,0,0,0,0,0,2,500,302103,0,1,0,3,0,0,0,3
0,0,0,0,0,0,0,2,600,302104,0,1,0,3,0,0,0,3
0,0,0,0,0,0,0,2,700,302105,0,1,0,3,0,0,0,3
21561,0,0,0,0,1,3,1,400,302111,0,1,0,3,0,0,0,3
21561,0,0,0,0,1,3,1,800,302112,0,1,0,3,0,0,0,3
21561,0,0,0,0,1,3,1,1200,302113,0,1,0,3,0,0,0,3
21561,0,0,0,0,1,3,1,1600,302114,0,1,0,3,0,0,0,3
21561,0,0,0,0,1,3,1,2000,302115,0,1,0,3,0,0,0,3
0,12,0,50,0,0,0,4,200,302201,0,1,0,1,0,0,0,1
0,12,0,50,0,0,0,4,300,302202,0,1,0,1,0,0,0,1
0,12,0,50,0,0,0,4,400,302203,0,1,0,1,0,0,0,1
0,12,0,50,0,0,0,4,500,302204,0,1,0,1,0,0,0,1
0,12,0,50,0,0,0,4,600,302205,0,1,0,1,0,0,0,1
21151,1,0,0,0,0,0,1,600,302301,0,0,0,4,0,0,0,1
21151,1,0,0,0,0,0,1,900,302302,0,0,0,4,0,0,0,1
21151,1,0,0,0,0,0,1,1200,302303,0,0,0,4,0,0,0,1
21151,1,0,0,0,0,0,1,1600,302304,0,0,0,4,0,0,0,1
21151,1,0,0,0,0,0,1,2000,302305,0,0,0,4,0,0,0,1
21951,1,0,0,0,0,0,1,200,302401,0,0,0,1,0,0,0,1
21951,1,0,0,0,0,0,1,400,302402,0,0,0,1,0,0,0,1
21951,1,0,0,0,0,0,1,600,302403,0,0,0,1,0,0,0,1
21951,1,0,0,0,0,0,1,800,302404,0,0,0,1,0,0,0,1
21951,1,0,0,0,0,0,1,1000,302405,0,0,0,1,0,0,0,1
0,12,0,100,0,0,0,4,1000,302501,0,1,0,1,0,0,0,1
0,0,0,0,0,0,0,2,450,303101,0,1,0,3,0,0,0,3
0,0,0,0,0,0,0,2,500,303102,0,1,0,3,0,0,0,3
0,0,0,0,0,0,0,2,600,303103,0,1,0,3,0,0,0,3
0,0,0,0,0,0,0,2,750,303104,0,1,0,3,0,0,0,3
0,0,0,0,0,0,0,2,900,303105,0,1,0,3,0,0,0,3
20561,0,0,0,0,1,3,1,400,303111,0,1,0,3,0,0,0,3
20561,0,0,0,0,1,3,1,800,303112,0,1,0,3,0,0,0,3
20561,0,0,0,0,1,3,1,1200,303113,0,1,0,3,0,0,0,3
20561,0,0,0,0,1,3,1,1600,303114,0,1,0,3,0,0,0,3
20561,0,0,0,0,1,3,1,2000,303115,0,1,0,3,0,0,0,3
21061,12,0,60,0,1,2,1,1500,303201,0,1,0,3,0,0,0,3
21061,12,0,60,0,1,2,1,2000,303202,0,1,0,3,0,0,0,3
21061,12,0,60,0,1,2,1,3000,303203,0,1,0,3,0,0,0,3
21061,12,0,60,0,1,2,1,4000,303204,0,1,0,3,0,0,0,3
21061,12,0,60,0,1,2,1,5000,303205,0,1,0,3,0,0,0,3
23751,11,0,10,0,1,1,1,40,303301,0,1,0,1,0,0,0,1
23751,11,0,10,0,1,1,1,80,303302,0,1,0,1,0,0,0,1
23751,11,0,10,0,1,1,1,120,303303,0,1,0,1,0,0,0,1
23751,11,0,10,0,1,1,1,160,303304,0,1,0,1,0,0,0,1
23751,11,0,10,0,1,1,1,200,303305,0,1,0,1,0,0,0,1
0,11,0,10,0,1,2,2,300,303401,0,1,0,3,0,0,0,3
0,11,0,10,0,1,2,2,350,303402,0,1,0,3,0,0,0,3
0,11,0,10,0,1,2,2,400,303403,0,1,0,3,0,0,0,3
0,11,0,10,0,1,2,2,450,303404,0,1,0,3,0,0,0,3
0,11,0,10,0,1,2,2,500,303405,0,1,0,3,0,0,0,3
23751,11,0,20,0,1,1,1,400,303501,0,1,0,1,0,0,0,1
0,0,0,0,0,0,0,2,300,304101,0,1,0,3,0,0,0,3
0,0,0,0,0,0,0,2,400,304102,0,1,0,3,0,0,0,3
0,0,0,0,0,0,0,2,500,304103,0,1,0,3,0,0,0,3
0,0,0,0,0,0,0,2,600,304104,0,1,0,3,0,0,0,3
0,0,0,0,0,0,0,2,700,304105,0,1,0,3,0,0,0,3
21061,0,0,0,0,1,2,1,800,304111,0,1,0,3,0,0,0,3
21061,0,0,0,0,1,2,1,1400,304112,0,1,0,3,0,0,0,3
21061,0,0,0,0,1,2,1,2000,304113,0,1,0,3,0,0,0,3
21061,0,0,0,0,1,2,1,2600,304114,0,1,0,3,0,0,0,3
21061,0,0,0,0,1,2,1,3200,304115,0,1,0,3,0,0,0,3
20551,1,0,0,0,0,0,1,1000,304201,0,0,0,1,0,0,0,1
20551,1,0,0,0,0,0,1,1500,304202,0,0,0,1,0,0,0,1
20551,1,0,0,0,0,0,1,2000,304203,0,0,0,1,0,0,0,1
20551,1,0,0,0,0,0,1,2500,304204,0,0,0,1,0,0,0,1
20551,1,0,0,0,0,0,1,3000,304205,0,0,0,1,0,0,0,1
21051,1,0,0,0,0,0,1,1000,304211,0,0,0,1,0,0,0,1
21051,1,0,0,0,0,0,1,1500,304212,0,0,0,1,0,0,0,1
21051,1,0,0,0,0,0,1,2000,304213,0,0,0,1,0,0,0,1
21051,1,0,0,0,0,0,1,2500,304214,0,0,0,1,0,0,0,1
21051,1,0,0,0,0,0,1,3000,304215,0,0,0,1,0,0,0,1
21051,11,0,10,0,1,4,1,1000,304301,0,1,0,1,0,0,0,1
21051,11,0,10,0,1,4,1,2000,304302,0,1,0,1,0,0,0,1
21051,11,0,10,0,1,4,1,3000,304303,0,1,0,1,0,0,0,1
21051,11,0,10,0,1,4,1,4000,304304,0,1,0,1,0,0,0,1
21051,11,0,10,0,1,4,1,5000,304305,0,1,0,1,0,0,0,1
0,11,0,10,0,0,0,2,250,304401,0,1,0,3,0,0,0,3
0,11,0,10,0,0,0,2,300,304402,0,1,0,3,0,0,0,3
0,11,0,10,0,0,0,2,350,304403,0,1,0,3,0,0,0,3
0,11,0,10,0,0,0,2,400,304404,0,1,0,3,0,0,0,3
0,11,0,10,0,0,0,2,500,304405,0,1,0,3,0,0,0,3
20551,1,0,0,0,0,0,1,5000,304501,0,0,0,1,0,0,0,1
21051,1,0,0,0,0,0,1,5000,304511,0,0,0,1,0,0,0,1
0,0,0,0,0,0,0,2,300,305101,0,1,0,3,0,0,0,3
0,0,0,0,0,0,0,2,400,305102,0,1,0,3,0,0,0,3
0,0,0,0,0,0,0,2,500,305103,0,1,0,3,0,0,0,3
0,0,0,0,0,0,0,2,650,305104,0,1,0,3,0,0,0,3
0,0,0,0,0,0,0,2,800,305105,0,1,0,3,0,0,0,3
20551,0,0,0,0,1,4,1,800,305111,0,1,0,1,0,0,0,1
20551,0,0,0,0,1,4,1,1200,305112,0,1,0,1,0,0,0,1
20551,0,0,0,0,1,4,1,1600,305113,0,1,0,1,0,0,0,1
20551,0,0,0,0,1,4,1,2000,305114,0,1,0,1,0,0,0,1
20551,0,0,0,0,1,4,1,2400,305115,0,1,0,1,0,0,0,1
21651,1,0,0,0,0,0,1,800,305201,0,0,0,10,0,0,0,1
21651,1,0,0,0,0,0,1,1000,305202,0,0,0,10,0,0,0,1
21651,1,0,0,0,0,0,1,1200,305203,0,0,0,10,0,0,0,1
21651,1,0,0,0,0,0,1,1400,305204,0,0,0,10,0,0,0,1
21651,1,0,0,0,0,0,1,1600,305205,0,0,0,10,0,0,0,1
21051,1,0,0,0,0,0,1,600,305211,0,0,0,1,0,0,0,1
21051,1,0,0,0,0,0,1,1200,305212,0,0,0,1,0,0,0,1
21051,1,0,0,0,0,0,1,1800,305213,0,0,0,1,0,0,0,1
21051,1,0,0,0,0,0,1,2400,305214,0,0,0,1,0,0,0,1
21051,1,0,0,0,0,0,1,3000,305215,0,0,0,1,0,0,0,1
21051,11,0,10,0,1,4,1,1000,305301,0,1,0,1,0,0,0,1
21051,11,0,10,0,1,4,1,2000,305302,0,1,0,1,0,0,0,1
21051,11,0,10,0,1,4,1,3000,305303,0,1,0,1,0,0,0,1
21051,11,0,10,0,1,4,1,4000,305304,0,1,0,1,0,0,0,1
21051,11,0,10,0,1,4,1,5000,305305,0,1,0,1,0,0,0,1
20451,1,0,0,0,0,0,1,1000,305401,0,1,0,7,0,0,0,1
20451,1,0,0,0,0,0,1,1500,305402,0,1,0,7,0,0,0,1
20451,1,0,0,0,0,0,1,2000,305403,0,1,0,7,0,0,0,1
20451,1,0,0,0,0,0,1,2500,305404,0,1,0,7,0,0,0,1
20451,1,0,0,0,0,0,1,3000,305405,0,1,0,7,0,0,0,1
0,0,0,0,0,0,0,2,1400,305501,0,1,0,3,0,0,0,3
20551,0,0,0,0,1,4,1,4800,305511,0,1,0,1,0,0,0,1
0,0,0,0,0,0,0,2,400,306101,0,1,0,3,0,0,0,3
0,0,0,0,0,0,0,2,500,306102,0,1,0,3,0,0,0,3
0,0,0,0,0,0,0,2,600,306103,0,1,0,3,0,0,0,3
0,0,0,0,0,0,0,2,700,306104,0,1,0,3,0,0,0,3
0,0,0,0,0,0,0,2,900,306105,0,1,0,3,0,0,0,3
22251,1,0,0,0,0,0,1,400,306201,0,0,0,1,0,0,0,1
22251,1,0,0,0,0,0,1,800,306202,0,0,0,1,0,0,0,1
22251,1,0,0,0,0,0,1,1200,306203,0,0,0,1,0,0,0,1
22251,1,0,0,0,0,0,1,1600,306204,0,0,0,1,0,0,0,1
22251,1,0,0,0,0,0,1,2000,306205,0,0,0,1,0,0,0,1
21551,1,0,0,0,0,0,1,800,306301,0,0,0,10,0,0,0,1
21551,1,0,0,0,0,0,1,1100,306302,0,0,0,10,0,0,0,1
21551,1,0,0,0,0,0,1,1400,306303,0,0,0,10,0,0,0,1
21551,1,0,0,0,0,0,1,1700,306304,0,0,0,10,0,0,0,1
21551,1,0,0,0,0,0,1,2000,306305,0,0,0,10,0,0,0,1
21551,43,0,0,0,0,0,1,400,306311,0,0,0,10,0,0,0,1
21551,43,0,0,0,0,0,1,700,306312,0,0,0,10,0,0,0,1
21551,43,0,0,0,0,0,1,1000,306313,0,0,0,10,0,0,0,1
21551,43,0,0,0,0,0,1,1300,306314,0,0,0,10,0,0,0,1
21551,43,0,0,0,0,0,1,1600,306315,0,0,0,10,0,0,0,1
23851,1,0,0,0,0,0,1,2,306401,0,0,0,1,0,0,0,1
23851,1,0,0,0,0,0,1,4,306402,0,0,0,1,0,0,0,1
23851,1,0,0,0,0,0,1,6,306403,0,0,0,1,0,0,0,1
23851,1,0,0,0,0,0,1,8,306404,0,0,0,1,0,0,0,1
23851,1,0,0,0,0,0,1,10,306405,0,0,0,1,0,0,0,1
23851,43,0,0,0,0,0,1,2,306411,0,0,0,1,0,0,0,1
23851,43,0,0,0,0,0,1,4,306412,0,0,0,1,0,0,0,1
23851,43,0,0,0,0,0,1,6,306413,0,0,0,1,0,0,0,1
23851,43,0,0,0,0,0,1,8,306414,0,0,0,1,0,0,0,1
23851,43,0,0,0,0,0,1,10,306415,0,0,0,1,0,0,0,1
22251,1,0,0,0,0,0,1,6000,306501,0,0,0,1,0,0,0,1
0,0,0,0,0,0,0,2,400,307101,0,1,0,3,0,0,0,3
0,0,0,0,0,0,0,2,500,307102,0,1,0,3,0,0,0,3
0,0,0,0,0,0,0,2,600,307103,0,1,0,3,0,0,0,3
0,0,0,0,0,0,0,2,700,307104,0,1,0,3,0,0,0,3
0,0,0,0,0,0,0,2,800,307105,0,1,0,3,0,0,0,3
21061,0,0,0,0,1,2,1,400,307111,0,1,0,3,0,0,0,3
21061,0,0,0,0,1,2,1,600,307112,0,1,0,3,0,0,0,3
21061,0,0,0,0,1,2,1,800,307113,0,1,0,3,0,0,0,3
21061,0,0,0,0,1,2,1,1000,307114,0,1,0,3,0,0,0,3
21061,0,0,0,0,1,2,1,1200,307115,0,1,0,3,0,0,0,3
0,12,0,50,0,0,0,4,250,307201,0,1,0,1,0,0,0,1
0,12,0,50,0,0,0,4,300,307202,0,1,0,1,0,0,0,1
0,12,0,50,0,0,0,4,350,307203,0,1,0,1,0,0,0,1
0,12,0,50,0,0,0,4,400,307204,0,1,0,1,0,0,0,1
0,12,0,50,0,0,0,4,500,307205,0,1,0,1,0,0,0,1
22351,41,0,0,0,0,0,1,900,307301,0,0,0,1,0,0,0,1
22351,41,0,0,0,0,0,1,1200,307302,0,0,0,1,0,0,0,1
22351,41,0,0,0,0,0,1,1500,307303,0,0,0,1,0,0,0,1
22351,41,0,0,0,0,0,1,2000,307304,0,0,0,1,0,0,0,1
22351,41,0,0,0,0,0,1,2400,307305,0,0,0,1,0,0,0,1
21851,1,0,0,0,0,0,1,1600,307401,0,0,0,10,0,0,0,1
21851,1,0,0,0,0,0,1,2000,307402,0,0,0,10,0,0,0,1
21851,1,0,0,0,0,0,1,2400,307403,0,0,0,10,0,0,0,1
21851,1,0,0,0,0,0,1,2800,307404,0,0,0,10,0,0,0,1
21851,1,0,0,0,0,0,1,3200,307405,0,0,0,10,0,0,0,1
0,0,0,0,0,0,0,2,1400,307501,0,1,0,3,0,0,0,3
21061,0,0,0,0,1,2,1,2400,307511,0,1,0,3,0,0,0,3
0,0,0,0,0,1,2,2,200,308101,0,1,0,3,0,0,0,3
0,0,0,0,0,1,2,2,240,308102,0,1,0,3,0,0,0,3
0,0,0,0,0,1,2,2,280,308103,0,1,0,3,0,0,0,3
0,0,0,0,0,1,2,2,320,308104,0,1,0,3,0,0,0,3
0,0,0,0,0,1,2,2,400,308105,0,1,0,3,0,0,0,3
21551,1,0,0,0,0,0,1,800,308201,0,0,0,10,0,0,0,1
21551,1,0,0,0,0,0,1,1100,308202,0,0,0,10,0,0,0,1
21551,1,0,0,0,0,0,1,1400,308203,0,0,0,10,0,0,0,1
21551,1,0,0,0,0,0,1,1700,308204,0,0,0,10,0,0,0,1
21551,1,0,0,0,0,0,1,2000,308205,0,0,0,10,0,0,0,1
21551,42,0,0,0,0,0,1,400,308211,0,0,0,10,0,0,0,1
21551,42,0,0,0,0,0,1,700,308212,0,0,0,10,0,0,0,1
21551,42,0,0,0,0,0,1,1000,308213,0,0,0,10,0,0,0,1
21551,42,0,0,0,0,0,1,1300,308214,0,0,0,10,0,0,0,1
21551,42,0,0,0,0,0,1,1600,308215,0,0,0,10,0,0,0,1
23851,1,0,0,0,0,0,1,4,308301,0,0,0,1,0,0,0,1
23851,1,0,0,0,0,0,1,5,308302,0,0,0,1,0,0,0,1
23851,1,0,0,0,0,0,1,6,308303,0,0,0,1,0,0,0,1
23851,1,0,0,0,0,0,1,8,308304,0,0,0,1,0,0,0,1
23851,1,0,0,0,0,0,1,10,308305,0,0,0,1,0,0,0,1
23851,42,0,0,0,0,0,1,4,308311,0,0,0,1,0,0,0,1
23851,42,0,0,0,0,0,1,5,308312,0,0,0,1,0,0,0,1
23851,42,0,0,0,0,0,1,6,308313,0,0,0,1,0,0,0,1
23851,42,0,0,0,0,0,1,8,308314,0,0,0,1,0,0,0,1
23851,42,0,0,0,0,0,1,10,308315,0,0,0,1,0,0,0,1
20551,23,0,80,0,1,1,1,1200,308401,0,0,0,1,0,0,0,1
20551,23,0,80,0,1,1,1,1800,308402,0,0,0,1,0,0,0,1
20551,23,0,80,0,1,1,1,2400,308403,0,0,0,1,0,0,0,1
20551,23,0,80,0,1,1,1,3000,308404,0,0,0,1,0,0,0,1
20551,23,0,80,0,1,1,1,3600,308405,0,0,0,1,0,0,0,1
0,0,0,0,0,1,2,2,550,308501,0,1,0,3,0,0,0,3
0,0,0,0,0,0,0,2,300,309101,0,1,0,3,0,0,0,3
0,0,0,0,0,0,0,2,350,309102,0,1,0,3,0,0,0,3
0,0,0,0,0,0,0,2,400,309103,0,1,0,3,0,0,0,3
0,0,0,0,0,0,0,2,500,309104,0,1,0,3,0,0,0,3
0,0,0,0,0,0,0,2,600,309105,0,1,0,3,0,0,0,3
0,0,0,0,0,1,3,2,50,309111,0,1,0,3,0,0,0,3
0,0,0,0,0,1,3,2,60,309112,0,1,0,3,0,0,0,3
0,0,0,0,0,1,3,2,70,309113,0,1,0,3,0,0,0,3
0,0,0,0,0,1,3,2,80,309114,0,1,0,3,0,0,0,3
0,0,0,0,0,1,3,2,100,309115,0,1,0,3,0,0,0,3
24751,11,0,10,0,1,4,1,700,309201,0,1,0,1,0,0,0,1
24751,11,0,10,0,1,4,1,1400,309202,0,1,0,1,0,0,0,1
24751,11,0,10,0,1,4,1,2100,309203,0,1,0,1,0,0,0,1
24751,11,0,10,0,1,4,1,2800,309204,0,1,0,1,0,0,0,1
24751,11,0,10,0,1,4,1,3500,309205,0,1,0,1,0,0,0,1
22251,1,0,0,0,0,0,1,900,309301,0,0,0,1,0,0,0,1
22251,1,0,0,0,0,0,1,1300,309302,0,0,0,1,0,0,0,1
22251,1,0,0,0,0,0,1,1700,309303,0,0,0,1,0,0,0,1
22251,1,0,0,0,0,0,1,2100,309304,0,0,0,1,0,0,0,1
22251,1,0,0,0,0,0,1,2500,309305,0,0,0,1,0,0,0,1
0,12,0,50,0,0,0,4,300,309401,0,1,0,1,0,0,0,1
0,12,0,50,0,0,0,4,350,309402,0,1,0,1,0,0,0,1
0,12,0,50,0,0,0,4,400,309403,0,1,0,1,0,0,0,1
0,12,0,50,0,0,0,4,500,309404,0,1,0,1,0,0,0,1
0,12,0,50,0,0,0,4,600,309405,0,1,0,1,0,0,0,1
0,0,0,0,0,0,0,2,900,309501,0,1,0,3,0,0,0,3
0,0,0,0,0,1,3,2,300,309511,0,1,0,3,0,0,0,3
0,0,0,0,0,0,0,2,400,401101,0,1,0,3,0,0,0,3
0,0,0,0,0,0,0,2,600,401102,0,1,0,3,0,0,0,3
0,0,0,0,0,0,0,2,800,401103,0,1,0,3,0,0,0,3
0,0,0,0,0,0,0,2,1000,401104,0,1,0,3,0,0,0,3
0,0,0,0,0,0,0,2,1200,401105,0,1,0,3,0,0,0,3
20551,0,0,0,0,1,4,1,600,401111,0,1,0,1,0,0,0,1
20551,0,0,0,0,1,4,1,900,401112,0,1,0,1,0,0,0,1
20551,0,0,0,0,1,4,1,1200,401113,0,1,0,1,0,0,0,1
20551,0,0,0,0,1,4,1,1500,401114,0,1,0,1,0,0,0,1
20551,0,0,0,0,1,4,1,1800,401115,0,1,0,1,0,0,0,1
0,11,0,20,0,0,0,4,100,401201,0,1,0,1,0,0,0,1
0,11,0,20,0,0,0,4,120,401202,0,1,0,1,0,0,0,1
0,11,0,20,0,0,0,4,140,401203,0,1,0,1,0,0,0,1
0,11,0,20,0,0,0,4,160,401204,0,1,0,1,0,0,0,1
0,11,0,20,0,0,0,4,200,401205,0,1,0,1,0,0,0,1
24651,11,0,20,0,1,4,1,1000,401301,0,1,0,1,0,0,0,1
24651,11,0,20,0,1,4,1,1400,401302,0,1,0,1,0,0,0,1
24651,11,0,20,0,1,4,1,1800,401303,0,1,0,1,0,0,0,1
24651,11,0,20,0,1,4,1,2200,401304,0,1,0,1,0,0,0,1
24651,11,0,20,0,1,4,1,2600,401305,0,1,0,1,0,0,0,1
21651,3,0,0,0,0,0,1,400,401401,0,0,0,10,0,0,0,2
21651,3,0,0,0,0,0,1,500,401402,0,0,0,10,0,0,0,2
21651,3,0,0,0,0,0,1,600,401403,0,0,0,10,0,0,0,2
21651,3,0,0,0,0,0,1,700,401404,0,0,0,10,0,0,0,2
21651,3,0,0,0,0,0,1,800,401405,0,0,0,10,0,0,0,2
21551,3,0,0,0,0,0,1,600,401411,0,0,0,10,0,0,0,2
21551,3,0,0,0,0,0,1,900,401412,0,0,0,10,0,0,0,2
21551,3,0,0,0,0,0,1,1200,401413,0,0,0,10,0,0,0,2
21551,3,0,0,0,0,0,1,1500,401414,0,0,0,10,0,0,0,2
21551,3,0,0,0,0,0,1,1800,401415,0,0,0,10,0,0,0,2
24651,11,0,20,0,1,4,1,5200,401501,0,1,0,1,0,0,0,1
0,0,0,0,0,0,0,2,400,402101,0,1,0,3,0,0,0,3
0,0,0,0,0,0,0,2,500,402102,0,1,0,3,0,0,0,3
0,0,0,0,0,0,0,2,600,402103,0,1,0,3,0,0,0,3
0,0,0,0,0,0,0,2,800,402104,0,1,0,3,0,0,0,3
0,0,0,0,0,0,0,2,1000,402105,0,1,0,3,0,0,0,3
0,11,0,10,0,0,0,2,200,402201,0,1,0,3,0,0,0,3
0,11,0,10,0,0,0,2,400,402202,0,1,0,3,0,0,0,3
0,11,0,10,0,0,0,2,600,402203,0,1,0,3,0,0,0,3
0,11,0,10,0,0,0,2,800,402204,0,1,0,3,0,0,0,3
0,11,0,10,0,0,0,2,1000,402205,0,1,0,3,0,0,0,3
21951,1,0,0,0,0,0,1,600,402301,0,0,0,1,0,0,0,1
21951,1,0,0,0,0,0,1,900,402302,0,0,0,1,0,0,0,1
21951,1,0,0,0,0,0,1,1200,402303,0,0,0,1,0,0,0,1
21951,1,0,0,0,0,0,1,1500,402304,0,0,0,1,0,0,0,1
21951,1,0,0,0,0,0,1,2000,402305,0,0,0,1,0,0,0,1
23751,11,0,20,0,1,1,1,20,402401,0,1,0,10,0,0,0,1
23751,11,0,20,0,1,1,1,25,402402,0,1,0,10,0,0,0,1
23751,11,0,20,0,1,1,1,30,402403,0,1,0,10,0,0,0,1
23751,11,0,20,0,1,1,1,35,402404,0,1,0,10,0,0,0,1
23751,11,0,20,0,1,1,1,40,402405,0,1,0,10,0,0,0,1
0,0,0,0,0,0,0,2,1700,402501,0,1,0,3,0,0,0,3
0,0,0,0,0,0,0,2,500,403101,0,1,0,3,0,0,0,3
0,0,0,0,0,0,0,2,600,403102,0,1,0,3,0,0,0,3
0,0,0,0,0,0,0,2,700,403103,0,1,0,3,0,0,0,3
0,0,0,0,0,0,0,2,800,403104,0,1,0,3,0,0,0,3
0,0,0,0,0,0,0,2,1000,403105,0,1,0,3,0,0,0,3
21561,0,0,0,0,1,2,1,1200,403111,0,1,0,3,0,0,0,3
21561,0,0,0,0,1,2,1,1700,403112,0,1,0,3,0,0,0,3
21561,0,0,0,0,1,2,1,2200,403113,0,1,0,3,0,0,0,3
21561,0,0,0,0,1,2,1,2700,403114,0,1,0,3,0,0,0,3
21561,0,0,0,0,1,2,1,3200,403115,0,1,0,3,0,0,0,3
22151,1,0,0,0,0,0,1,1000,403201,0,0,0,1,0,0,0,1
22151,1,0,0,0,0,0,1,1500,403202,0,0,0,1,0,0,0,1
22151,1,0,0,0,0,0,1,2000,403203,0,0,0,1,0,0,0,1
22151,1,0,0,0,0,0,1,2500,403204,0,0,0,1,0,0,0,1
22151,1,0,0,0,0,0,1,3000,403205,0,0,0,1,0,0,0,1
0,11,0,10,0,0,0,4,200,403301,0,1,0,1,0,0,0,1
0,11,0,10,0,0,0,4,250,403302,0,1,0,1,0,0,0,1
0,11,0,10,0,0,0,4,300,403303,0,1,0,1,0,0,0,1
0,11,0,10,0,0,0,4,400,403304,0,1,0,1,0,0,0,1
0,11,0,10,0,0,0,4,500,403305,0,1,0,1,0,0,0,1
23751,11,0,10,0,1,1,1,40,403401,0,1,0,10,0,0,0,1
23751,11,0,10,0,1,1,1,60,403402,0,1,0,10,0,0,0,1
23751,11,0,10,0,1,1,1,80,403403,0,1,0,10,0,0,0,1
23751,11,0,10,0,1,1,1,100,403404,0,1,0,10,0,0,0,1
23751,11,0,10,0,1,1,1,120,403405,0,1,0,10,0,0,0,1
0,0,0,0,0,0,0,2,1600,403501,0,1,0,3,0,0,0,3
21561,0,0,0,0,1,2,1,6400,403511,0,1,0,3,0,0,0,3
0,0,0,0,0,0,0,2,500,404101,0,1,0,3,0,0,0,3
0,0,0,0,0,0,0,2,550,404102,0,1,0,3,0,0,0,3
0,0,0,0,0,0,0,2,600,404103,0,1,0,3,0,0,0,3
0,0,0,0,0,0,0,2,700,404104,0,1,0,3,0,0,0,3
0,0,0,0,0,0,0,2,800,404105,0,1,0,3,0,0,0,3
0,0,0,0,0,0,0,4,100,404111,0,1,0,1,0,0,0,1
0,0,0,0,0,0,0,4,120,404112,0,1,0,1,0,0,0,1
0,0,0,0,0,0,0,4,140,404113,0,1,0,1,0,0,0,1
0,0,0,0,0,0,0,4,160,404114,0,1,0,1,0,0,0,1
0,0,0,0,0,0,0,4,200,404115,0,1,0,1,0,0,0,1
22251,1,0,0,0,0,0,1,200,404201,0,0,0,1,0,0,0,1
22251,1,0,0,0,0,0,1,400,404202,0,0,0,1,0,0,0,1
22251,1,0,0,0,0,0,1,600,404203,0,0,0,1,0,0,0,1
22251,1,0,0,0,0,0,1,800,404204,0,0,0,1,0,0,0,1
22251,1,0,0,0,0,0,1,1000,404205,0,0,0,1,0,0,0,1
21051,1,0,0,0,0,0,1,500,404301,0,0,0,1,0,0,0,1
21051,1,0,0,0,0,0,1,1000,404302,0,0,0,1,0,0,0,1
21051,1,0,0,0,0,0,1,1500,404303,0,0,0,1,0,0,0,1
21051,1,0,0,0,0,0,1,2000,404304,0,0,0,1,0,0,0,1
21051,1,0,0,0,0,0,1,2600,404305,0,0,0,1,0,0,0,1
21551,1,0,0,0,0,0,1,500,404311,0,0,0,1,0,0,0,1
21551,1,0,0,0,0,0,1,1000,404312,0,0,0,1,0,0,0,1
21551,1,0,0,0,0,0,1,1500,404313,0,0,0,1,0,0,0,1
21551,1,0,0,0,0,0,1,2000,404314,0,0,0,1,0,0,0,1
21551,1,0,0,0,0,0,1,2600,404315,0,0,0,1,0,0,0,1
20551,3,0,0,0,0,0,1,400,404401,0,0,0,10,0,0,0,2
20551,3,0,0,0,0,0,1,800,404402,0,0,0,10,0,0,0,2
20551,3,0,0,0,0,0,1,1200,404403,0,0,0,10,0,0,0,2
20551,3,0,0,0,0,0,1,1600,404404,0,0,0,10,0,0,0,2
20551,3,0,0,0,0,0,1,2000,404405,0,0,0,10,0,0,0,2
22751,3,0,0,0,0,0,1,400,404411,0,0,0,10,0,0,0,2
22751,3,0,0,0,0,0,1,800,404412,0,0,0,10,0,0,0,2
22751,3,0,0,0,0,0,1,1200,404413,0,0,0,10,0,0,0,2
22751,3,0,0,0,0,0,1,1600,404414,0,0,0,10,0,0,0,2
22751,3,0,0,0,0,0,1,2000,404415,0,0,0,10,0,0,0,2
0,0,0,0,0,0,0,2,1400,404501,0,1,0,3,0,0,0,3
0,0,0,0,0,0,0,4,400,404511,0,1,0,1,0,0,0,1
0,0,0,0,0,0,0,2,400,405101,0,1,0,3,0,0,0,3
0,0,0,0,0,0,0,2,500,405102,0,1,0,3,0,0,0,3
0,0,0,0,0,0,0,2,600,405103,0,1,0,3,0,0,0,3
0,0,0,0,0,0,0,2,800,405104,0,1,0,3,0,0,0,3
0,0,0,0,0,0,0,2,1000,405105,0,1,0,3,0,0,0,3
21561,0,0,0,0,1,2,1,800,405111,0,1,0,3,0,0,0,3
21561,0,0,0,0,1,2,1,1200,405112,0,1,0,3,0,0,0,3
21561,0,0,0,0,1,2,1,1600,405113,0,1,0,3,0,0,0,3
21561,0,0,0,0,1,2,1,2000,405114,0,1,0,3,0,0,0,3
21561,0,0,0,0,1,2,1,2400,405115,0,1,0,3,0,0,0,3
21251,1,0,0,0,0,0,1,600,405201,0,0,0,5,0,0,0,1
21251,1,0,0,0,0,0,1,1200,405202,0,0,0,5,0,0,0,1
21251,1,0,0,0,0,0,1,1800,405203,0,0,0,5,0,0,0,1
21251,1,0,0,0,0,0,1,2400,405204,0,0,0,5,0,0,0,1
21251,1,0,0,0,0,0,1,3000,405205,0,0,0,5,0,0,0,1
22251,1,0,0,0,0,0,1,600,405301,0,0,0,1,0,0,0,1
22251,1,0,0,0,0,0,1,1200,405302,0,0,0,1,0,0,0,1
22251,1,0,0,0,0,0,1,1800,405303,0,0,0,1,0,0,0,1
22251,1,0,0,0,0,0,1,2400,405304,0,0,0,1,0,0,0,1
22251,1,0,0,0,0,0,1,3000,405305,0,0,0,1,0,0,0,1
22151,3,0,0,0,0,0,1,300,405401,0,0,0,10,0,0,0,2
22151,3,0,0,0,0,0,1,600,405402,0,0,0,10,0,0,0,2
22151,3,0,0,0,0,0,1,900,405403,0,0,0,10,0,0,0,2
22151,3,0,0,0,0,0,1,1200,405404,0,0,0,10,0,0,0,2
22151,3,0,0,0,0,0,1,1500,405405,0,0,0,10,0,0,0,2
0,0,0,0,0,0,0,2,1800,405501,0,1,0,3,0,0,0,3
21561,0,0,0,0,1,2,1,3600,405511,0,1,0,3,0,0,0,3
0,0,0,0,0,0,0,2,400,406101,0,1,0,3,0,0,0,3
0,0,0,0,0,0,0,2,500,406102,0,1,0,3,0,0,0,3
0,0,0,0,0,0,0,2,600,406103,0,1,0,3,0,0,0,3
0,0,0,0,0,0,0,2,800,406104,0,1,0,3,0,0,0,3
0,0,0,0,0,0,0,2,1000,406105,0,1,0,3,0,0,0,3
21061,0,0,0,0,1,2,1,800,406111,0,1,0,3,0,0,0,3
21061,0,0,0,0,1,2,1,1200,406112,0,1,0,3,0,0,0,3
21061,0,0,0,0,1,2,1,1600,406113,0,1,0,3,0,0,0,3
21061,0,0,0,0,1,2,1,2000,406114,0,1,0,3,0,0,0,3
21061,0,0,0,0,1,2,1,2400,406115,0,1,0,3,0,0,0,3
24751,1,0,0,0,0,0,1,400,406201,0,0,0,1,0,0,0,1
24751,1,0,0,0,0,0,1,800,406202,0,0,0,1,0,0,0,1
24751,1,0,0,0,0,0,1,1200,406203,0,0,0,1,0,0,0,1
24751,1,0,0,0,0,0,1,1600,406204,0,0,0,1,0,0,0,1
24751,1,0,0,0,0,0,1,2000,406205,0,0,0,1,0,0,0,1
24751,43,0,0,0,0,0,1,200,406211,0,0,0,1,0,0,0,1
24751,43,0,0,0,0,0,1,400,406212,0,0,0,1,0,0,0,1
24751,43,0,0,0,0,0,1,600,406213,0,0,0,1,0,0,0,1
24751,43,0,0,0,0,0,1,800,406214,0,0,0,1,0,0,0,1
24751,43,0,0,0,0,0,1,1000,406215,0,0,0,1,0,0,0,1
0,11,0,10,0,1,2,2,200,406301,0,1,0,3,0,0,0,3
0,11,0,10,0,1,2,2,220,406302,0,1,0,3,0,0,0,3
0,11,0,10,0,1,2,2,240,406303,0,1,0,3,0,0,0,3
0,11,0,10,0,1,2,2,260,406304,0,1,0,3,0,0,0,3
0,11,0,10,0,1,2,2,300,406305,0,1,0,3,0,0,0,3
24961,11,0,20,0,1,3,1,1200,406401,0,1,0,3,0,0,0,3
24961,11,0,20,0,1,3,1,1800,406402,0,1,0,3,0,0,0,3
24961,11,0,20,0,1,3,1,2400,406403,0,1,0,3,0,0,0,3
24961,11,0,20,0,1,3,1,3000,406404,0,1,0,3,0,0,0,3
24961,11,0,20,0,1,3,1,3600,406405,0,1,0,3,0,0,0,3
24751,1,0,0,0,0,0,1,4000,406501,0,0,0,1,0,0,0,1
24751,43,0,0,0,0,0,1,2000,406511,0,0,0,1,0,0,0,1
0,0,0,0,0,0,0,2,400,407101,0,1,0,3,0,0,0,3
0,0,0,0,0,0,0,2,500,407102,0,1,0,3,0,0,0,3
0,0,0,0,0,0,0,2,600,407103,0,1,0,3,0,0,0,3
0,0,0,0,0,0,0,2,800,407104,0,1,0,3,0,0,0,3
0,0,0,0,0,0,0,2,1000,407105,0,1,0,3,0,0,0,3
21551,0,0,0,0,1,4,1,1600,407111,0,1,0,1,0,0,0,1
21551,0,0,0,0,1,4,1,2400,407112,0,1,0,1,0,0,0,1
21551,0,0,0,0,1,4,1,3200,407113,0,1,0,1,0,0,0,1
21551,0,0,0,0,1,4,1,4000,407114,0,1,0,1,0,0,0,1
21551,0,0,0,0,1,4,1,4800,407115,0,1,0,1,0,0,0,1
22351,23,0,60,0,1,1,1,1200,407201,0,0,0,1,0,0,0,1
22351,23,0,60,0,1,1,1,1600,407202,0,0,0,1,0,0,0,1
22351,23,0,60,0,1,1,1,2000,407203,0,0,0,1,0,0,0,1
22351,23,0,60,0,1,1,1,2400,407204,0,0,0,1,0,0,0,1
22351,23,0,60,0,1,1,1,2800,407205,0,0,0,1,0,0,0,1
21051,1,0,0,0,0,0,1,600,407301,0,0,0,1,0,0,0,1
21051,1,0,0,0,0,0,1,1200,407302,0,0,0,1,0,0,0,1
21051,1,0,0,0,0,0,1,1800,407303,0,0,0,1,0,0,0,1
21051,1,0,0,0,0,0,1,2400,407304,0,0,0,1,0,0,0,1
21051,1,0,0,0,0,0,1,3000,407305,0,0,0,1,0,0,0,1
21551,1,0,0,0,0,0,1,600,407311,0,0,0,1,0,0,0,1
21551,1,0,0,0,0,0,1,1200,407312,0,0,0,1,0,0,0,1
21551,1,0,0,0,0,0,1,1800,407313,0,0,0,1,0,0,0,1
21551,1,0,0,0,0,0,1,2400,407314,0,0,0,1,0,0,0,1
21551,1,0,0,0,0,0,1,3000,407315,0,0,0,1,0,0,0,1
23751,11,0,20,0,1,4,1,4,407401,0,1,0,1,0,0,0,1
23751,11,0,20,0,1,4,1,6,407402,0,1,0,1,0,0,0,1
23751,11,0,20,0,1,4,1,8,407403,0,1,0,1,0,0,0,1
23751,11,0,20,0,1,4,1,10,407404,0,1,0,1,0,0,0,1
23751,11,0,20,0,1,4,1,13,407405,0,1,0,1,0,0,0,1
23751,11,0,20,0,1,4,1,25,407501,0,1,0,1,0,0,0,1
0,0,0,0,0,0,0,2,500,408101,0,1,0,3,0,0,0,3
0,0,0,0,0,0,0,2,650,408102,0,1,0,3,0,0,0,3
0,0,0,0,0,0,0,2,800,408103,0,1,0,3,0,0,0,3
0,0,0,0,0,0,0,2,1000,408104,0,1,0,3,0,0,0,3
0,0,0,0,0,0,0,2,1200,408105,0,1,0,3,0,0,0,3
21551,11,0,20,0,1,4,1,1200,408201,0,1,0,1,0,0,0,1
21551,11,0,20,0,1,4,1,1600,408202,0,1,0,1,0,0,0,1
21551,11,0,20,0,1,4,1,2000,408203,0,1,0,1,0,0,0,1
21551,11,0,20,0,1,4,1,2400,408204,0,1,0,1,0,0,0,1
21551,11,0,20,0,1,4,1,2800,408205,0,1,0,1,0,0,0,1
0,11,0,5,0,0,0,2,550,408301,0,1,0,3,0,0,0,3
0,11,0,5,0,0,0,2,650,408302,0,1,0,3,0,0,0,3
0,11,0,5,0,0,0,2,800,408303,0,1,0,3,0,0,0,3
0,11,0,5,0,0,0,2,950,408304,0,1,0,3,0,0,0,3
0,11,0,5,0,0,0,2,1200,408305,0,1,0,3,0,0,0,3
20551,1,0,0,0,0,0,1,2000,408401,0,0,0,1,0,0,0,1
20551,1,0,0,0,0,0,1,3000,408402,0,0,0,1,0,0,0,1
20551,1,0,0,0,0,0,1,4000,408403,0,0,0,1,0,0,0,1
20551,1,0,0,0,0,0,1,5000,408404,0,0,0,1,0,0,0,1
20551,1,0,0,0,0,0,1,6000,408405,0,0,0,1,0,0,0,1
0,11,0,5,0,0,0,2,2400,408501,0,1,0,3,0,0,0,3
0,0,0,0,0,1,2,2,300,409101,0,1,0,3,0,0,0,3
0,0,0,0,0,1,2,2,320,409102,0,1,0,3,0,0,0,3
0,0,0,0,0,1,2,2,340,409103,0,1,0,3,0,0,0,3
0,0,0,0,0,1,2,2,360,409104,0,1,0,3,0,0,0,3
0,0,0,0,0,1,2,2,400,409105,0,1,0,3,0,0,0,3
21561,0,0,0,0,1,2,1,800,409111,0,1,0,3,0,0,0,3
21561,0,0,0,0,1,2,1,1200,409112,0,1,0,3,0,0,0,3
21561,0,0,0,0,1,2,1,1600,409113,0,1,0,3,0,0,0,3
21561,0,0,0,0,1,2,1,2000,409114,0,1,0,3,0,0,0,3
21561,0,0,0,0,1,2,1,2400,409115,0,1,0,3,0,0,0,3
23751,1,0,0,0,0,0,1,1,409201,0,1,0,10,0,0,0,1
23751,1,0,0,0,0,0,1,1,409202,0,1,0,10,0,0,0,1
23751,1,0,0,0,0,0,1,2,409203,0,1,0,10,0,0,0,1
23751,1,0,0,0,0,0,1,2,409204,0,1,0,10,0,0,0,1
23751,1,0,0,0,0,0,1,3,409205,0,1,0,10,0,0,0,1
23751,42,0,0,0,0,0,1,1,409211,0,0,0,10,0,0,0,1
23751,42,0,0,0,0,0,1,2,409212,0,0,0,10,0,0,0,1
23751,42,0,0,0,0,0,1,2,409213,0,0,0,10,0,0,0,1
23751,42,0,0,0,0,0,1,3,409214,0,0,0,10,0,0,0,1
23751,42,0,0,0,0,0,1,3,409215,0,0,0,10,0,0,0,1
22251,1,0,0,0,0,0,1,600,409301,0,0,0,1,0,0,0,1
22251,1,0,0,0,0,0,1,1200,409302,0,0,0,1,0,0,0,1
22251,1,0,0,0,0,0,1,1800,409303,0,0,0,1,0,0,0,1
22251,1,0,0,0,0,0,1,2400,409304,0,0,0,1,0,0,0,1
22251,1,0,0,0,0,0,1,3000,409305,0,0,0,1,0,0,0,1
21551,3,0,0,0,0,0,1,600,409401,0,0,0,10,0,0,0,2
21551,3,0,0,0,0,0,1,900,409402,0,0,0,10,0,0,0,2
21551,3,0,0,0,0,0,1,1200,409403,0,0,0,10,0,0,0,2
21551,3,0,0,0,0,0,1,1500,409404,0,0,0,10,0,0,0,2
21551,3,0,0,0,0,0,1,1800,409405,0,0,0,10,0,0,0,2
0,0,0,0,0,1,2,2,800,409501,0,1,0,3,0,0,0,3
21561,0,0,0,0,1,2,1,4200,409511,0,1,0,3,0,0,0,3
0,0,0,0,0,0,0,2,400,410101,0,1,0,3,0,0,0,3
0,0,0,0,0,0,0,2,500,410102,0,1,0,3,0,0,0,3
0,0,0,0,0,0,0,2,600,410103,0,1,0,3,0,0,0,3
0,0,0,0,0,0,0,2,700,410104,0,1,0,3,0,0,0,3
0,0,0,0,0,0,0,2,800,410105,0,1,0,3,0,0,0,3
20551,0,0,0,0,1,5,1,400,410111,0,1,0,1,0,0,0,1
20551,0,0,0,0,1,5,1,800,410112,0,1,0,1,0,0,0,1
20551,0,0,0,0,1,5,1,1200,410113,0,1,0,1,0,0,0,1
20551,0,0,0,0,1,5,1,1600,410114,0,1,0,1,0,0,0,1
20551,0,0,0,0,1,5,1,2000,410115,0,1,0,1,0,0,0,1
22251,1,0,0,0,0,0,1,800,410201,0,0,0,1,0,0,0,1
22251,1,0,0,0,0,0,1,1600,410202,0,0,0,1,0,0,0,1
22251,1,0,0,0,0,0,1,2400,410203,0,0,0,1,0,0,0,1
22251,1,0,0,0,0,0,1,3200,410204,0,0,0,1,0,0,0,1
22251,1,0,0,0,0,0,1,4000,410205,0,0,0,1,0,0,0,1
0,62,0,0,0,0,0,4,400,410301,0,1,0,1,0,0,0,1
0,62,0,0,0,0,0,4,600,410302,0,1,0,1,0,0,0,1
0,62,0,0,0,0,0,4,800,410303,0,1,0,1,0,0,0,1
0,62,0,0,0,0,0,4,1000,410304,0,1,0,1,0,0,0,1
0,62,0,0,0,0,0,4,1200,410305,0,1,0,1,0,0,0,1
23751,11,0,10,0,1,3,1,30,410401,0,1,0,1,0,0,0,1
23751,11,0,10,0,1,3,1,35,410402,0,1,0,1,0,0,0,1
23751,11,0,10,0,1,3,1,40,410403,0,1,0,1,0,0,0,1
23751,11,0,10,0,1,3,1,45,410404,0,1,0,1,0,0,0,1
23751,11,0,10,0,1,3,1,50,410405,0,1,0,1,0,0,0,1
0,0,0,0,0,0,0,2,1700,410501,0,1,0,3,0,0,0,3
20551,0,0,0,0,1,5,1,4000,410511,0,1,0,1,0,0,0,1
0,0,0,0,0,0,0,2,400,411101,0,1,0,3,0,0,0,3
0,0,0,0,0,0,0,2,600,411102,0,1,0,3,0,0,0,3
0,0,0,0,0,0,0,2,800,411103,0,1,0,3,0,0,0,3
0,0,0,0,0,0,0,2,1000,411104,0,1,0,3,0,0,0,3
0,0,0,0,0,0,0,2,1200,411105,0,1,0,3,0,0,0,3
21561,0,0,0,0,1,3,1,400,411111,0,1,0,3,0,0,0,3
21561,0,0,0,0,1,3,1,800,411112,0,1,0,3,0,0,0,3
21561,0,0,0,0,1,3,1,1200,411113,0,1,0,3,0,0,0,3
21561,0,0,0,0,1,3,1,1600,411114,0,1,0,3,0,0,0,3
21561,0,0,0,0,1,3,1,2000,411115,0,1,0,3,0,0,0,3
21651,1,0,0,0,0,0,1,400,411201,0,0,0,10,0,0,0,1
21651,1,0,0,0,0,0,1,500,411202,0,0,0,10,0,0,0,1
21651,1,0,0,0,0,0,1,600,411203,0,0,0,10,0,0,0,1
21651,1,0,0,0,0,0,1,700,411204,0,0,0,10,0,0,0,1
21651,1,0,0,0,0,0,1,800,411205,0,0,0,10,0,0,0,1
22661,1,0,0,0,0,0,1,800,411211,0,0,0,1,0,0,0,1
22661,1,0,0,0,0,0,1,1000,411212,0,0,0,1,0,0,0,1
22661,1,0,0,0,0,0,1,1200,411213,0,0,0,1,0,0,0,1
22661,1,0,0,0,0,0,1,1400,411214,0,0,0,1,0,0,0,1
22661,1,0,0,0,0,0,1,1600,411215,0,0,0,1,0,0,0,1
0,11,0,2,0,0,0,2,200,411301,0,1,0,1,0,0,0,1
0,11,0,2,0,0,0,2,220,411302,0,1,0,1,0,0,0,1
0,11,0,2,0,0,0,2,240,411303,0,1,0,1,0,0,0,1
0,11,0,2,0,0,0,2,260,411304,0,1,0,1,0,0,0,1
0,11,0,2,0,0,0,2,280,411305,0,1,0,1,0,0,0,1
23851,3,0,0,0,0,0,1,1,411401,0,0,0,10,0,0,0,2
23851,3,0,0,0,0,0,1,2,411402,0,0,0,10,0,0,0,2
23851,3,0,0,0,0,0,1,3,411403,0,0,0,10,0,0,0,2
23851,3,0,0,0,0,0,1,4,411404,0,0,0,10,0,0,0,2
23851,3,0,0,0,0,0,1,5,411405,0,0,0,10,0,0,0,2
21651,1,0,0,0,0,0,1,1600,411501,0,1,0,10,0,0,0,1
22661,1,0,0,0,0,0,1,3200,411511,0,1,0,1,0,0,0,1
0,0,0,0,0,0,0,2,400,412101,0,1,0,3,0,0,0,3
0,0,0,0,0,0,0,2,600,412102,0,1,0,3,0,0,0,3
0,0,0,0,0,0,0,2,800,412103,0,1,0,3,0,0,0,3
0,0,0,0,0,0,0,2,1000,412104,0,1,0,3,0,0,0,3
0,0,0,0,0,0,0,2,1200,412105,0,1,0,3,0,0,0,3
20561,0,0,0,0,1,3,1,400,412111,0,1,0,3,0,0,0,3
20561,0,0,0,0,1,3,1,800,412112,0,1,0,3,0,0,0,3
20561,0,0,0,0,1,3,1,1200,412113,0,1,0,3,0,0,0,3
20561,0,0,0,0,1,3,1,1600,412114,0,1,0,3,0,0,0,3
20561,0,0,0,0,1,3,1,2000,412115,0,1,0,3,0,0,0,3
0,12,0,100,0,0,0,4,400,412201,0,1,0,1,0,0,0,1
0,12,0,100,0,0,0,4,500,412202,0,1,0,1,0,0,0,1
0,12,0,100,0,0,0,4,600,412203,0,1,0,1,0,0,0,1
0,12,0,100,0,0,0,4,700,412204,0,1,0,1,0,0,0,1
0,12,0,100,0,0,0,4,800,412205,0,1,0,1,0,0,0,1
0,11,0,10,0,1,2,2,240,412301,0,1,0,3,0,0,0,3
0,11,0,10,0,1,2,2,280,412302,0,1,0,3,0,0,0,3
0,11,0,10,0,1,2,2,320,412303,0,1,0,3,0,0,0,3
0,11,0,10,0,1,2,2,360,412304,0,1,0,3,0,0,0,3
0,11,0,10,0,1,2,2,400,412305,0,1,0,3,0,0,0,3
22251,1,0,0,0,0,0,1,500,412401,0,0,0,1,0,0,0,1
22251,1,0,0,0,0,0,1,900,412402,0,0,0,1,0,0,0,1
22251,1,0,0,0,0,0,1,1200,412403,0,0,0,1,0,0,0,1
22251,1,0,0,0,0,0,1,1500,412404,0,0,0,1,0,0,0,1
22251,1,0,0,0,0,0,1,1800,412405,0,0,0,1,0,0,0,1
22561,1,0,0,0,0,0,1,500,412411,0,0,0,1,0,0,0,1
22561,1,0,0,0,0,0,1,900,412412,0,0,0,1,0,0,0,1
22561,1,0,0,0,0,0,1,1200,412413,0,0,0,1,0,0,0,1
22561,1,0,0,0,0,0,1,1500,412414,0,0,0,1,0,0,0,1
22561,1,0,0,0,0,0,1,1800,412415,0,0,0,1,0,0,0,1
22251,1,0,0,0,0,0,1,4000,412501,0,0,0,1,0,0,0,1
22561,1,0,0,0,0,0,1,4000,412511,0,0,0,1,0,0,0,1
0,0,0,0,0,0,0,2,500,413101,0,1,0,3,0,0,0,3
0,0,0,0,0,0,0,2,600,413102,0,1,0,3,0,0,0,3
0,0,0,0,0,0,0,2,700,413103,0,1,0,3,0,0,0,3
0,0,0,0,0,0,0,2,900,413104,0,1,0,3,0,0,0,3
0,0,0,0,0,0,0,2,1100,413105,0,1,0,3,0,0,0,3
21051,0,0,0,0,1,3,1,700,413111,0,1,0,1,0,0,0,1
21051,0,0,0,0,1,3,1,900,413112,0,1,0,1,0,0,0,1
21051,0,0,0,0,1,3,1,1100,413113,0,1,0,1,0,0,0,1
21051,0,0,0,0,1,3,1,1300,413114,0,1,0,1,0,0,0,1
21051,0,0,0,0,1,3,1,1500,413115,0,1,0,1,0,0,0,1
20551,1,0,0,0,0,0,1,700,413201,0,0,0,10,0,0,0,1
20551,1,0,0,0,0,0,1,900,413202,0,0,0,10,0,0,0,1
20551,1,0,0,0,0,0,1,1100,413203,0,0,0,10,0,0,0,1
20551,1,0,0,0,0,0,1,1300,413204,0,0,0,10,0,0,0,1
20551,1,0,0,0,0,0,1,1500,413205,0,0,0,10,0,0,0,1
21051,1,0,0,0,0,0,1,700,413211,0,0,0,10,0,0,0,1
21051,1,0,0,0,0,0,1,900,413212,0,0,0,10,0,0,0,1
21051,1,0,0,0,0,0,1,1100,413213,0,0,0,10,0,0,0,1
21051,1,0,0,0,0,0,1,1300,413214,0,0,0,10,0,0,0,1
21051,1,0,0,0,0,0,1,1500,413215,0,0,0,10,0,0,0,1
22461,1,0,0,0,0,0,1,1000,413301,0,0,0,1,0,0,0,1
22461,1,0,0,0,0,0,1,1500,413302,0,0,0,1,0,0,0,1
22461,1,0,0,0,0,0,1,2000,413303,0,0,0,1,0,0,0,1
22461,1,0,0,0,0,0,1,2500,413304,0,0,0,1,0,0,0,1
22461,1,0,0,0,0,0,1,3000,413305,0,0,0,1,0,0,0,1
23851,1,0,0,0,0,0,1,12,413401,0,0,0,1,0,0,0,1
23851,1,0,0,0,0,0,1,14,413402,0,0,0,1,0,0,0,1
23851,1,0,0,0,0,0,1,16,413403,0,0,0,1,0,0,0,1
23851,1,0,0,0,0,0,1,18,413404,0,0,0,1,0,0,0,1
23851,1,0,0,0,0,0,1,20,413405,0,0,0,1,0,0,0,1
0,0,0,0,0,0,0,2,1700,413501,0,1,0,3,0,0,0,3
21051,0,0,0,0,1,3,1,3000,413511,0,1,0,1,0,0,0,1
0,0,0,0,0,0,0,2,400,414101,0,1,0,3,0,0,0,3
0,0,0,0,0,0,0,2,500,414102,0,1,0,3,0,0,0,3
0,0,0,0,0,0,0,2,600,414103,0,1,0,3,0,0,0,3
0,0,0,0,0,0,0,2,700,414104,0,1,0,3,0,0,0,3
0,0,0,0,0,0,0,2,800,414105,0,1,0,3,0,0,0,3
20551,0,0,0,0,1,5,1,400,414111,0,1,0,1,0,0,0,1
20551,0,0,0,0,1,5,1,800,414112,0,1,0,1,0,0,0,1
20551,0,0,0,0,1,5,1,1200,414113,0,1,0,1,0,0,0,1
20551,0,0,0,0,1,5,1,1600,414114,0,1,0,1,0,0,0,1
20551,0,0,0,0,1,5,1,2000,414115,0,1,0,1,0,0,0,1
22251,1,0,0,0,0,0,1,600,414201,0,0,0,1,0,0,0,1
22251,1,0,0,0,0,0,1,1200,414202,0,0,0,1,0,0,0,1
22251,1,0,0,0,0,0,1,1800,414203,0,0,0,1,0,0,0,1
22251,1,0,0,0,0,0,1,2400,414204,0,0,0,1,0,0,0,1
22251,1,0,0,0,0,0,1,3000,414205,0,0,0,1,0,0,0,1
0,62,0,0,0,0,0,4,100,414301,0,1,0,1,0,0,0,1
0,62,0,0,0,0,0,4,150,414302,0,1,0,1,0,0,0,1
0,62,0,0,0,0,0,4,200,414303,0,1,0,1,0,0,0,1
0,62,0,0,0,0,0,4,250,414304,0,1,0,1,0,0,0,1
0,62,0,0,0,0,0,4,300,414305,0,1,0,1,0,0,0,1
23751,11,0,10,0,1,3,1,12,414401,0,1,0,1,0,0,0,1
23751,11,0,10,0,1,3,1,14,414402,0,1,0,1,0,0,0,1
23751,11,0,10,0,1,3,1,16,414403,0,1,0,1,0,0,0,1
23751,11,0,10,0,1,3,1,18,414404,0,1,0,1,0,0,0,1
23751,11,0,10,0,1,3,1,20,414405,0,1,0,1,0,0,0,1
0,0,0,0,0,0,0,2,1600,414501,0,1,0,3,0,0,0,3
20551,0,0,0,0,1,5,1,4000,414511,0,1,0,1,0,0,0,1
0,0,0,0,0,0,0,2,600,1101101,0,1,0,3,0,0,0,3
0,0,0,0,0,0,0,2,900,1101102,0,1,0,3,0,0,0,3
0,0,0,0,0,0,0,2,1200,1101103,0,1,0,3,0,0,0,3
0,0,0,0,0,0,0,2,1500,1101104,0,1,0,3,0,0,0,3
0,0,0,0,0,0,0,2,1800,1101105,0,1,0,3,0,0,0,3
21561,0,0,0,0,1,5,1,1000,1101111,0,1,0,3,0,0,0,3
21561,0,0,0,0,1,5,1,1500,1101112,0,1,0,3,0,0,0,3
21561,0,0,0,0,1,5,1,2000,1101113,0,1,0,3,0,0,0,3
21561,0,0,0,0,1,5,1,2500,1101114,0,1,0,3,0,0,0,3
21561,0,0,0,0,1,5,1,3000,1101115,0,1,0,3,0,0,0,3
21551,23,0,70,0,1,1,1,500,1101201,0,0,0,1,0,0,0,1
21551,23,0,70,0,1,1,1,1000,1101202,0,0,0,1,0,0,0,1
21551,23,0,70,0,1,1,1,1500,1101203,0,0,0,1,0,0,0,1
21551,23,0,70,0,1,1,1,2000,1101204,0,0,0,1,0,0,0,1
21551,23,0,70,0,1,1,1,2600,1101205,0,0,0,1,0,0,0,1
21051,23,0,70,0,1,1,1,500,1101211,0,0,0,1,0,0,0,1
21051,23,0,70,0,1,1,1,1000,1101212,0,0,0,1,0,0,0,1
21051,23,0,70,0,1,1,1,1500,1101213,0,0,0,1,0,0,0,1
21051,23,0,70,0,1,1,1,2000,1101214,0,0,0,1,0,0,0,1
21051,23,0,70,0,1,1,1,2600,1101215,0,0,0,1,0,0,0,1
0,11,0,10,0,0,0,2,200,1101301,0,1,0,3,0,0,0,3
0,11,0,10,0,0,0,2,250,1101302,0,1,0,3,0,0,0,3
0,11,0,10,0,0,0,2,300,1101303,0,1,0,3,0,0,0,3
0,11,0,10,0,0,0,2,350,1101304,0,1,0,3,0,0,0,3
0,11,0,10,0,0,0,2,400,1101305,0,1,0,3,0,0,0,3
0,11,0,10,0,0,0,4,200,1101311,0,1,0,1,0,0,0,1
0,11,0,10,0,0,0,4,225,1101312,0,1,0,1,0,0,0,1
0,11,0,10,0,0,0,4,250,1101313,0,1,0,1,0,0,0,1
0,11,0,10,0,0,0,4,275,1101314,0,1,0,1,0,0,0,1
0,11,0,10,0,0,0,4,300,1101315,0,1,0,1,0,0,0,1
0,0,0,0,0,0,0,2,400,1102101,0,1,0,3,0,0,0,3
0,0,0,0,0,0,0,2,500,1102102,0,1,0,3,0,0,0,3
0,0,0,0,0,0,0,2,600,1102103,0,1,0,3,0,0,0,3
0,0,0,0,0,0,0,2,700,1102104,0,1,0,3,0,0,0,3
0,0,0,0,0,0,0,2,800,1102105,0,1,0,3,0,0,0,3
20561,0,0,0,0,1,3,1,600,1102111,0,1,0,3,0,0,0,3
20561,0,0,0,0,1,3,1,800,1102112,0,1,0,3,0,0,0,3
20561,0,0,0,0,1,3,1,1000,1102113,0,1,0,3,0,0,0,3
20561,0,0,0,0,1,3,1,1200,1102114,0,1,0,3,0,0,0,3
20561,0,0,0,0,1,3,1,1400,1102115,0,1,0,3,0,0,0,3
22661,1,0,0,0,0,0,1,400,1102201,0,0,0,1,0,0,0,1
22661,1,0,0,0,0,0,1,800,1102202,0,0,0,1,0,0,0,1
22661,1,0,0,0,0,0,1,1200,1102203,0,0,0,1,0,0,0,1
22661,1,0,0,0,0,0,1,1600,1102204,0,0,0,1,0,0,0,1
22661,1,0,0,0,0,0,1,2000,1102205,0,0,0,1,0,0,0,1
23751,11,0,10,0,1,1,1,20,1102301,0,1,0,1,0,0,0,1
23751,11,0,10,0,1,1,1,30,1102302,0,1,0,1,0,0,0,1
23751,11,0,10,0,1,1,1,40,1102303,0,1,0,1,0,0,0,1
23751,11,0,10,0,1,1,1,50,1102304,0,1,0,1,0,0,0,1
23751,11,0,10,0,1,1,1,60,1102305,0,1,0,1,0,0,0,1
21551,11,0,10,0,1,3,1,1600,1102311,0,1,0,1,0,0,0,1
21551,11,0,10,0,1,3,1,2400,1102312,0,1,0,1,0,0,0,1
21551,11,0,10,0,1,3,1,3200,1102313,0,1,0,1,0,0,0,1
21551,11,0,10,0,1,3,1,4000,1102314,0,1,0,1,0,0,0,1
21551,11,0,10,0,1,3,1,4800,1102315,0,1,0,1,0,0,0,1
0,0,0,0,0,0,0,2,400,1103101,0,1,0,3,0,0,0,3
0,0,0,0,0,0,0,2,600,1103102,0,1,0,3,0,0,0,3
0,0,0,0,0,0,0,2,800,1103103,0,1,0,3,0,0,0,3
0,0,0,0,0,0,0,2,1000,1103104,0,1,0,3,0,0,0,3
0,0,0,0,0,0,0,2,1200,1103105,0,1,0,3,0,0,0,3
21061,0,0,0,0,1,4,1,400,1103111,0,1,0,3,0,0,0,3
21061,0,0,0,0,1,4,1,600,1103112,0,1,0,3,0,0,0,3
21061,0,0,0,0,1,4,1,800,1103113,0,1,0,3,0,0,0,3
21061,0,0,0,0,1,4,1,1000,1103114,0,1,0,3,0,0,0,3
21061,0,0,0,0,1,4,1,1200,1103115,0,1,0,3,0,0,0,3
21561,0,0,0,0,1,4,1,400,1103121,0,1,0,3,0,0,0,3
21561,0,0,0,0,1,4,1,600,1103122,0,1,0,3,0,0,0,3
21561,0,0,0,0,1,4,1,800,1103123,0,1,0,3,0,0,0,3
21561,0,0,0,0,1,4,1,1000,1103124,0,1,0,3,0,0,0,3
21561,0,0,0,0,1,4,1,1200,1103125,0,1,0,3,0,0,0,3
0,12,0,50,0,0,0,4,200,1103201,0,1,0,1,0,0,0,1
0,12,0,50,0,0,0,4,300,1103202,0,1,0,1,0,0,0,1
0,12,0,50,0,0,0,4,400,1103203,0,1,0,1,0,0,0,1
0,12,0,50,0,0,0,4,500,1103204,0,1,0,1,0,0,0,1
0,12,0,50,0,0,0,4,600,1103205,0,1,0,1,0,0,0,1
22461,1,0,0,0,0,0,1,200,1103301,0,0,0,1,0,0,0,1
22461,1,0,0,0,0,0,1,400,1103302,0,0,0,1,0,0,0,1
22461,1,0,0,0,0,0,1,600,1103303,0,0,0,1,0,0,0,1
22461,1,0,0,0,0,0,1,800,1103304,0,0,0,1,0,0,0,1
22461,1,0,0,0,0,0,1,1000,1103305,0,0,0,1,0,0,0,1
0,0,0,0,0,0,0,2,400,1104101,0,1,0,3,0,0,0,3
0,0,0,0,0,0,0,2,600,1104102,0,1,0,3,0,0,0,3
0,0,0,0,0,0,0,2,800,1104103,0,1,0,3,0,0,0,3
0,0,0,0,0,0,0,2,1000,1104104,0,1,0,3,0,0,0,3
0,0,0,0,0,0,0,2,1400,1104105,0,1,0,3,0,0,0,3
21051,24,0,80,0,1,1,1,1800,1104201,0,0,0,1,0,0,0,1
21051,24,0,80,0,1,1,1,2400,1104202,0,0,0,1,0,0,0,1
21051,24,0,80,0,1,1,1,3000,1104203,0,0,0,1,0,0,0,1
21051,24,0,80,0,1,1,1,3600,1104204,0,0,0,1,0,0,0,1
21051,24,0,80,0,1,1,1,4200,1104205,0,0,0,1,0,0,0,1
21551,24,0,80,0,1,1,1,1800,1104211,0,0,0,1,0,0,0,1
21551,24,0,80,0,1,1,1,2400,1104212,0,0,0,1,0,0,0,1
21551,24,0,80,0,1,1,1,3000,1104213,0,0,0,1,0,0,0,1
21551,24,0,80,0,1,1,1,3600,1104214,0,0,0,1,0,0,0,1
21551,24,0,80,0,1,1,1,4200,1104215,0,0,0,1,0,0,0,1
0,11,0,10,0,0,0,2,200,1104301,0,1,0,3,0,0,0,3
0,11,0,10,0,0,0,2,250,1104302,0,1,0,3,0,0,0,3
0,11,0,10,0,0,0,2,300,1104303,0,1,0,3,0,0,0,3
0,11,0,10,0,0,0,2,350,1104304,0,1,0,3,0,0,0,3
0,11,0,10,0,0,0,2,400,1104305,0,1,0,3,0,0,0,3
21061,0,0,0,0,1,3,1,1500,1105101,0,1,0,3,0,0,0,3
21061,0,0,0,0,1,3,1,2000,1105102,0,1,0,3,0,0,0,3
21061,0,0,0,0,1,3,1,2500,1105103,0,1,0,3,0,0,0,3
21061,0,0,0,0,1,3,1,3000,1105104,0,1,0,3,0,0,0,3
21061,0,0,0,0,1,3,1,3500,1105105,0,1,0,3,0,0,0,3
21561,0,0,0,0,1,3,1,1500,1105111,0,1,0,3,0,0,0,3
21561,0,0,0,0,1,3,1,2000,1105112,0,1,0,3,0,0,0,3
21561,0,0,0,0,1,3,1,2500,1105113,0,1,0,3,0,0,0,3
21561,0,0,0,0,1,3,1,3000,1105114,0,1,0,3,0,0,0,3
21561,0,0,0,0,1,3,1,3500,1105115,0,1,0,3,0,0,0,3
22561,1,0,0,0,0,0,1,200,1105201,0,0,0,1,0,0,0,1
22561,1,0,0,0,0,0,1,400,1105202,0,0,0,1,0,0,0,1
22561,1,0,0,0,0,0,1,600,1105203,0,0,0,1,0,0,0,1
22561,1,0,0,0,0,0,1,800,1105204,0,0,0,1,0,0,0,1
22561,1,0,0,0,0,0,1,1000,1105205,0,0,0,1,0,0,0,1
0,11,0,2,0,0,0,2,800,1105301,0,1,0,3,0,0,0,3
0,11,0,2,0,0,0,2,1200,1105302,0,1,0,3,0,0,0,3
0,11,0,2,0,0,0,2,1600,1105303,0,1,0,3,0,0,0,3
0,11,0,2,0,0,0,2,2000,1105304,0,1,0,3,0,0,0,3
0,11,0,2,0,0,0,2,2400,1105305,0,1,0,3,0,0,0,3
0,0,0,0,0,0,0,2,500,1106101,0,1,0,3,0,0,0,3
0,0,0,0,0,0,0,2,700,1106102,0,1,0,3,0,0,0,3
0,0,0,0,0,0,0,2,900,1106103,0,1,0,3,0,0,0,3
0,0,0,0,0,0,0,2,1200,1106104,0,1,0,3,0,0,0,3
0,0,0,0,0,0,0,2,1500,1106105,0,1,0,3,0,0,0,3
20551,0,0,0,0,1,2,1,1400,1106111,0,1,0,1,0,0,0,1
20551,0,0,0,0,1,2,1,2000,1106112,0,1,0,1,0,0,0,1
20551,0,0,0,0,1,2,1,2600,1106113,0,1,0,1,0,0,0,1
20551,0,0,0,0,1,2,1,3200,1106114,0,1,0,1,0,0,0,1
20551,0,0,0,0,1,2,1,3800,1106115,0,1,0,1,0,0,0,1
20551,11,0,5,0,1,3,1,2000,1106201,0,1,0,1,0,0,0,1
20551,11,0,5,0,1,3,1,3000,1106202,0,1,0,1,0,0,0,1
20551,11,0,5,0,1,3,1,4000,1106203,0,1,0,1,0,0,0,1
20551,11,0,5,0,1,3,1,5000,1106204,0,1,0,1,0,0,0,1
20551,11,0,5,0,1,3,1,6000,1106205,0,1,0,1,0,0,0,1
23751,12,0,50,0,1,1,1,20,1106301,0,1,0,1,0,0,0,1
23751,12,0,50,0,1,1,1,30,1106302,0,1,0,1,0,0,0,1
23751,12,0,50,0,1,1,1,40,1106303,0,1,0,1,0,0,0,1
23751,12,0,50,0,1,1,1,50,1106304,0,1,0,1,0,0,0,1
23751,12,0,50,0,1,1,1,60,1106305,0,1,0,1,0,0,0,1
22351,0,0,0,0,1,5,1,800,1107101,0,1,0,1,0,0,0,1
22351,0,0,0,0,1,5,1,1200,1107102,0,1,0,1,0,0,0,1
22351,0,0,0,0,1,5,1,1600,1107103,0,1,0,1,0,0,0,1
22351,0,0,0,0,1,5,1,2000,1107104,0,1,0,1,0,0,0,1
22351,0,0,0,0,1,5,1,2400,1107105,0,1,0,1,0,0,0,1
21551,1,0,0,0,0,0,1,800,1107201,0,0,0,1,0,0,0,1
21551,1,0,0,0,0,0,1,1600,1107202,0,0,0,1,0,0,0,1
21551,1,0,0,0,0,0,1,2400,1107203,0,0,0,1,0,0,0,1
21551,1,0,0,0,0,0,1,3200,1107204,0,0,0,1,0,0,0,1
21551,1,0,0,0,0,0,1,4000,1107205,0,0,0,1,0,0,0,1
20551,24,0,70,0,1,1,1,800,1107301,0,0,0,1,0,0,0,1
20551,24,0,70,0,1,1,1,1200,1107302,0,0,0,1,0,0,0,1
20551,24,0,70,0,1,1,1,1600,1107303,0,0,0,1,0,0,0,1
20551,24,0,70,0,1,1,1,2000,1107304,0,0,0,1,0,0,0,1
20551,24,0,70,0,1,1,1,2600,1107305,0,0,0,1,0,0,0,1
22261,0,0,0,0,1,5,1,600,1108101,0,1,0,3,0,0,0,3
22261,0,0,0,0,1,5,1,1200,1108102,0,1,0,3,0,0,0,3
22261,0,0,0,0,1,5,1,1800,1108103,0,1,0,3,0,0,0,3
22261,0,0,0,0,1,5,1,2400,1108104,0,1,0,3,0,0,0,3
22261,0,0,0,0,1,5,1,3000,1108105,0,1,0,3,0,0,0,3
23751,11,0,10,0,1,1,1,6,1108201,0,1,0,1,0,0,0,1
23751,11,0,10,0,1,1,1,9,1108202,0,1,0,1,0,0,0,1
23751,11,0,10,0,1,1,1,12,1108203,0,1,0,1,0,0,0,1
23751,11,0,10,0,1,1,1,15,1108204,0,1,0,1,0,0,0,1
23751,11,0,10,0,1,1,1,20,1108205,0,1,0,1,0,0,0,1
0,11,0,10,0,0,0,4,100,1108301,0,1,0,1,0,0,0,1
0,11,0,10,0,0,0,4,120,1108302,0,1,0,1,0,0,0,1
0,11,0,10,0,0,0,4,140,1108303,0,1,0,1,0,0,0,1
0,11,0,10,0,0,0,4,160,1108304,0,1,0,1,0,0,0,1
0,11,0,10,0,0,0,4,200,1108305,0,1,0,1,0,0,0,1
0,0,0,0,0,0,0,2,1000,1109101,0,1,0,3,0,0,0,3
0,0,0,0,0,0,0,2,1250,1109102,0,1,0,3,0,0,0,3
0,0,0,0,0,0,0,2,1500,1109103,0,1,0,3,0,0,0,3
0,0,0,0,0,0,0,2,1750,1109104,0,1,0,3,0,0,0,3
0,0,0,0,0,0,0,2,2000,1109105,0,1,0,3,0,0,0,3
22351,23,0,50,0,1,1,1,1200,1109201,0,1,0,1,0,0,0,1
22351,23,0,50,0,1,1,1,1800,1109202,0,1,0,1,0,0,0,1
22351,23,0,50,0,1,1,1,2400,1109203,0,1,0,1,0,0,0,1
22351,23,0,50,0,1,1,1,3000,1109204,0,1,0,1,0,0,0,1
22351,23,0,50,0,1,1,1,3600,1109205,0,1,0,1,0,0,0,1
22661,23,0,50,0,1,1,1,1200,1109211,0,1,0,1,0,0,0,1
22661,23,0,50,0,1,1,1,1800,1109212,0,1,0,1,0,0,0,1
22661,23,0,50,0,1,1,1,2400,1109213,0,1,0,1,0,0,0,1
22661,23,0,50,0,1,1,1,3000,1109214,0,1,0,1,0,0,0,1
22661,23,0,50,0,1,1,1,3600,1109215,0,1,0,1,0,0,0,1
0,11,0,10,0,0,0,4,200,1109301,0,1,0,1,0,0,0,1
0,11,0,10,0,0,0,4,220,1109302,0,1,0,1,0,0,0,1
0,11,0,10,0,0,0,4,240,1109303,0,1,0,1,0,0,0,1
0,11,0,10,0,0,0,4,260,1109304,0,1,0,1,0,0,0,1
0,11,0,10,0,0,0,4,300,1109305,0,1,0,1,0,0,0,1
23751,11,0,10,0,1,1,1,20,1109311,0,1,0,1,0,0,0,1
23751,11,0,10,0,1,1,1,25,1109312,0,1,0,1,0,0,0,1
23751,11,0,10,0,1,1,1,30,1109313,0,1,0,1,0,0,0,1
23751,11,0,10,0,1,1,1,35,1109314,0,1,0,1,0,0,0,1
23751,11,0,10,0,1,1,1,40,1109315,0,1,0,1,0,0,0,1
0,11,0,5,0,0,0,2,400,1109401,0,1,0,3,0,0,0,3
0,11,0,5,0,0,0,2,600,1109402,0,1,0,3,0,0,0,3
0,11,0,5,0,0,0,2,800,1109403,0,1,0,3,0,0,0,3
0,11,0,5,0,0,0,2,1000,1109404,0,1,0,3,0,0,0,3
0,11,0,5,0,0,0,2,1200,1109405,0,1,0,3,0,0,0,3
0,0,0,0,0,0,0,2,1000000,1201101,0,1,0,10,0,0,0,3
0,0,0,0,0,0,0,2,1000000,1201102,0,1,0,10,0,0,0,3
0,0,0,0,0,0,0,2,1000000,1201103,0,1,0,10,0,0,0,3
0,0,0,0,0,0,0,2,1000000,1201104,0,1,0,10,0,0,0,3
0,0,0,0,0,0,0,2,1000000,1201105,0,1,0,10,0,0,0,3
22261,1,0,0,0,0,0,1,9000,1201201,0,0,0,10,0,0,0,1
22261,1,0,0,0,0,0,1,9000,1201202,0,0,0,10,0,0,0,1
22261,1,0,0,0,0,0,1,9000,1201203,0,0,0,10,0,0,0,1
22261,1,0,0,0,0,0,1,9000,1201204,0,0,0,10,0,0,0,1
22261,1,0,0,0,0,0,1,9000,1201205,0,0,0,10,0,0,0,1
20151,11,0,99,0,1,1,1,10000,1201301,0,1,0,4,0,0,0,3
20151,11,0,99,0,1,1,1,10000,1201302,0,1,0,4,0,0,0,3
20151,11,0,99,0,1,1,1,10000,1201303,0,1,0,4,0,0,0,3
20151,11,0,99,0,1,1,1,10000,1201304,0,1,0,4,0,0,0,3
20151,11,0,99,0,1,1,1,10000,1201305,0,1,0,4,0,0,0,3
0,0,0,0,0,0,0,2,1000000,1202101,0,1,0,10,0,0,0,3
0,0,0,0,0,0,0,2,1000000,1202102,0,1,0,10,0,0,0,3
0,0,0,0,0,0,0,2,1000000,1202103,0,1,0,10,0,0,0,3
0,0,0,0,0,0,0,2,1000000,1202104,0,1,0,10,0,0,0,3
0,0,0,0,0,0,0,2,1000000,1202105,0,1,0,10,0,0,0,3
22261,1,0,0,0,0,0,1,9000,1202201,0,0,0,10,0,0,0,1
22261,1,0,0,0,0,0,1,9000,1202202,0,0,0,10,0,0,0,1
22261,1,0,0,0,0,0,1,9000,1202203,0,0,0,10,0,0,0,1
22261,1,0,0,0,0,0,1,9000,1202204,0,0,0,10,0,0,0,1
22261,1,0,0,0,0,0,1,9000,1202205,0,0,0,10,0,0,0,1
20251,11,0,99,0,1,1,1,10000,1202301,0,1,0,5,0,0,0,3
20251,11,0,99,0,1,1,1,10000,1202302,0,1,0,5,0,0,0,3
20251,11,0,99,0,1,1,1,10000,1202303,0,1,0,5,0,0,0,3
20251,11,0,99,0,1,1,1,10000,1202304,0,1,0,5,0,0,0,3
20251,11,0,99,0,1,1,1,10000,1202305,0,1,0,5,0,0,0,3
0,0,0,0,0,0,0,2,1000000,1203101,0,1,0,10,0,0,0,3
0,0,0,0,0,0,0,2,1000000,1203102,0,1,0,10,0,0,0,3
0,0,0,0,0,0,0,2,1000000,1203103,0,1,0,10,0,0,0,3
0,0,0,0,0,0,0,2,1000000,1203104,0,1,0,10,0,0,0,3
0,0,0,0,0,0,0,2,1000000,1203105,0,1,0,10,0,0,0,3
22261,1,0,0,0,0,0,1,9000,1203201,0,0,0,10,0,0,0,1
22261,1,0,0,0,0,0,1,9000,1203202,0,0,0,10,0,0,0,1
22261,1,0,0,0,0,0,1,9000,1203203,0,0,0,10,0,0,0,1
22261,1,0,0,0,0,0,1,9000,1203204,0,0,0,10,0,0,0,1
22261,1,0,0,0,0,0,1,9000,1203205,0,0,0,10,0,0,0,1
20351,11,0,99,0,1,1,1,10000,1203301,0,1,0,6,0,0,0,3
20351,11,0,99,0,1,1,1,10000,1203302,0,1,0,6,0,0,0,3
20351,11,0,99,0,1,1,1,10000,1203303,0,1,0,6,0,0,0,3
20351,11,0,99,0,1,1,1,10000,1203304,0,1,0,6,0,0,0,3
20351,11,0,99,0,1,1,1,10000,1203305,0,1,0,6,0,0,0,3
0,0,0,0,0,0,0,2,1000000,1204101,0,1,0,10,0,0,0,3
0,0,0,0,0,0,0,2,1000000,1204102,0,1,0,10,0,0,0,3
0,0,0,0,0,0,0,2,1000000,1204103,0,1,0,10,0,0,0,3
0,0,0,0,0,0,0,2,1000000,1204104,0,1,0,10,0,0,0,3
0,0,0,0,0,0,0,2,1000000,1204105,0,1,0,10,0,0,0,3
22261,1,0,0,0,0,0,1,9000,1204201,0,0,0,10,0,0,0,1
22261,1,0,0,0,0,0,1,9000,1204202,0,0,0,10,0,0,0,1
22261,1,0,0,0,0,0,1,9000,1204203,0,0,0,10,0,0,0,1
22261,1,0,0,0,0,0,1,9000,1204204,0,0,0,10,0,0,0,1
22261,1,0,0,0,0,0,1,9000,1204205,0,0,0,10,0,0,0,1
20451,11,0,99,0,1,1,1,10000,1204301,0,1,0,7,0,0,0,3
20451,11,0,99,0,1,1,1,10000,1204302,0,1,0,7,0,0,0,3
20451,11,0,99,0,1,1,1,10000,1204303,0,1,0,7,0,0,0,3
20451,11,0,99,0,1,1,1,10000,1204304,0,1,0,7,0,0,0,3
20451,11,0,99,0,1,1,1,10000,1204305,0,1,0,7,0,0,0,3
0,0,0,0,0,0,0,2,200,1301101,0,1,0,3,0,0,0,3
0,0,0,0,0,0,0,2,300,1301102,0,1,0,3,0,0,0,3
0,0,0,0,0,0,0,2,400,1301103,0,1,0,3,0,0,0,3
0,0,0,0,0,0,0,2,500,1301104,0,1,0,3,0,0,0,3
0,0,0,0,0,0,0,2,600,1301105,0,1,0,3,0,0,0,3
21051,1,0,0,0,0,0,1,1000,1301201,0,0,0,1,0,0,0,1
21051,1,0,0,0,0,0,1,1200,1301202,0,0,0,1,0,0,0,1
21051,1,0,0,0,0,0,1,1400,1301203,0,0,0,1,0,0,0,1
21051,1,0,0,0,0,0,1,1600,1301204,0,0,0,1,0,0,0,1
21051,1,0,0,0,0,0,1,1500,1301205,0,0,0,1,0,0,0,1
21551,1,0,0,0,0,0,1,2000,1301301,0,0,0,1,0,0,0,1
21551,1,0,0,0,0,0,1,2500,1301302,0,0,0,1,0,0,0,1
21551,1,0,0,0,0,0,1,3000,1301303,0,0,0,1,0,0,0,1
21551,1,0,0,0,0,0,1,3500,1301304,0,0,0,1,0,0,0,1
21551,1,0,0,0,0,0,1,4000,1301305,0,0,0,1,0,0,0,1
0,0,0,0,0,0,0,2,200,1302101,0,1,0,3,0,0,0,3
0,0,0,0,0,0,0,2,300,1302102,0,1,0,3,0,0,0,3
0,0,0,0,0,0,0,2,400,1302103,0,1,0,3,0,0,0,3
0,0,0,0,0,0,0,2,500,1302104,0,1,0,3,0,0,0,3
0,0,0,0,0,0,0,2,600,1302105,0,1,0,3,0,0,0,3
20551,1,0,0,0,0,0,1,2000,1302201,0,0,0,1,0,0,0,1
20551,1,0,0,0,0,0,1,2500,1302202,0,0,0,1,0,0,0,1
20551,1,0,0,0,0,0,1,3000,1302203,0,0,0,1,0,0,0,1
20551,1,0,0,0,0,0,1,3500,1302204,0,0,0,1,0,0,0,1
20551,1,0,0,0,0,0,1,4000,1302205,0,0,0,1,0,0,0,1
22251,1,0,0,0,0,0,1,200,1302301,0,0,0,1,0,0,0,1
22251,1,0,0,0,0,0,1,400,1302302,0,0,0,1,0,0,0,1
22251,1,0,0,0,0,0,1,600,1302303,0,0,0,1,0,0,0,1
22251,1,0,0,0,0,0,1,800,1302304,0,0,0,1,0,0,0,1
22251,1,0,0,0,0,0,1,1000,1302305,0,0,0,1,0,0,0,1
0,0,0,0,0,0,0,2,200,1303101,0,1,0,3,0,0,0,3
0,0,0,0,0,0,0,2,300,1303102,0,1,0,3,0,0,0,3
0,0,0,0,0,0,0,2,400,1303103,0,1,0,3,0,0,0,3
0,0,0,0,0,0,0,2,500,1303104,0,1,0,3,0,0,0,3
0,0,0,0,0,0,0,2,600,1303105,0,1,0,3,0,0,0,3
20551,1,0,0,0,0,0,1,1000,1303201,0,0,0,1,0,0,0,1
20551,1,0,0,0,0,0,1,1200,1303202,0,0,0,1,0,0,0,1
20551,1,0,0,0,0,0,1,1400,1303203,0,0,0,1,0,0,0,1
20551,1,0,0,0,0,0,1,1600,1303204,0,0,0,1,0,0,0,1
20551,1,0,0,0,0,0,1,2000,1303205,0,0,0,1,0,0,0,1
21561,11,0,10,0,1,4,1,1200,1303301,0,0,0,3,0,0,0,3
21561,11,0,10,0,1,4,1,1600,1303302,0,0,0,3,0,0,0,3
21561,11,0,10,0,1,4,1,2000,1303303,0,0,0,3,0,0,0,3
21561,11,0,10,0,1,4,1,2400,1303304,0,0,0,3,0,0,0,3
21561,11,0,10,0,1,4,1,2800,1303305,0,0,0,3,0,0,0,3
0,0,0,0,0,0,0,2,200,1304101,0,1,0,3,0,0,0,3
0,0,0,0,0,0,0,2,300,1304102,0,1,0,3,0,0,0,3
0,0,0,0,0,0,0,2,400,1304103,0,1,0,3,0,0,0,3
0,0,0,0,0,0,0,2,500,1304104,0,1,0,3,0,0,0,3
0,0,0,0,0,0,0,2,600,1304105,0,1,0,3,0,0,0,3
20551,1,0,0,0,0,0,1,1000,1304201,0,0,0,1,0,0,0,1
20551,1,0,0,0,0,0,1,1500,1304202,0,0,0,1,0,0,0,1
20551,1,0,0,0,0,0,1,2000,1304203,0,0,0,1,0,0,0,1
20551,1,0,0,0,0,0,1,2500,1304204,0,0,0,1,0,0,0,1
20551,1,0,0,0,0,0,1,3000,1304205,0,0,0,1,0,0,0,1
21551,1,0,0,0,0,0,1,1000,1304301,0,0,0,1,0,0,0,1
21551,1,0,0,0,0,0,1,1500,1304302,0,0,0,1,0,0,0,1
21551,1,0,0,0,0,0,1,2000,1304303,0,0,0,1,0,0,0,1
21551,1,0,0,0,0,0,1,2500,1304304,0,0,0,1,0,0,0,1
21551,1,0,0,0,0,0,1,3000,1304305,0,0,0,1,0,0,0,1
0,0,0,0,0,0,0,2,200,1305101,0,1,0,3,0,0,0,3
0,0,0,0,0,0,0,2,300,1305102,0,1,0,3,0,0,0,3
0,0,0,0,0,0,0,2,400,1305103,0,1,0,3,0,0,0,3
0,0,0,0,0,0,0,2,500,1305104,0,1,0,3,0,0,0,3
0,0,0,0,0,0,0,2,600,1305105,0,1,0,3,0,0,0,3
20561,11,0,10,0,1,3,1,600,1305201,0,0,0,3,0,0,0,3
20561,11,0,10,0,1,3,1,800,1305202,0,0,0,3,0,0,0,3
20561,11,0,10,0,1,3,1,1000,1305203,0,0,0,3,0,0,0,3
20561,11,0,10,0,1,3,1,1200,1305204,0,0,0,3,0,0,0,3
20561,11,0,10,0,1,3,1,1600,1305205,0,0,0,3,0,0,0,3
21061,11,0,10,0,1,4,1,1200,1305301,0,0,0,3,0,0,0,3
21061,11,0,10,0,1,4,1,1600,1305302,0,0,0,3,0,0,0,3
21061,11,0,10,0,1,4,1,2000,1305303,0,0,0,3,0,0,0,3
21061,11,0,10,0,1,4,1,2400,1305304,0,0,0,3,0,0,0,3
21061,11,0,10,0,1,4,1,2800,1305305,0,0,0,3,0,0,0,3
0,0,0,0,0,0,0,2,400,1306101,0,1,0,3,0,0,0,3
0,0,0,0,0,0,0,2,600,1306102,0,1,0,3,0,0,0,3
0,0,0,0,0,0,0,2,800,1306103,0,1,0,3,0,0,0,3
0,0,0,0,0,0,0,2,1000,1306104,0,1,0,3,0,0,0,3
0,0,0,0,0,0,0,2,1200,1306105,0,1,0,3,0,0,0,3
20561,0,0,0,0,1,3,1,1200,1306111,0,1,0,3,0,0,0,3
20561,0,0,0,0,1,3,1,1600,1306112,0,1,0,3,0,0,0,3
20561,0,0,0,0,1,3,1,2000,1306113,0,1,0,3,0,0,0,3
20561,0,0,0,0,1,3,1,2400,1306114,0,1,0,3,0,0,0,3
20561,0,0,0,0,1,3,1,2800,1306115,0,1,0,3,0,0,0,3
20561,11,0,10,0,1,2,1,600,1306201,0,0,0,3,0,0,0,3
20561,11,0,10,0,1,2,1,900,1306202,0,0,0,3,0,0,0,3
20561,11,0,10,0,1,2,1,1200,1306203,0,0,0,3,0,0,0,3
20561,11,0,10,0,1,2,1,1500,1306204,0,0,0,3,0,0,0,3
20561,11,0,10,0,1,2,1,1800,1306205,0,0,0,3,0,0,0,3
23751,11,0,10,0,1,1,1,20,1306301,0,0,0,1,0,0,0,1
23751,11,0,10,0,1,1,1,30,1306302,0,0,0,1,0,0,0,1
23751,11,0,10,0,1,1,1,40,1306303,0,0,0,1,0,0,0,1
23751,11,0,10,0,1,1,1,50,1306304,0,0,0,1,0,0,0,1
23751,11,0,10,0,1,1,1,60,1306305,0,0,0,1,0,0,0,1
0,0,0,0,0,0,0,2,200,1307101,0,1,0,3,0,0,0,3
0,0,0,0,0,0,0,2,400,1307102,0,1,0,3,0,0,0,3
0,0,0,0,0,0,0,2,600,1307103,0,1,0,3,0,0,0,3
0,0,0,0,0,0,0,2,800,1307104,0,1,0,3,0,0,0,3
0,0,0,0,0,0,0,2,1000,1307105,0,1,0,3,0,0,0,3
21051,0,0,0,0,1,3,1,2400,1307111,0,1,0,1,0,0,0,1
21051,0,0,0,0,1,3,1,3200,1307112,0,1,0,1,0,0,0,1
21051,0,0,0,0,1,3,1,4000,1307113,0,1,0,1,0,0,0,1
21051,0,0,0,0,1,3,1,4800,1307114,0,1,0,1,0,0,0,1
21051,0,0,0,0,1,3,1,5600,1307115,0,1,0,1,0,0,0,1
21551,1,0,0,0,0,0,1,2000,1307201,0,0,0,1,0,0,0,1
21551,1,0,0,0,0,0,1,2500,1307202,0,0,0,1,0,0,0,1
21551,1,0,0,0,0,0,1,3000,1307203,0,0,0,1,0,0,0,1
21551,1,0,0,0,0,0,1,3500,1307204,0,0,0,1,0,0,0,1
21551,1,0,0,0,0,0,1,4000,1307205,0,0,0,1,0,0,0,1
0,11,0,10,0,0,0,4,100,1307301,0,0,0,1,0,0,0,1
0,11,0,10,0,0,0,4,150,1307302,0,0,0,1,0,0,0,1
0,11,0,10,0,0,0,4,200,1307303,0,0,0,1,0,0,0,1
0,11,0,10,0,0,0,4,250,1307304,0,0,0,1,0,0,0,1
0,11,0,10,0,0,0,4,300,1307305,0,0,0,1,0,0,0,1
0,0,0,0,0,0,0,2,300,1308101,0,1,0,3,0,0,0,3
0,0,0,0,0,0,0,2,500,1308102,0,1,0,3,0,0,0,3
0,0,0,0,0,0,0,2,700,1308103,0,1,0,3,0,0,0,3
0,0,0,0,0,0,0,2,1000,1308104,0,1,0,3,0,0,0,3
0,0,0,0,0,0,0,2,1400,1308105,0,1,0,3,0,0,0,3
20551,0,0,0,0,1,3,1,2400,1308111,0,1,0,1,0,0,0,1
20551,0,0,0,0,1,3,1,3200,1308112,0,1,0,1,0,0,0,1
20551,0,0,0,0,1,3,1,4000,1308113,0,1,0,1,0,0,0,1
20551,0,0,0,0,1,3,1,4800,1308114,0,1,0,1,0,0,0,1
20551,0,0,0,0,1,3,1,5600,1308115,0,1,0,1,0,0,0,1
20551,1,0,0,0,0,0,1,1000,1308201,0,0,0,1,0,0,0,1
20551,1,0,0,0,0,0,1,1200,1308202,0,0,0,1,0,0,0,1
20551,1,0,0,0,0,0,1,1400,1308203,0,0,0,1,0,0,0,1
20551,1,0,0,0,0,0,1,1600,1308204,0,0,0,1,0,0,0,1
20551,1,0,0,0,0,0,1,2000,1308205,0,0,0,1,0,0,0,1
22251,1,0,0,0,0,0,1,1000,1308301,0,0,0,1,0,0,0,1
22251,1,0,0,0,0,0,1,1200,1308302,0,0,0,1,0,0,0,1
22251,1,0,0,0,0,0,1,1400,1308303,0,0,0,1,0,0,0,1
22251,1,0,0,0,0,0,1,1600,1308304,0,0,0,1,0,0,0,1
22251,1,0,0,0,0,0,1,2000,1308305,0,0,0,1,0,0,0,1
0,0,0,0,0,0,0,2,400,1309101,0,1,0,3,0,0,0,3
0,0,0,0,0,0,0,2,600,1309102,0,1,0,3,0,0,0,3
0,0,0,0,0,0,0,2,800,1309103,0,1,0,3,0,0,0,3
0,0,0,0,0,0,0,2,1000,1309104,0,1,0,3,0,0,0,3
0,0,0,0,0,0,0,2,1300,1309105,0,1,0,3,0,0,0,3
21061,0,0,0,0,1,4,1,800,1309111,0,1,0,3,0,0,0,3
21061,0,0,0,0,1,4,1,1200,1309112,0,1,0,3,0,0,0,3
21061,0,0,0,0,1,4,1,1600,1309113,0,1,0,3,0,0,0,3
21061,0,0,0,0,1,4,1,2000,1309114,0,1,0,3,0,0,0,3
21061,0,0,0,0,1,4,1,2400,1309115,0,1,0,3,0,0,0,3
0,11,0,10,0,0,0,2,200,1309201,0,0,0,3,0,0,0,3
0,11,0,10,0,0,0,2,250,1309202,0,0,0,3,0,0,0,3
0,11,0,10,0,0,0,2,300,1309203,0,0,0,3,0,0,0,3
0,11,0,10,0,0,0,2,350,1309204,0,0,0,3,0,0,0,3
0,11,0,10,0,0,0,2,400,1309205,0,0,0,3,0,0,0,3
21561,11,0,10,0,1,4,1,900,1309301,0,0,0,3,0,0,0,3
21561,11,0,10,0,1,4,1,1200,1309302,0,0,0,3,0,0,0,3
21561,11,0,10,0,1,4,1,1500,1309303,0,0,0,3,0,0,0,3
21561,11,0,10,0,1,4,1,1800,1309304,0,0,0,3,0,0,0,3
21561,11,0,10,0,1,4,1,2100,1309305,0,0,0,3,0,0,0,3
0,0,0,0,0,0,0,2,400,1401101,0,1,0,3,0,0,0,3
0,0,0,0,0,0,0,2,500,1401102,0,1,0,3,0,0,0,3
0,0,0,0,0,0,0,2,600,1401103,0,1,0,3,0,0,0,3
0,0,0,0,0,0,0,2,700,1401104,0,1,0,3,0,0,0,3
0,0,0,0,0,0,0,2,800,1401105,0,1,0,3,0,0,0,3
20561,0,0,0,0,1,3,1,600,1401111,0,1,0,3,0,0,0,3
20561,0,0,0,0,1,3,1,800,1401112,0,1,0,3,0,0,0,3
20561,0,0,0,0,1,3,1,1000,1401113,0,1,0,3,0,0,0,3
20561,0,0,0,0,1,3,1,1200,1401114,0,1,0,3,0,0,0,3
20561,0,0,0,0,1,3,1,1400,1401115,0,1,0,3,0,0,0,3
22661,1,0,0,0,0,0,1,400,1401201,0,0,0,1,0,0,0,1
22661,1,0,0,0,0,0,1,800,1401202,0,0,0,1,0,0,0,1
22661,1,0,0,0,0,0,1,1200,1401203,0,0,0,1,0,0,0,1
22661,1,0,0,0,0,0,1,1600,1401204,0,0,0,1,0,0,0,1
22661,1,0,0,0,0,0,1,2000,1401205,0,0,0,1,0,0,0,1
23751,11,0,10,0,1,1,1,20,1401301,0,1,0,1,0,0,0,1
23751,11,0,10,0,1,1,1,30,1401302,0,1,0,1,0,0,0,1
23751,11,0,10,0,1,1,1,40,1401303,0,1,0,1,0,0,0,1
23751,11,0,10,0,1,1,1,50,1401304,0,1,0,1,0,0,0,1
23751,11,0,10,0,1,1,1,60,1401305,0,1,0,1,0,0,0,1
21551,11,0,10,0,1,3,1,1600,1401311,0,1,0,1,0,0,0,1
21551,11,0,10,0,1,3,1,2400,1401312,0,1,0,1,0,0,0,1
21551,11,0,10,0,1,3,1,3200,1401313,0,1,0,1,0,0,0,1
21551,11,0,10,0,1,3,1,4000,1401314,0,1,0,1,0,0,0,1
21551,11,0,10,0,1,3,1,4800,1401315,0,1,0,1,0,0,0,1
