idx,item_count,item_id,reward_id
1,5,151002,1001
2,3,21003,1002
3,1,31003,1003
4,1,151002,1004
5,5,131004,1005
6,100,10100001,1006
7,1,112001,1007
8,3,22003,1008
9,100,11012,1009
10,1,141003,1010
11,1,141002,1011
12,3,23003,1012
13,1,31003,1013
14,1,151002,1014
15,1,201001,1015
16,100,10100001,1016
17,1,112001,1017
18,3,24003,1018
19,100,11012,1019
20,1,151003,1020
21,1,141002,1021
22,3,21003,1022
23,1,31003,1023
24,1,151002,1024
25,1,202002,1025
26,100,10100001,1026
27,1,112001,1027
28,3,22003,1028
29,100,11012,1029
30,20,25001,1030
31,1,141002,1031
32,3,23003,1032
33,1,31003,1033
34,1,151002,1034
35,1,121101,1035
36,100,10100001,1036
37,1,112001,1037
38,3,24003,1038
39,100,11012,1039
40,5,10100002,1040
41,1,141002,1041
42,3,21003,1042
43,2,31003,1043
44,1,151002,1044
45,10,192001,1045
46,100,10100001,1046
47,1,112001,1047
48,3,22003,1048
49,100,11012,1049
50,1,292002,1050
51,5,141003,1051
52,5,151003,1051
53,3,31003,1052
54,1,202001,1052
55,20,25001,1053
56,1,21005,1053
57,2,10100002,1054
58,100,10100001,1054
59,1,112001,1055
60,300,11012,1055
61,3,141002,1056
62,3,151002,1056
63,3,31003,1057
64,1,201001,1057
65,20,25001,1058
66,1,22005,1058
67,1,10100002,1059
68,200,10100001,1059
69,1,112001,1060
70,300,11012,1060
71,3,141002,1061
72,3,151002,1061
73,3,31003,1062
74,1,171001,1062
75,20,25001,1063
76,1,23005,1063
77,2,10100002,1064
78,100,10100001,1064
79,1,112001,1065
80,300,11012,1065
81,3,141002,1066
82,3,151002,1066
83,3,31003,1067
84,1,120301,1067
85,20,25001,1068
86,1,24005,1068
87,1,10100002,1069
88,200,10100001,1069
89,1,112001,1070
90,300,11012,1070
91,3,141002,1071
92,3,151002,1071
93,3,31003,1072
94,1,120401,1072
95,20,25001,1073
96,1,21005,1073
97,2,10100002,1074
98,100,10100001,1074
99,1,112001,1075
100,300,11012,1075
101,3,141002,1076
102,3,151002,1076
103,3,31003,1077
104,1,201001,1077
105,20,25001,1078
106,1,22005,1078
107,1,10100002,1079
108,200,10100001,1079
109,1,112001,1080
110,300,11012,1080
111,3,141002,1081
112,3,151002,1081
113,3,31003,1082
114,1,202002,1082
115,20,25001,1083
116,1,23005,1083
117,2,10100002,1084
118,100,10100001,1084
119,1,112001,1085
120,300,11012,1085
121,3,141002,1086
122,3,151002,1086
123,3,31003,1087
124,1,120101,1087
125,20,25001,1088
126,1,24005,1088
127,1,10100002,1089
128,200,10100001,1089
129,1,112001,1090
130,300,11012,1090
131,3,141002,1091
132,3,151002,1091
133,3,31003,1092
134,1,51006,1092
135,20,25001,1093
136,1,21005,1093
137,2,10100002,1094
138,100,10100001,1094
139,1,112001,1095
140,300,11012,1095
141,3,141002,1096
142,3,151002,1096
143,3,31003,1097
144,1,202001,1097
145,20,25001,1098
146,1,22005,1098
147,1,10100002,1099
148,200,10100001,1099
149,1,93102,1100
150,5,151003,1100
151,1,91015,1101
152,10,151003,1101
153,4,25004,1102
154,3,22005,1102
155,30,31003,1103
156,1,202001,1103
157,1,151003,1104
158,1200,11012,1104
159,3,23005,1105
160,10,31003,1105
161,4,10100002,1106
162,3000,10100001,1106
163,1,141003,1107
164,5,112001,1107
165,4,25004,1108
166,3,24005,1108
167,10,31003,1109
168,1,120402,1109
169,1,151003,1110
170,1200,11012,1110
171,3,21005,1111
172,10,31003,1111
173,8,10100002,1112
174,3000,10100001,1112
175,1,141003,1113
176,5,112001,1113
177,4,25004,1114
178,3,22005,1114
179,10,31003,1115
180,1,202001,1115
181,1,151003,1116
182,1200,11012,1116
183,3,23005,1117
184,10,31003,1117
185,4,10100002,1118
186,3000,10100001,1118
187,1,141003,1119
188,5,112001,1119
189,4,25004,1120
190,3,24005,1120
191,10,31003,1121
192,1,120103,1121
193,1,151003,1122
194,1200,11012,1122
195,3,21005,1123
196,10,31003,1123
197,8,10100002,1124
198,3000,10100001,1124
199,1,141003,1125
200,5,112001,1125
201,4,25004,1126
202,3,22005,1126
203,10,31003,1127
204,1,120203,1127
205,1,151003,1128
206,1200,11012,1128
207,3,23005,1129
208,10,31003,1129
209,4,10100002,1130
210,3000,10100001,1130
211,1,141003,1131
212,5,112001,1131
213,4,25004,1132
214,3,24005,1132
215,10,31003,1133
216,1,202001,1133
217,1,151003,1134
218,1200,11012,1134
219,3,21005,1135
220,10,31003,1135
221,8,10100002,1136
222,3000,10100001,1136
223,1,141003,1137
224,5,112001,1137
225,4,25004,1138
226,3,22005,1138
227,10,31003,1139
228,1,201001,1139
229,1,151003,1140
230,1200,11012,1140
231,3,23005,1141
232,10,31003,1141
233,6,10100002,1142
234,3000,10100001,1142
235,1,141003,1143
236,5,112001,1143
237,4,25004,1144
238,3,24005,1144
239,10,31003,1145
240,1,171001,1145
241,1,151003,1146
242,1200,11012,1146
243,3,21005,1147
244,10,31003,1147
245,8,10100002,1148
246,3000,10100001,1148
247,4,25004,1149
248,3,22005,1149
249,1,10240000,1150
250,20,141003,1150
251,20,281003,2001
252,10,62004,2001
253,5,62004,2002
254,1,31003,2002
255,1,151002,2002
256,5,62004,2003
257,1,31003,2003
258,1,151002,2003
259,5,62004,2004
260,1,31003,2004
261,1,151002,2004
262,10,62004,2005
263,1,31003,2005
264,1,151003,2005
265,5,62004,2006
266,1,31003,2006
267,1,141002,2006
268,5,62004,2007
269,1,31003,2007
270,1,141002,2007
271,5,62004,2008
272,1,31003,2008
273,1,141002,2008
274,10,62004,2009
275,1,31003,2009
276,1,141002,2009
277,10,62004,2010
278,1,31003,2010
279,1,141002,2010
280,5,62004,2011
281,1,31003,2011
282,1,151002,2011
283,10,62004,2012
284,1,31003,2012
285,1,151002,2012
286,5,62004,2013
287,1,31003,2013
288,1,151002,2013
289,5,62004,2014
290,1,31003,2014
291,1,151002,2014
292,10,62004,2015
293,1,31003,2015
294,1,151002,2015
295,20,62004,2016
296,1,31003,2016
297,1,141003,2016
298,20,62004,2017
299,1,31003,2017
300,1,141003,2017
301,20,62004,2018
302,1,31003,2018
303,1,141003,2018
304,10,62004,2019
305,1,31003,2019
306,1,151003,2019
307,10,62004,2020
308,1,31003,2020
309,1,151003,2020
310,10,62004,2021
311,1,31003,2021
312,1,151003,2021
313,10,62004,2022
314,1,31003,2022
315,1,151003,2022
316,10,62004,2023
317,1,31003,2023
318,1,151003,2023
319,40,62004,2024
320,10,141003,2024
321,10,151003,2024
322,10,141002,2024
323,10,151002,2024
324,10,31003,2024
325,2,62004,3001
326,2,21002,3001
327,2,22002,3001
328,2,23002,3001
329,2,24002,3001
330,4,62004,3002
331,4,21002,3002
332,4,22002,3002
333,4,23002,3002
334,4,24002,3002
335,6,62004,3003
336,6,21002,3003
337,6,22002,3003
338,6,23002,3003
339,6,24002,3003
340,10,62004,3004
341,1,112001,3004
342,10,21002,3004
343,10,22002,3004
344,10,23002,3004
345,10,24002,3004
346,2,62004,3005
347,2,21002,3005
348,2,22002,3005
349,2,23002,3005
350,2,24002,3005
351,5,62004,3006
352,5,21002,3006
353,5,22002,3006
354,5,23002,3006
355,5,24002,3006
356,10,62004,3007
357,1,112001,3007
358,10,21002,3007
359,10,22002,3007
360,10,23002,3007
361,10,24002,3007
362,2,62004,3008
363,2,21002,3008
364,2,22002,3008
365,2,23002,3008
366,2,24002,3008
367,5,62004,3009
368,1,112001,3009
369,5,21002,3009
370,5,22002,3009
371,5,23002,3009
372,5,24002,3009
373,10,62004,3010
374,2,112001,3010
375,10,21002,3010
376,10,22002,3010
377,10,23002,3010
378,10,24002,3010
379,15,62004,3011
380,3,112001,3011
381,15,21002,3011
382,15,22002,3011
383,15,23002,3011
384,15,24002,3011
385,20,62004,3012
386,5,112001,3012
387,20,21002,3012
388,20,22002,3012
389,20,23002,3012
390,20,24002,3012
391,30,62004,3013
392,1,151003,3013
393,30,21002,3013
394,30,22002,3013
395,30,23002,3013
396,30,24002,3013
397,2,62004,3038
398,2,21002,3038
399,2,22002,3038
400,2,23002,3038
401,2,24002,3038
402,5,62004,3039
403,5,21002,3039
404,5,22002,3039
405,5,23002,3039
406,5,24002,3039
407,10,62004,3040
408,1,112001,3040
409,10,21002,3040
410,10,22002,3040
411,10,23002,3040
412,10,24002,3040
413,2,62004,3041
414,2,21002,3041
415,2,22002,3041
416,2,23002,3041
417,2,24002,3041
418,4,62004,3042
419,4,21002,3042
420,4,22002,3042
421,4,23002,3042
422,4,24002,3042
423,6,62004,3043
424,6,21002,3043
425,6,22002,3043
426,6,23002,3043
427,6,24002,3043
428,10,62004,3044
429,1,112001,3044
430,10,21002,3044
431,10,22002,3044
432,10,23002,3044
433,10,24002,3044
434,2,62004,3045
435,2,21002,3045
436,2,22002,3045
437,2,23002,3045
438,2,24002,3045
439,5,62004,3046
440,1,112001,3046
441,5,21002,3046
442,5,22002,3046
443,5,23002,3046
444,5,24002,3046
445,10,62004,3047
446,2,112001,3047
447,10,21002,3047
448,10,22002,3047
449,10,23002,3047
450,10,24002,3047
451,15,62004,3048
452,3,112001,3048
453,15,21002,3048
454,15,22002,3048
455,15,23002,3048
456,15,24002,3048
457,20,62004,3049
458,5,112001,3049
459,30,21002,3049
460,30,22002,3049
461,30,23002,3049
462,30,24002,3049
463,30,62004,3050
464,1,151003,3050
465,30,21002,3050
466,30,22002,3050
467,30,23002,3050
468,30,24002,3050
469,2,62004,3075
470,2,21002,3075
471,2,22002,3075
472,2,23002,3075
473,2,24002,3075
474,4,62004,3076
475,4,21002,3076
476,4,22002,3076
477,4,23002,3076
478,4,24002,3076
479,6,62004,3077
480,6,21002,3077
481,6,22002,3077
482,6,23002,3077
483,6,24002,3077
484,10,62004,3078
485,1,112001,3078
486,10,21002,3078
487,10,22002,3078
488,10,23002,3078
489,10,24002,3078
490,2,62004,3079
491,2,21002,3079
492,2,22002,3079
493,2,23002,3079
494,2,24002,3079
495,5,62004,3080
496,5,21002,3080
497,5,22002,3080
498,5,23002,3080
499,5,24002,3080
500,10,62004,3081
501,1,112001,3081
502,10,21002,3081
503,10,22002,3081
504,10,23002,3081
505,10,24002,3081
506,2,62004,3082
507,2,21002,3082
508,2,22002,3082
509,2,23002,3082
510,2,24002,3082
511,5,62004,3083
512,1,112001,3083
513,5,21002,3083
514,5,22002,3083
515,5,23002,3083
516,5,24002,3083
517,10,62004,3084
518,2,112001,3084
519,10,21002,3084
520,10,22002,3084
521,10,23002,3084
522,10,24002,3084
523,15,62004,3085
524,3,112001,3085
525,15,21002,3085
526,15,22002,3085
527,15,23002,3085
528,15,24002,3085
529,20,62004,3086
530,5,112001,3086
531,20,21002,3086
532,20,22002,3086
533,20,23002,3086
534,20,24002,3086
535,30,62004,3087
536,1,151003,3087
537,30,21002,3087
538,30,22002,3087
539,30,23002,3087
540,30,24002,3087
541,2,62004,3112
542,2,21002,3112
543,2,22002,3112
544,2,23002,3112
545,2,24002,3112
546,4,62004,3113
547,4,21002,3113
548,4,22002,3113
549,4,23002,3113
550,4,24002,3113
551,6,62004,3114
552,6,21002,3114
553,6,22002,3114
554,6,23002,3114
555,6,24002,3114
556,10,62004,3115
557,1,112001,3115
558,10,21002,3115
559,10,22002,3115
560,10,23002,3115
561,10,24002,3115
562,2,62004,3116
563,2,21002,3116
564,2,22002,3116
565,2,23002,3116
566,2,24002,3116
567,5,62004,3117
568,5,21002,3117
569,5,22002,3117
570,5,23002,3117
571,5,24002,3117
572,10,62004,3118
573,1,112001,3118
574,10,21002,3118
575,10,22002,3118
576,10,23002,3118
577,10,24002,3118
578,2,62004,3119
579,2,21002,3119
580,2,22002,3119
581,2,23002,3119
582,2,24002,3119
583,5,62004,3120
584,1,112001,3120
585,5,21002,3120
586,5,22002,3120
587,5,23002,3120
588,5,24002,3120
589,10,62004,3121
590,2,112001,3121
591,10,21002,3121
592,10,22002,3121
593,10,23002,3121
594,10,24002,3121
595,15,62004,3122
596,3,112001,3122
597,15,21002,3122
598,15,22002,3122
599,15,23002,3122
600,15,24002,3122
601,20,62004,3123
602,5,112001,3123
603,20,21002,3123
604,20,22002,3123
605,20,23002,3123
606,20,24002,3123
607,30,62004,3124
608,1,151003,3124
609,30,21002,3124
610,30,22002,3124
611,30,23002,3124
612,30,24002,3124
613,2,62004,3149
614,2,21002,3149
615,2,22002,3149
616,2,23002,3149
617,2,24002,3149
618,4,62004,3150
619,4,21002,3150
620,4,22002,3150
621,4,23002,3150
622,4,24002,3150
623,6,62004,3151
624,6,21002,3151
625,6,22002,3151
626,6,23002,3151
627,6,24002,3151
628,10,62004,3152
629,1,112001,3152
630,10,21002,3152
631,10,22002,3152
632,10,23002,3152
633,10,24002,3152
634,2,62004,3153
635,2,21002,3153
636,2,22002,3153
637,2,23002,3153
638,2,24002,3153
639,5,62004,3154
640,5,21002,3154
641,5,22002,3154
642,5,23002,3154
643,5,24002,3154
644,10,62004,3155
645,1,112001,3155
646,10,21002,3155
647,10,22002,3155
648,10,23002,3155
649,10,24002,3155
650,2,62004,3156
651,2,21002,3156
652,2,22002,3156
653,2,23002,3156
654,2,24002,3156
655,5,62004,3157
656,1,112001,3157
657,5,21002,3157
658,5,22002,3157
659,5,23002,3157
660,5,24002,3157
661,10,62004,3158
662,2,112001,3158
663,10,21002,3158
664,10,22002,3158
665,10,23002,3158
666,10,24002,3158
667,15,62004,3159
668,3,112001,3159
669,15,21002,3159
670,15,22002,3159
671,15,23002,3159
672,15,24002,3159
673,20,62004,3160
674,5,112001,3160
675,20,21002,3160
676,20,22002,3160
677,20,23002,3160
678,20,24002,3160
679,30,62004,3161
680,1,151003,3161
681,30,21002,3161
682,30,22002,3161
683,30,23002,3161
684,30,24002,3161
685,1,62004,4001
686,1,63002,4001
687,1,62004,4002
688,1,63002,4002
689,1,62004,4003
690,1,63002,4003
691,1,62004,4004
692,1,63002,4004
693,5,62004,5001
694,2,25001,5001
695,1,151002,5001
696,1,31003,5001
697,1,112001,6001
698,5,31002,6001
699,5,21002,6001
700,5,22002,6001
701,5,23002,6001
702,5,24002,6001
703,100,10100001,6002
704,5,31002,6002
705,5,21002,6002
706,5,22002,6002
707,5,23002,6002
708,5,24002,6002
709,1,151001,6003
710,5,31002,6003
711,5,21002,6003
712,5,22002,6003
713,5,23002,6003
714,5,24002,6003
715,1,151002,6004
716,5,31002,6004
717,5,21002,6004
718,5,22002,6004
719,5,23002,6004
720,5,24002,6004
721,1,151003,6005
722,5,31002,6005
723,5,21002,6005
724,5,22002,6005
725,5,23002,6005
726,5,24002,6005
727,1,112001,6006
728,5,31002,6006
729,5,21002,6006
730,5,22002,6006
731,5,23002,6006
732,5,24002,6006
733,120,11012,6007
734,5,31002,6007
735,5,21002,6007
736,5,22002,6007
737,5,23002,6007
738,5,24002,6007
739,1,141001,6008
740,5,31002,6008
741,5,21002,6008
742,5,22002,6008
743,5,23002,6008
744,5,24002,6008
745,1,141002,6009
746,5,31002,6009
747,5,21002,6009
748,5,22002,6009
749,5,23002,6009
750,5,24002,6009
751,1,141003,6010
752,5,31002,6010
753,5,21002,6010
754,5,22002,6010
755,5,23002,6010
756,5,24002,6010
757,1,112001,6011
758,10,31002,6011
759,5,21002,6011
760,5,22002,6011
761,5,23002,6011
762,5,24002,6011
763,120,10100001,6012
764,10,31002,6012
765,5,21002,6012
766,5,22002,6012
767,5,23002,6012
768,5,24002,6012
769,1,141001,6013
770,10,31002,6013
771,5,21002,6013
772,5,22002,6013
773,5,23002,6013
774,5,24002,6013
775,1,141002,6014
776,10,31002,6014
777,5,21002,6014
778,5,22002,6014
779,5,23002,6014
780,5,24002,6014
781,1,141003,6015
782,10,31002,6015
783,5,21002,6015
784,5,22002,6015
785,5,23002,6015
786,5,24002,6015
787,1,112001,6016
788,10,31002,6016
789,5,21002,6016
790,5,22002,6016
791,5,23002,6016
792,5,24002,6016
793,140,11012,6017
794,10,31002,6017
795,5,21002,6017
796,5,22002,6017
797,5,23002,6017
798,5,24002,6017
799,1,141001,6018
800,10,31002,6018
801,5,21002,6018
802,5,22002,6018
803,5,23002,6018
804,5,24002,6018
805,1,141002,6019
806,10,31002,6019
807,5,21002,6019
808,5,22002,6019
809,5,23002,6019
810,5,24002,6019
811,1,141003,6020
812,10,31002,6020
813,5,21002,6020
814,5,22002,6020
815,5,23002,6020
816,5,24002,6020
817,1,112001,6021
818,15,31002,6021
819,5,21002,6021
820,5,22002,6021
821,5,23002,6021
822,5,24002,6021
823,140,10100001,6022
824,15,31002,6022
825,5,21002,6022
826,5,22002,6022
827,5,23002,6022
828,5,24002,6022
829,1,141001,6023
830,15,31002,6023
831,5,21002,6023
832,5,22002,6023
833,5,23002,6023
834,5,24002,6023
835,1,141002,6024
836,15,31002,6024
837,5,21002,6024
838,5,22002,6024
839,5,23002,6024
840,5,24002,6024
841,1,141003,6025
842,15,31002,6025
843,5,21002,6025
844,5,22002,6025
845,5,23002,6025
846,5,24002,6025
847,1,112001,6026
848,15,31002,6026
849,5,21002,6026
850,5,22002,6026
851,5,23002,6026
852,5,24002,6026
853,160,11012,6027
854,15,31002,6027
855,5,21002,6027
856,5,22002,6027
857,5,23002,6027
858,5,24002,6027
859,1,141001,6028
860,15,31002,6028
861,5,21002,6028
862,5,22002,6028
863,5,23002,6028
864,5,24002,6028
865,1,141002,6029
866,15,31002,6029
867,5,21002,6029
868,5,22002,6029
869,5,23002,6029
870,5,24002,6029
871,1,141003,6030
872,15,31002,6030
873,5,21002,6030
874,5,22002,6030
875,5,23002,6030
876,5,24002,6030
877,1,112001,6031
878,20,31002,6031
879,5,21002,6031
880,5,22002,6031
881,5,23002,6031
882,5,24002,6031
883,160,10100001,6032
884,20,31002,6032
885,5,21002,6032
886,5,22002,6032
887,5,23002,6032
888,5,24002,6032
889,1,141001,6033
890,20,31002,6033
891,5,21002,6033
892,5,22002,6033
893,5,23002,6033
894,5,24002,6033
895,1,141002,6034
896,20,31002,6034
897,5,21002,6034
898,5,22002,6034
899,5,23002,6034
900,5,24002,6034
901,1,141003,6035
902,20,31002,6035
903,5,21002,6035
904,5,22002,6035
905,5,23002,6035
906,5,24002,6035
907,1,112001,6036
908,20,31002,6036
909,5,21002,6036
910,5,22002,6036
911,5,23002,6036
912,5,24002,6036
913,180,11012,6037
914,20,31002,6037
915,5,21002,6037
916,5,22002,6037
917,5,23002,6037
918,5,24002,6037
919,1,141001,6038
920,20,31002,6038
921,5,21002,6038
922,5,22002,6038
923,5,23002,6038
924,5,24002,6038
925,1,141002,6039
926,20,31002,6039
927,5,21002,6039
928,5,22002,6039
929,5,23002,6039
930,5,24002,6039
931,1,141003,6040
932,20,31002,6040
933,5,21002,6040
934,5,22002,6040
935,5,23002,6040
936,5,24002,6040
937,1,112001,6041
938,25,31002,6041
939,5,21002,6041
940,5,22002,6041
941,5,23002,6041
942,5,24002,6041
943,180,10100001,6042
944,25,31002,6042
945,5,21002,6042
946,5,22002,6042
947,5,23002,6042
948,5,24002,6042
949,1,141001,6043
950,25,31002,6043
951,5,21002,6043
952,5,22002,6043
953,5,23002,6043
954,5,24002,6043
955,1,141002,6044
956,25,31002,6044
957,5,21002,6044
958,5,22002,6044
959,5,23002,6044
960,5,24002,6044
961,1,141003,6045
962,25,31002,6045
963,5,21002,6045
964,5,22002,6045
965,5,23002,6045
966,5,24002,6045
967,1,112001,6046
968,25,31002,6046
969,5,21002,6046
970,5,22002,6046
971,5,23002,6046
972,5,24002,6046
973,200,11012,6047
974,25,31002,6047
975,5,21002,6047
976,5,22002,6047
977,5,23002,6047
978,5,24002,6047
979,1,141001,6048
980,25,31002,6048
981,5,21002,6048
982,5,22002,6048
983,5,23002,6048
984,5,24002,6048
985,1,141002,6049
986,25,31002,6049
987,5,21002,6049
988,5,22002,6049
989,5,23002,6049
990,5,24002,6049
991,1,91011,6050
992,50,141003,6050
993,6,25004,6050
994,120,31003,6050
995,10000,10100001,6050
996,1,91011,6051
997,30,141003,6051
998,5,25004,6051
999,40,31003,6051
1000,5000,10100001,6051
1001,1,91011,6052
1002,20,141003,6052
1003,9,25003,6052
1004,30,31003,6052
1005,4500,10100001,6052
1006,1,91011,6053
1007,10,141003,6053
1008,8,25003,6053
1009,20,31003,6053
1010,4000,10100001,6053
1011,1,91011,6054
1012,5,141003,6054
1013,7,25003,6054
1014,15,31003,6054
1015,3500,10100001,6054
1016,1,91014,6055
1017,3,141003,6055
1018,6,25003,6055
1019,10,31003,6055
1020,3000,10100001,6055
1021,1,91014,6056
1022,2,141003,6056
1023,4,25003,6056
1024,5,31003,6056
1025,2500,10100001,6056
1026,1,91012,6057
1027,1,141003,6057
1028,3,25003,6057
1029,5,31003,6057
1030,2000,10100001,6057
1031,1,91012,6058
1032,2,25003,6058
1033,5,31003,6058
1034,1500,10100001,6058
1035,1,25003,6059
1036,5,31003,6059
1037,1000,10100001,6059
1038,5,141002,7001
1039,1,21004,7002
1040,1,31003,7003
1041,1,151002,7004
1042,5,131004,7005
1043,100,10100001,7006
1044,1,112001,7007
1045,1,22004,7008
1046,100,11012,7009
1047,1,141003,7010
1048,1,141002,7011
1049,1,23004,7012
1050,1,31003,7013
1051,1,151002,7014
1052,1,201001,7015
1053,100,10100001,7016
1054,1,112001,7017
1055,1,24004,7018
1056,100,11012,7019
1057,1,151003,7020
1058,1,141002,7021
1059,1,21004,7022
1060,1,31003,7023
1061,1,151002,7024
1062,1,202002,7025
1063,100,10100001,7026
1064,1,112001,7027
1065,1,22004,7028
1066,100,11012,7029
1067,100,11005,7030
1068,1,141002,7031
1069,1,23004,7032
1070,1,31003,7033
1071,1,151002,7034
1072,1,121101,7035
1073,100,10100001,7036
1074,1,112001,7037
1075,1,24004,7038
1076,100,11012,7039
1077,5,10100002,7040
1078,1,141002,7041
1079,1,21004,7042
1080,1,31003,7043
1081,1,151002,7044
1082,10,192001,7045
1083,100,10100001,7046
1084,1,112001,7047
1085,1,22004,7048
1086,100,11012,7049
1087,1,292003,7050
1088,5,141003,7051
1089,5,151003,7051
1090,3,31003,7052
1091,1,202001,7052
1092,100,11005,7053
1093,1,21005,7053
1094,2,10100002,7054
1095,100,10100001,7054
1096,1,112001,7055
1097,300,11012,7055
1098,3,141002,7056
1099,3,151002,7056
1100,3,31003,7057
1101,1,201001,7057
1102,100,11005,7058
1103,1,22005,7058
1104,1,10100002,7059
1105,200,10100001,7059
1106,1,112001,7060
1107,300,11012,7060
1108,3,141002,7061
1109,3,151002,7061
1110,3,31003,7062
1111,1,171001,7062
1112,100,11005,7063
1113,1,23005,7063
1114,2,10100002,7064
1115,100,10100001,7064
1116,1,112001,7065
1117,300,11012,7065
1118,3,141002,7066
1119,3,151002,7066
1120,3,31003,7067
1121,1,120301,7067
1122,100,11005,7068
1123,1,24005,7068
1124,1,10100002,7069
1125,200,10100001,7069
1126,1,112001,7070
1127,300,11012,7070
1128,3,141002,7071
1129,3,151002,7071
1130,3,31003,7072
1131,1,120401,7072
1132,100,11005,7073
1133,1,21005,7073
1134,2,10100002,7074
1135,100,10100001,7074
1136,1,112001,7075
1137,300,11012,7075
1138,3,141002,7076
1139,3,151002,7076
1140,3,31003,7077
1141,1,201001,7077
1142,100,11005,7078
1143,1,22005,7078
1144,1,10100002,7079
1145,200,10100001,7079
1146,1,112001,7080
1147,300,11012,7080
1148,3,141002,7081
1149,3,151002,7081
1150,3,31003,7082
1151,1,202002,7082
1152,100,11005,7083
1153,1,23005,7083
1154,2,10100002,7084
1155,100,10100001,7084
1156,1,112001,7085
1157,300,11012,7085
1158,3,141002,7086
1159,3,151002,7086
1160,3,31003,7087
1161,1,120101,7087
1162,100,11005,7088
1163,1,24005,7088
1164,1,10100002,7089
1165,200,10100001,7089
1166,1,112001,7090
1167,300,11012,7090
1168,3,141002,7091
1169,3,151002,7091
1170,3,31003,7092
1171,1,51006,7092
1172,100,11005,7093
1173,1,21005,7093
1174,2,10100002,7094
1175,100,10100001,7094
1176,1,112001,7095
1177,300,11012,7095
1178,3,141002,7096
1179,3,151002,7096
1180,3,31003,7097
1181,1,202001,7097
1182,100,11005,7098
1183,1,22005,7098
1184,1,10100002,7099
1185,200,10100001,7099
1186,1000,11005,7100
1187,10,151003,7100
1188,10,141003,7101
1189,10,151003,7101
1190,400,11005,7102
1191,1,21006,7102
1192,30,31003,7103
1193,1,202001,7103
1194,1,151003,7104
1195,1200,11012,7104
1196,1,22006,7105
1197,10,31003,7105
1198,4,10100002,7106
1199,1000,10100001,7106
1200,1,141003,7107
1201,5,112001,7107
1202,400,11005,7108
1203,1,23006,7108
1204,10,31003,7109
1205,1,120402,7109
1206,1,151003,7110
1207,1200,11012,7110
1208,1,24006,7111
1209,10,31003,7111
1210,8,10100002,7112
1211,500,10100001,7112
1212,1,141003,7113
1213,5,112001,7113
1214,400,11005,7114
1215,1,21006,7114
1216,10,31003,7115
1217,1,202001,7115
1218,1,151003,7116
1219,1200,11012,7116
1220,1,22006,7117
1221,10,31003,7117
1222,4,10100002,7118
1223,1000,10100001,7118
1224,1,141003,7119
1225,5,112001,7119
1226,400,11005,7120
1227,1,23006,7120
1228,10,31003,7121
1229,1,120103,7121
1230,1,151003,7122
1231,1200,11012,7122
1232,1,24006,7123
1233,10,31003,7123
1234,8,10100002,7124
1235,500,10100001,7124
1236,1,141003,7125
1237,5,112001,7125
1238,400,11005,7126
1239,1,21006,7126
1240,10,31003,7127
1241,1,120203,7127
1242,1,151003,7128
1243,1200,11012,7128
1244,1,22006,7129
1245,10,31003,7129
1246,4,10100002,7130
1247,1000,10100001,7130
1248,1,141003,7131
1249,5,112001,7131
1250,400,11005,7132
1251,1,23006,7132
1252,10,31003,7133
1253,1,202001,7133
1254,1,151003,7134
1255,1200,11012,7134
1256,1,24006,7135
1257,10,31003,7135
1258,8,10100002,7136
1259,500,10100001,7136
1260,1,141003,7137
1261,5,112001,7137
1262,400,11005,7138
1263,1,21006,7138
1264,10,31003,7139
1265,1,201001,7139
1266,1,151003,7140
1267,1400,11012,7140
1268,1,22006,7141
1269,10,31003,7141
1270,6,10100002,7142
1271,1000,10100001,7142
1272,1,141003,7143
1273,5,112001,7143
1274,400,11005,7144
1275,1,23006,7144
1276,10,31003,7145
1277,1,171001,7145
1278,1,151003,7146
1279,1400,11012,7146
1280,1,24006,7147
1281,10,31003,7147
1282,8,10100002,7148
1283,500,10100001,7148
1284,400,11005,7149
1285,1,21006,7149
1286,30,141003,7150
1287,1,10240000,7150
1288,10,62005,8001
1289,25,281004,8001
1290,5,62005,8002
1291,1,141002,8002
1292,1,31003,8002
1293,5,62005,8003
1294,1,141002,8003
1295,1,31003,8003
1296,5,62005,8004
1297,1,151002,8004
1298,1,31003,8004
1299,10,62005,8005
1300,1,141002,8005
1301,1,31003,8005
1302,5,62005,8006
1303,1,151002,8006
1304,1,31003,8006
1305,5,62005,8007
1306,1,151002,8007
1307,1,31003,8007
1308,5,62005,8008
1309,1,141002,8008
1310,1,31003,8008
1311,10,62005,8009
1312,1,141002,8009
1313,1,31003,8009
1314,10,62005,8010
1315,1,151002,8010
1316,1,31003,8010
1317,5,62005,8011
1318,1,141002,8011
1319,1,31003,8011
1320,10,62005,8012
1321,1,141002,8012
1322,1,31003,8012
1323,5,62005,8013
1324,1,141002,8013
1325,1,31003,8013
1326,5,62005,8014
1327,1,151002,8014
1328,1,31003,8014
1329,10,62005,8015
1330,1,141002,8015
1331,1,31003,8015
1332,20,62005,8016
1333,1,151003,8016
1334,1,31003,8016
1335,20,62005,8017
1336,1,151003,8017
1337,1,31003,8017
1338,20,62005,8018
1339,1,151003,8018
1340,1,31003,8018
1341,10,62005,8019
1342,1,141003,8019
1343,1,31003,8019
1344,10,62005,8020
1345,1,141003,8020
1346,1,31003,8020
1347,10,62005,8021
1348,1,141003,8021
1349,1,31003,8021
1350,10,62005,8022
1351,1,141003,8022
1352,1,31003,8022
1353,10,62005,8023
1354,1,141003,8023
1355,1,31003,8023
1356,40,62005,8024
1357,10,141003,8024
1358,10,151003,8024
1359,10,141002,8024
1360,10,151002,8024
1361,10,31003,8024
1362,2,62005,9001
1363,2,131003,9001
1364,2,21002,9001
1365,2,22002,9001
1366,2,23002,9001
1367,2,24002,9001
1368,4,62005,9002
1369,5,131003,9002
1370,4,21002,9002
1371,4,22002,9002
1372,4,23002,9002
1373,4,24002,9002
1374,6,62005,9003
1375,10,131003,9003
1376,6,21002,9003
1377,6,22002,9003
1378,6,23002,9003
1379,6,24002,9003
1380,10,62005,9004
1381,1,112001,9004
1382,10,21002,9004
1383,10,22002,9004
1384,10,23002,9004
1385,10,24002,9004
1386,2,62005,9005
1387,2,131003,9005
1388,2,21002,9005
1389,2,22002,9005
1390,2,23002,9005
1391,2,24002,9005
1392,5,62005,9006
1393,5,131003,9006
1394,5,21002,9006
1395,5,22002,9006
1396,5,23002,9006
1397,5,24002,9006
1398,10,62005,9007
1399,1,112001,9007
1400,10,21002,9007
1401,10,22002,9007
1402,10,23002,9007
1403,10,24002,9007
1404,2,62005,9008
1405,2,131003,9008
1406,2,21002,9008
1407,2,22002,9008
1408,2,23002,9008
1409,2,24002,9008
1410,5,62005,9009
1411,5,131003,9009
1412,5,21002,9009
1413,5,22002,9009
1414,5,23002,9009
1415,5,24002,9009
1416,10,62005,9010
1417,1,112001,9010
1418,10,21002,9010
1419,10,22002,9010
1420,10,23002,9010
1421,10,24002,9010
1422,15,62005,9011
1423,3,112001,9011
1424,15,21002,9011
1425,15,22002,9011
1426,15,23002,9011
1427,15,24002,9011
1428,20,62005,9012
1429,1,141002,9012
1430,20,21002,9012
1431,20,22002,9012
1432,20,23002,9012
1433,20,24002,9012
1434,30,62005,9013
1435,1,141003,9013
1436,30,21002,9013
1437,30,22002,9013
1438,30,23002,9013
1439,30,24002,9013
1440,2,62005,9038
1441,2,131003,9038
1442,2,21002,9038
1443,2,22002,9038
1444,2,23002,9038
1445,2,24002,9038
1446,5,62005,9039
1447,5,131003,9039
1448,5,21002,9039
1449,5,22002,9039
1450,5,23002,9039
1451,5,24002,9039
1452,10,62005,9040
1453,1,112001,9040
1454,10,21002,9040
1455,10,22002,9040
1456,10,23002,9040
1457,10,24002,9040
1458,2,62005,9041
1459,2,131003,9041
1460,2,21002,9041
1461,2,22002,9041
1462,2,23002,9041
1463,2,24002,9041
1464,4,62005,9042
1465,5,131003,9042
1466,4,21002,9042
1467,4,22002,9042
1468,4,23002,9042
1469,4,24002,9042
1470,6,62005,9043
1471,10,131003,9043
1472,6,21002,9043
1473,6,22002,9043
1474,6,23002,9043
1475,6,24002,9043
1476,10,62005,9044
1477,1,112001,9044
1478,10,21002,9044
1479,10,22002,9044
1480,10,23002,9044
1481,10,24002,9044
1482,2,62005,9045
1483,2,131003,9045
1484,2,21002,9045
1485,2,22002,9045
1486,2,23002,9045
1487,2,24002,9045
1488,5,62005,9046
1489,5,131003,9046
1490,5,21002,9046
1491,5,22002,9046
1492,5,23002,9046
1493,5,24002,9046
1494,10,62005,9047
1495,1,112001,9047
1496,10,21002,9047
1497,10,22002,9047
1498,10,23002,9047
1499,10,24002,9047
1500,15,62005,9048
1501,3,112001,9048
1502,15,21002,9048
1503,15,22002,9048
1504,15,23002,9048
1505,15,24002,9048
1506,20,62005,9049
1507,1,141002,9049
1508,20,21002,9049
1509,20,22002,9049
1510,20,23002,9049
1511,20,24002,9049
1512,30,62005,9050
1513,1,141003,9050
1514,30,21002,9050
1515,30,22002,9050
1516,30,23002,9050
1517,30,24002,9050
1518,2,62005,9075
1519,2,131003,9075
1520,2,21002,9075
1521,2,22002,9075
1522,2,23002,9075
1523,2,24002,9075
1524,4,62005,9076
1525,5,131003,9076
1526,4,21002,9076
1527,4,22002,9076
1528,4,23002,9076
1529,4,24002,9076
1530,6,62005,9077
1531,10,131003,9077
1532,6,21002,9077
1533,6,22002,9077
1534,6,23002,9077
1535,6,24002,9077
1536,10,62005,9078
1537,1,112001,9078
1538,10,21002,9078
1539,10,22002,9078
1540,10,23002,9078
1541,10,24002,9078
1542,2,62005,9079
1543,2,131003,9079
1544,2,21002,9079
1545,2,22002,9079
1546,2,23002,9079
1547,2,24002,9079
1548,5,62005,9080
1549,5,131003,9080
1550,5,21002,9080
1551,5,22002,9080
1552,5,23002,9080
1553,5,24002,9080
1554,10,62005,9081
1555,1,112001,9081
1556,10,21002,9081
1557,10,22002,9081
1558,10,23002,9081
1559,10,24002,9081
1560,2,62005,9082
1561,2,131003,9082
1562,2,21002,9082
1563,2,22002,9082
1564,2,23002,9082
1565,2,24002,9082
1566,5,62005,9083
1567,5,131003,9083
1568,5,21002,9083
1569,5,22002,9083
1570,5,23002,9083
1571,5,24002,9083
1572,10,62005,9084
1573,1,112001,9084
1574,10,21002,9084
1575,10,22002,9084
1576,10,23002,9084
1577,10,24002,9084
1578,15,62005,9085
1579,3,112001,9085
1580,15,21002,9085
1581,15,22002,9085
1582,15,23002,9085
1583,15,24002,9085
1584,20,62005,9086
1585,1,141002,9086
1586,20,21002,9086
1587,20,22002,9086
1588,20,23002,9086
1589,20,24002,9086
1590,30,62005,9087
1591,1,141003,9087
1592,30,21002,9087
1593,30,22002,9087
1594,30,23002,9087
1595,30,24002,9087
1596,2,62005,9112
1597,2,131003,9112
1598,2,21002,9112
1599,2,22002,9112
1600,2,23002,9112
1601,2,24002,9112
1602,4,62005,9113
1603,5,131003,9113
1604,4,21002,9113
1605,4,22002,9113
1606,4,23002,9113
1607,4,24002,9113
1608,6,62005,9114
1609,10,131003,9114
1610,6,21002,9114
1611,6,22002,9114
1612,6,23002,9114
1613,6,24002,9114
1614,10,62005,9115
1615,1,112001,9115
1616,10,21002,9115
1617,10,22002,9115
1618,10,23002,9115
1619,10,24002,9115
1620,2,62005,9116
1621,2,131003,9116
1622,2,21002,9116
1623,2,22002,9116
1624,2,23002,9116
1625,2,24002,9116
1626,5,62005,9117
1627,5,131003,9117
1628,5,21002,9117
1629,5,22002,9117
1630,5,23002,9117
1631,5,24002,9117
1632,10,62005,9118
1633,1,112001,9118
1634,10,21002,9118
1635,10,22002,9118
1636,10,23002,9118
1637,10,24002,9118
1638,2,62005,9119
1639,2,131003,9119
1640,2,21002,9119
1641,2,22002,9119
1642,2,23002,9119
1643,2,24002,9119
1644,5,62005,9120
1645,5,131003,9120
1646,5,21002,9120
1647,5,22002,9120
1648,5,23002,9120
1649,5,24002,9120
1650,10,62005,9121
1651,1,112001,9121
1652,10,21002,9121
1653,10,22002,9121
1654,10,23002,9121
1655,10,24002,9121
1656,15,62005,9122
1657,3,112001,9122
1658,15,21002,9122
1659,15,22002,9122
1660,15,23002,9122
1661,15,24002,9122
1662,20,62005,9123
1663,1,141002,9123
1664,20,21002,9123
1665,20,22002,9123
1666,20,23002,9123
1667,20,24002,9123
1668,30,62005,9124
1669,1,141003,9124
1670,30,21002,9124
1671,30,22002,9124
1672,30,23002,9124
1673,30,24002,9124
1674,2,62005,9149
1675,2,131003,9149
1676,2,21002,9149
1677,2,22002,9149
1678,2,23002,9149
1679,2,24002,9149
1680,4,62005,9150
1681,5,131003,9150
1682,4,21002,9150
1683,4,22002,9150
1684,4,23002,9150
1685,4,24002,9150
1686,6,62005,9151
1687,10,131003,9151
1688,6,21002,9151
1689,6,22002,9151
1690,6,23002,9151
1691,6,24002,9151
1692,10,62005,9152
1693,1,112001,9152
1694,10,21002,9152
1695,10,22002,9152
1696,10,23002,9152
1697,10,24002,9152
1698,2,62005,9153
1699,2,131003,9153
1700,2,21002,9153
1701,2,22002,9153
1702,2,23002,9153
1703,2,24002,9153
1704,5,62005,9154
1705,5,131003,9154
1706,5,21002,9154
1707,5,22002,9154
1708,5,23002,9154
1709,5,24002,9154
1710,10,62005,9155
1711,1,112001,9155
1712,10,21002,9155
1713,10,22002,9155
1714,10,23002,9155
1715,10,24002,9155
1716,2,62005,9156
1717,2,131003,9156
1718,2,21002,9156
1719,2,22002,9156
1720,2,23002,9156
1721,2,24002,9156
1722,5,62005,9157
1723,5,131003,9157
1724,5,21002,9157
1725,5,22002,9157
1726,5,23002,9157
1727,5,24002,9157
1728,10,62005,9158
1729,1,112001,9158
1730,10,21002,9158
1731,10,22002,9158
1732,10,23002,9158
1733,10,24002,9158
1734,15,62005,9159
1735,3,112001,9159
1736,15,21002,9159
1737,15,22002,9159
1738,15,23002,9159
1739,15,24002,9159
1740,20,62005,9160
1741,1,141002,9160
1742,20,21002,9160
1743,20,22002,9160
1744,20,23002,9160
1745,20,24002,9160
1746,30,62005,9161
1747,1,141003,9161
1748,30,21002,9161
1749,30,22002,9161
1750,30,23002,9161
1751,30,24002,9161
1752,1,62005,10001
1753,1,63002,10001
1754,1,62005,10002
1755,1,63002,10002
1756,1,62005,10003
1757,1,63002,10003
1758,1,62005,10004
1759,1,63002,10004
1760,5,62005,11001
1761,2,25001,11001
1762,1,141002,11001
1763,1,31003,11001
1764,100,10100001,12001
1765,5,31002,12001
1766,5,21002,12001
1767,5,22002,12001
1768,5,23002,12001
1769,5,24002,12001
1770,1,111001,12002
1771,5,31002,12002
1772,5,21002,12002
1773,5,22002,12002
1774,5,23002,12002
1775,5,24002,12002
1776,1,141001,12003
1777,5,31002,12003
1778,5,21002,12003
1779,5,22002,12003
1780,5,23002,12003
1781,5,24002,12003
1782,100,11012,12004
1783,5,31002,12004
1784,5,21002,12004
1785,5,22002,12004
1786,5,23002,12004
1787,5,24002,12004
1788,1,141002,12005
1789,5,31002,12005
1790,5,21002,12005
1791,5,22002,12005
1792,5,23002,12005
1793,5,24002,12005
1794,120,10100001,12006
1795,5,31002,12006
1796,5,21002,12006
1797,5,22002,12006
1798,5,23002,12006
1799,5,24002,12006
1800,1,112001,12007
1801,5,31002,12007
1802,5,21002,12007
1803,5,22002,12007
1804,5,23002,12007
1805,5,24002,12007
1806,1,151001,12008
1807,5,31002,12008
1808,5,21002,12008
1809,5,22002,12008
1810,5,23002,12008
1811,5,24002,12008
1812,120,11012,12009
1813,5,31002,12009
1814,5,21002,12009
1815,5,22002,12009
1816,5,23002,12009
1817,5,24002,12009
1818,1,151002,12010
1819,5,31002,12010
1820,5,21002,12010
1821,5,22002,12010
1822,5,23002,12010
1823,5,24002,12010
1824,140,10100001,12011
1825,10,31002,12011
1826,5,21002,12011
1827,5,22002,12011
1828,5,23002,12011
1829,5,24002,12011
1830,1,111001,12012
1831,10,31002,12012
1832,5,21002,12012
1833,5,22002,12012
1834,5,23002,12012
1835,5,24002,12012
1836,1,141001,12013
1837,10,31002,12013
1838,5,21002,12013
1839,5,22002,12013
1840,5,23002,12013
1841,5,24002,12013
1842,140,11012,12014
1843,10,31002,12014
1844,5,21002,12014
1845,5,22002,12014
1846,5,23002,12014
1847,5,24002,12014
1848,1,141002,12015
1849,10,31002,12015
1850,5,21002,12015
1851,5,22002,12015
1852,5,23002,12015
1853,5,24002,12015
1854,160,10100001,12016
1855,10,31002,12016
1856,5,21002,12016
1857,5,22002,12016
1858,5,23002,12016
1859,5,24002,12016
1860,1,112001,12017
1861,10,31002,12017
1862,5,21002,12017
1863,5,22002,12017
1864,5,23002,12017
1865,5,24002,12017
1866,1,151001,12018
1867,10,31002,12018
1868,5,21002,12018
1869,5,22002,12018
1870,5,23002,12018
1871,5,24002,12018
1872,160,11012,12019
1873,10,31002,12019
1874,5,21002,12019
1875,5,22002,12019
1876,5,23002,12019
1877,5,24002,12019
1878,1,151002,12020
1879,10,31002,12020
1880,5,21002,12020
1881,5,22002,12020
1882,5,23002,12020
1883,5,24002,12020
1884,180,10100001,12021
1885,15,31002,12021
1886,5,21002,12021
1887,5,22002,12021
1888,5,23002,12021
1889,5,24002,12021
1890,1,111001,12022
1891,15,31002,12022
1892,5,21002,12022
1893,5,22002,12022
1894,5,23002,12022
1895,5,24002,12022
1896,1,141001,12023
1897,15,31002,12023
1898,5,21002,12023
1899,5,22002,12023
1900,5,23002,12023
1901,5,24002,12023
1902,180,11012,12024
1903,15,31002,12024
1904,5,21002,12024
1905,5,22002,12024
1906,5,23002,12024
1907,5,24002,12024
1908,1,141002,12025
1909,15,31002,12025
1910,5,21002,12025
1911,5,22002,12025
1912,5,23002,12025
1913,5,24002,12025
1914,200,10100001,12026
1915,15,31002,12026
1916,5,21002,12026
1917,5,22002,12026
1918,5,23002,12026
1919,5,24002,12026
1920,1,112001,12027
1921,15,31002,12027
1922,5,21002,12027
1923,5,22002,12027
1924,5,23002,12027
1925,5,24002,12027
1926,1,151001,12028
1927,15,31002,12028
1928,5,21002,12028
1929,5,22002,12028
1930,5,23002,12028
1931,5,24002,12028
1932,200,11012,12029
1933,15,31002,12029
1934,5,21002,12029
1935,5,22002,12029
1936,5,23002,12029
1937,5,24002,12029
1938,1,151002,12030
1939,15,31002,12030
1940,5,21002,12030
1941,5,22002,12030
1942,5,23002,12030
1943,5,24002,12030
1944,220,10100001,12031
1945,20,31002,12031
1946,5,21002,12031
1947,5,22002,12031
1948,5,23002,12031
1949,5,24002,12031
1950,1,111001,12032
1951,20,31002,12032
1952,5,21002,12032
1953,5,22002,12032
1954,5,23002,12032
1955,5,24002,12032
1956,1,141001,12033
1957,20,31002,12033
1958,5,21002,12033
1959,5,22002,12033
1960,5,23002,12033
1961,5,24002,12033
1962,220,11012,12034
1963,20,31002,12034
1964,5,21002,12034
1965,5,22002,12034
1966,5,23002,12034
1967,5,24002,12034
1968,1,141002,12035
1969,20,31002,12035
1970,5,21002,12035
1971,5,22002,12035
1972,5,23002,12035
1973,5,24002,12035
1974,240,10100001,12036
1975,20,31002,12036
1976,5,21002,12036
1977,5,22002,12036
1978,5,23002,12036
1979,5,24002,12036
1980,1,112001,12037
1981,20,31002,12037
1982,5,21002,12037
1983,5,22002,12037
1984,5,23002,12037
1985,5,24002,12037
1986,1,151001,12038
1987,20,31002,12038
1988,5,21002,12038
1989,5,22002,12038
1990,5,23002,12038
1991,5,24002,12038
1992,240,11012,12039
1993,20,31002,12039
1994,5,21002,12039
1995,5,22002,12039
1996,5,23002,12039
1997,5,24002,12039
1998,1,151002,12040
1999,20,31002,12040
2000,5,21002,12040
2001,5,22002,12040
2002,5,23002,12040
2003,5,24002,12040
2004,260,10100001,12041
2005,20,31002,12041
2006,5,21002,12041
2007,5,22002,12041
2008,5,23002,12041
2009,5,24002,12041
2010,1,111001,12042
2011,25,31002,12042
2012,5,21002,12042
2013,5,22002,12042
2014,5,23002,12042
2015,5,24002,12042
2016,1,141001,12043
2017,25,31002,12043
2018,5,21002,12043
2019,5,22002,12043
2020,5,23002,12043
2021,5,24002,12043
2022,260,11012,12044
2023,25,31002,12044
2024,5,21002,12044
2025,5,22002,12044
2026,5,23002,12044
2027,5,24002,12044
2028,1,141002,12045
2029,25,31002,12045
2030,5,21002,12045
2031,5,22002,12045
2032,5,23002,12045
2033,5,24002,12045
2034,280,10100001,12046
2035,25,31002,12046
2036,5,21002,12046
2037,5,22002,12046
2038,5,23002,12046
2039,5,24002,12046
2040,1,112001,12047
2041,25,31002,12047
2042,5,21002,12047
2043,5,22002,12047
2044,5,23002,12047
2045,5,24002,12047
2046,1,151001,12048
2047,25,31002,12048
2048,5,21002,12048
2049,5,22002,12048
2050,5,23002,12048
2051,5,24002,12048
2052,280,11012,12049
2053,25,31002,12049
2054,5,21002,12049
2055,5,22002,12049
2056,5,23002,12049
2057,5,24002,12049
2058,1,91021,12050
2059,50,141003,12050
2060,600,11005,12050
2061,50,31003,12050
2062,10000,10100001,12050
2063,1,91021,12051
2064,30,141003,12051
2065,500,11005,12051
2066,40,31003,12051
2067,5000,10100001,12051
2068,1,91021,12052
2069,20,141003,12052
2070,450,11005,12052
2071,30,31003,12052
2072,4500,10100001,12052
2073,1,91021,12053
2074,10,141003,12053
2075,400,11005,12053
2076,20,31003,12053
2077,4000,10100001,12053
2078,1,91021,12054
2079,5,141003,12054
2080,350,11005,12054
2081,15,31003,12054
2082,3500,10100001,12054
2083,1,91024,12055
2084,3,141003,12055
2085,300,11005,12055
2086,10,31003,12055
2087,3000,10100001,12055
2088,1,91024,12056
2089,2,141003,12056
2090,200,11005,12056
2091,5,31003,12056
2092,2500,10100001,12056
2093,1,91022,12057
2094,1,141003,12057
2095,150,11005,12057
2096,5,31003,12057
2097,2000,10100001,12057
2098,1,91022,12058
2099,100,11005,12058
2100,5,31003,12058
2101,1500,10100001,12058
2102,50,11005,12059
2103,5,31003,12059
2104,1000,10100001,12059
2105,5,141002,13001
2106,1,21004,13002
2107,1,31003,13003
2108,1,151002,13004
2109,5,131004,13005
2110,100,10100001,13006
2111,1,112001,13007
2112,1,22004,13008
2113,100,11012,13009
2114,1,141003,13010
2115,1,141002,13011
2116,1,23004,13012
2117,1,31003,13013
2118,1,151002,13014
2119,1,201001,13015
2120,100,10100001,13016
2121,1,112001,13017
2122,1,24004,13018
2123,100,11012,13019
2124,1,151003,13020
2125,1,141002,13021
2126,1,21004,13022
2127,1,31003,13023
2128,1,151002,13024
2129,1,202002,13025
2130,100,10100001,13026
2131,1,112001,13027
2132,1,22004,13028
2133,100,11012,13029
2134,100,11005,13030
2135,1,141002,13031
2136,1,23004,13032
2137,1,31003,13033
2138,1,151002,13034
2139,1,121101,13035
2140,100,10100001,13036
2141,1,112001,13037
2142,1,24004,13038
2143,100,11012,13039
2144,5,10100002,13040
2145,1,141002,13041
2146,1,21004,13042
2147,1,31003,13043
2148,1,151002,13044
2149,10,192001,13045
2150,100,10100001,13046
2151,1,112001,13047
2152,1,22004,13048
2153,100,11012,13049
2154,1,292004,13050
2155,5,141003,13051
2156,5,151003,13051
2157,3,31003,13052
2158,1,202001,13052
2159,100,11005,13053
2160,1,21005,13053
2161,2,10100002,13054
2162,100,10100001,13054
2163,1,112001,13055
2164,300,11012,13055
2165,3,141002,13056
2166,3,151002,13056
2167,3,31003,13057
2168,1,201001,13057
2169,100,11005,13058
2170,1,22005,13058
2171,1,10100002,13059
2172,200,10100001,13059
2173,1,112001,13060
2174,300,11012,13060
2175,3,141002,13061
2176,3,151002,13061
2177,3,31003,13062
2178,1,171001,13062
2179,100,11005,13063
2180,1,23005,13063
2181,2,10100002,13064
2182,100,10100001,13064
2183,1,112001,13065
2184,300,11012,13065
2185,3,141002,13066
2186,3,151002,13066
2187,3,31003,13067
2188,1,120301,13067
2189,100,11005,13068
2190,1,24005,13068
2191,1,10100002,13069
2192,200,10100001,13069
2193,1,112001,13070
2194,300,11012,13070
2195,3,141002,13071
2196,3,151002,13071
2197,3,31003,13072
2198,1,120401,13072
2199,100,11005,13073
2200,1,21005,13073
2201,2,10100002,13074
2202,100,10100001,13074
2203,1,112001,13075
2204,300,11012,13075
2205,3,141002,13076
2206,3,151002,13076
2207,3,31003,13077
2208,1,201001,13077
2209,100,11005,13078
2210,1,22005,13078
2211,1,10100002,13079
2212,200,10100001,13079
2213,1,112001,13080
2214,300,11012,13080
2215,3,141002,13081
2216,3,151002,13081
2217,3,31003,13082
2218,1,202002,13082
2219,100,11005,13083
2220,1,23005,13083
2221,2,10100002,13084
2222,100,10100001,13084
2223,1,112001,13085
2224,300,11012,13085
2225,3,141002,13086
2226,3,151002,13086
2227,3,31003,13087
2228,1,120101,13087
2229,100,11005,13088
2230,1,24005,13088
2231,1,10100002,13089
2232,200,10100001,13089
2233,1,112001,13090
2234,300,11012,13090
2235,3,141002,13091
2236,3,151002,13091
2237,3,31003,13092
2238,1,51006,13092
2239,100,11005,13093
2240,1,21005,13093
2241,2,10100002,13094
2242,100,10100001,13094
2243,1,112001,13095
2244,300,11012,13095
2245,3,141002,13096
2246,3,151002,13096
2247,3,31003,13097
2248,1,202001,13097
2249,100,11005,13098
2250,1,22005,13098
2251,1,10100002,13099
2252,200,10100001,13099
2253,1000,11005,13100
2254,10,151003,13100
2255,10,141003,13101
2256,10,151003,13101
2257,400,11005,13102
2258,1,21006,13102
2259,30,31003,13103
2260,1,202001,13103
2261,1,151003,13104
2262,1200,11012,13104
2263,1,22006,13105
2264,10,31003,13105
2265,4,10100002,13106
2266,1000,10100001,13106
2267,1,141003,13107
2268,5,112001,13107
2269,400,11005,13108
2270,1,23006,13108
2271,10,31003,13109
2272,1,120402,13109
2273,1,151003,13110
2274,1200,11012,13110
2275,1,24006,13111
2276,10,31003,13111
2277,8,10100002,13112
2278,500,10100001,13112
2279,1,141003,13113
2280,5,112001,13113
2281,400,11005,13114
2282,1,21006,13114
2283,10,31003,13115
2284,1,202001,13115
2285,1,151003,13116
2286,1200,11012,13116
2287,1,22006,13117
2288,10,31003,13117
2289,4,10100002,13118
2290,1000,10100001,13118
2291,1,141003,13119
2292,5,112001,13119
2293,400,11005,13120
2294,1,23006,13120
2295,10,31003,13121
2296,1,120103,13121
2297,1,151003,13122
2298,1200,11012,13122
2299,1,24006,13123
2300,10,31003,13123
2301,8,10100002,13124
2302,500,10100001,13124
2303,1,141003,13125
2304,5,112001,13125
2305,400,11005,13126
2306,1,21006,13126
2307,10,31003,13127
2308,1,120203,13127
2309,1,151003,13128
2310,1200,11012,13128
2311,1,22006,13129
2312,10,31003,13129
2313,4,10100002,13130
2314,1000,10100001,13130
2315,1,141003,13131
2316,5,112001,13131
2317,400,11005,13132
2318,1,23006,13132
2319,10,31003,13133
2320,1,202001,13133
2321,1,151003,13134
2322,1200,11012,13134
2323,1,24006,13135
2324,10,31003,13135
2325,8,10100002,13136
2326,500,10100001,13136
2327,1,141003,13137
2328,5,112001,13137
2329,400,11005,13138
2330,1,21006,13138
2331,10,31003,13139
2332,1,201001,13139
2333,1,151003,13140
2334,1400,11012,13140
2335,1,22006,13141
2336,10,31003,13141
2337,6,10100002,13142
2338,1000,10100001,13142
2339,1,141003,13143
2340,5,112001,13143
2341,400,11005,13144
2342,1,23006,13144
2343,10,31003,13145
2344,1,171001,13145
2345,1,151003,13146
2346,1400,11012,13146
2347,1,24006,13147
2348,10,31003,13147
2349,8,10100002,13148
2350,500,10100001,13148
2351,400,11005,13149
2352,1,21006,13149
2353,30,141003,13150
2354,1,10240000,13150
2355,10,62006,14001
2356,25,281004,14001
2357,5,62006,14002
2358,1,141002,14002
2359,1,31003,14002
2360,5,62006,14003
2361,1,141002,14003
2362,1,31003,14003
2363,5,62006,14004
2364,1,151002,14004
2365,1,31003,14004
2366,10,62006,14005
2367,1,141002,14005
2368,1,31003,14005
2369,5,62006,14006
2370,1,151002,14006
2371,1,31003,14006
2372,5,62006,14007
2373,1,151002,14007
2374,1,31003,14007
2375,5,62006,14008
2376,1,141002,14008
2377,1,31003,14008
2378,10,62006,14009
2379,1,141002,14009
2380,1,31003,14009
2381,10,62006,14010
2382,1,151002,14010
2383,1,31003,14010
2384,5,62006,14011
2385,1,141002,14011
2386,1,31003,14011
2387,10,62006,14012
2388,1,141002,14012
2389,1,31003,14012
2390,5,62006,14013
2391,1,141002,14013
2392,1,31003,14013
2393,5,62006,14014
2394,1,151002,14014
2395,1,31003,14014
2396,10,62006,14015
2397,1,141002,14015
2398,1,31003,14015
2399,20,62006,14016
2400,1,151003,14016
2401,1,31003,14016
2402,20,62006,14017
2403,1,151003,14017
2404,1,31003,14017
2405,20,62006,14018
2406,1,151003,14018
2407,1,31003,14018
2408,10,62006,14019
2409,1,141003,14019
2410,1,31003,14019
2411,10,62006,14020
2412,1,141003,14020
2413,1,31003,14020
2414,10,62006,14021
2415,1,141003,14021
2416,1,31003,14021
2417,10,62006,14022
2418,1,141003,14022
2419,1,31003,14022
2420,10,62006,14023
2421,1,141003,14023
2422,1,31003,14023
2423,40,62006,14024
2424,10,141003,14024
2425,10,151003,14024
2426,10,141002,14024
2427,10,151002,14024
2428,10,31003,14024
2429,2,62006,15001
2430,2,131003,15001
2431,2,21002,15001
2432,2,22002,15001
2433,2,23002,15001
2434,2,24002,15001
2435,4,62006,15002
2436,5,131003,15002
2437,4,21002,15002
2438,4,22002,15002
2439,4,23002,15002
2440,4,24002,15002
2441,6,62006,15003
2442,10,131003,15003
2443,6,21002,15003
2444,6,22002,15003
2445,6,23002,15003
2446,6,24002,15003
2447,10,62006,15004
2448,1,112001,15004
2449,10,21002,15004
2450,10,22002,15004
2451,10,23002,15004
2452,10,24002,15004
2453,2,62006,15005
2454,2,131003,15005
2455,2,21002,15005
2456,2,22002,15005
2457,2,23002,15005
2458,2,24002,15005
2459,5,62006,15006
2460,5,131003,15006
2461,5,21002,15006
2462,5,22002,15006
2463,5,23002,15006
2464,5,24002,15006
2465,10,62006,15007
2466,1,112001,15007
2467,10,21002,15007
2468,10,22002,15007
2469,10,23002,15007
2470,10,24002,15007
2471,2,62006,15008
2472,2,131003,15008
2473,2,21002,15008
2474,2,22002,15008
2475,2,23002,15008
2476,2,24002,15008
2477,5,62006,15009
2478,5,131003,15009
2479,5,21002,15009
2480,5,22002,15009
2481,5,23002,15009
2482,5,24002,15009
2483,10,62006,15010
2484,1,112001,15010
2485,10,21002,15010
2486,10,22002,15010
2487,10,23002,15010
2488,10,24002,15010
2489,15,62006,15011
2490,3,112001,15011
2491,15,21002,15011
2492,15,22002,15011
2493,15,23002,15011
2494,15,24002,15011
2495,20,62006,15012
2496,1,141002,15012
2497,20,21002,15012
2498,20,22002,15012
2499,20,23002,15012
2500,20,24002,15012
2501,30,62006,15013
2502,1,141003,15013
2503,30,21002,15013
2504,30,22002,15013
2505,30,23002,15013
2506,30,24002,15013
2507,2,62006,15038
2508,2,131003,15038
2509,2,21002,15038
2510,2,22002,15038
2511,2,23002,15038
2512,2,24002,15038
2513,5,62006,15039
2514,5,131003,15039
2515,5,21002,15039
2516,5,22002,15039
2517,5,23002,15039
2518,5,24002,15039
2519,10,62006,15040
2520,1,112001,15040
2521,10,21002,15040
2522,10,22002,15040
2523,10,23002,15040
2524,10,24002,15040
2525,2,62006,15041
2526,2,131003,15041
2527,2,21002,15041
2528,2,22002,15041
2529,2,23002,15041
2530,2,24002,15041
2531,4,62006,15042
2532,5,131003,15042
2533,4,21002,15042
2534,4,22002,15042
2535,4,23002,15042
2536,4,24002,15042
2537,6,62006,15043
2538,10,131003,15043
2539,6,21002,15043
2540,6,22002,15043
2541,6,23002,15043
2542,6,24002,15043
2543,10,62006,15044
2544,1,112001,15044
2545,10,21002,15044
2546,10,22002,15044
2547,10,23002,15044
2548,10,24002,15044
2549,2,62006,15045
2550,2,131003,15045
2551,2,21002,15045
2552,2,22002,15045
2553,2,23002,15045
2554,2,24002,15045
2555,5,62006,15046
2556,5,131003,15046
2557,5,21002,15046
2558,5,22002,15046
2559,5,23002,15046
2560,5,24002,15046
2561,10,62006,15047
2562,1,112001,15047
2563,10,21002,15047
2564,10,22002,15047
2565,10,23002,15047
2566,10,24002,15047
2567,15,62006,15048
2568,3,112001,15048
2569,15,21002,15048
2570,15,22002,15048
2571,15,23002,15048
2572,15,24002,15048
2573,20,62006,15049
2574,1,141002,15049
2575,20,21002,15049
2576,20,22002,15049
2577,20,23002,15049
2578,20,24002,15049
2579,30,62006,15050
2580,1,141003,15050
2581,30,21002,15050
2582,30,22002,15050
2583,30,23002,15050
2584,30,24002,15050
2585,2,62006,15075
2586,2,131003,15075
2587,2,21002,15075
2588,2,22002,15075
2589,2,23002,15075
2590,2,24002,15075
2591,4,62006,15076
2592,5,131003,15076
2593,4,21002,15076
2594,4,22002,15076
2595,4,23002,15076
2596,4,24002,15076
2597,6,62006,15077
2598,10,131003,15077
2599,6,21002,15077
2600,6,22002,15077
2601,6,23002,15077
2602,6,24002,15077
2603,10,62006,15078
2604,1,112001,15078
2605,10,21002,15078
2606,10,22002,15078
2607,10,23002,15078
2608,10,24002,15078
2609,2,62006,15079
2610,2,131003,15079
2611,2,21002,15079
2612,2,22002,15079
2613,2,23002,15079
2614,2,24002,15079
2615,5,62006,15080
2616,5,131003,15080
2617,5,21002,15080
2618,5,22002,15080
2619,5,23002,15080
2620,5,24002,15080
2621,10,62006,15081
2622,1,112001,15081
2623,10,21002,15081
2624,10,22002,15081
2625,10,23002,15081
2626,10,24002,15081
2627,2,62006,15082
2628,2,131003,15082
2629,2,21002,15082
2630,2,22002,15082
2631,2,23002,15082
2632,2,24002,15082
2633,5,62006,15083
2634,5,131003,15083
2635,5,21002,15083
2636,5,22002,15083
2637,5,23002,15083
2638,5,24002,15083
2639,10,62006,15084
2640,1,112001,15084
2641,10,21002,15084
2642,10,22002,15084
2643,10,23002,15084
2644,10,24002,15084
2645,15,62006,15085
2646,3,112001,15085
2647,15,21002,15085
2648,15,22002,15085
2649,15,23002,15085
2650,15,24002,15085
2651,20,62006,15086
2652,1,141002,15086
2653,20,21002,15086
2654,20,22002,15086
2655,20,23002,15086
2656,20,24002,15086
2657,30,62006,15087
2658,1,141003,15087
2659,30,21002,15087
2660,30,22002,15087
2661,30,23002,15087
2662,30,24002,15087
2663,2,62006,15112
2664,2,131003,15112
2665,2,21002,15112
2666,2,22002,15112
2667,2,23002,15112
2668,2,24002,15112
2669,4,62006,15113
2670,5,131003,15113
2671,4,21002,15113
2672,4,22002,15113
2673,4,23002,15113
2674,4,24002,15113
2675,6,62006,15114
2676,10,131003,15114
2677,6,21002,15114
2678,6,22002,15114
2679,6,23002,15114
2680,6,24002,15114
2681,10,62006,15115
2682,1,112001,15115
2683,10,21002,15115
2684,10,22002,15115
2685,10,23002,15115
2686,10,24002,15115
2687,2,62006,15116
2688,2,131003,15116
2689,2,21002,15116
2690,2,22002,15116
2691,2,23002,15116
2692,2,24002,15116
2693,5,62006,15117
2694,5,131003,15117
2695,5,21002,15117
2696,5,22002,15117
2697,5,23002,15117
2698,5,24002,15117
2699,10,62006,15118
2700,1,112001,15118
2701,10,21002,15118
2702,10,22002,15118
2703,10,23002,15118
2704,10,24002,15118
2705,2,62006,15119
2706,2,131003,15119
2707,2,21002,15119
2708,2,22002,15119
2709,2,23002,15119
2710,2,24002,15119
2711,5,62006,15120
2712,5,131003,15120
2713,5,21002,15120
2714,5,22002,15120
2715,5,23002,15120
2716,5,24002,15120
2717,10,62006,15121
2718,1,112001,15121
2719,10,21002,15121
2720,10,22002,15121
2721,10,23002,15121
2722,10,24002,15121
2723,15,62006,15122
2724,3,112001,15122
2725,15,21002,15122
2726,15,22002,15122
2727,15,23002,15122
2728,15,24002,15122
2729,20,62006,15123
2730,1,141002,15123
2731,20,21002,15123
2732,20,22002,15123
2733,20,23002,15123
2734,20,24002,15123
2735,30,62006,15124
2736,1,141003,15124
2737,30,21002,15124
2738,30,22002,15124
2739,30,23002,15124
2740,30,24002,15124
2741,2,62006,15149
2742,2,131003,15149
2743,2,21002,15149
2744,2,22002,15149
2745,2,23002,15149
2746,2,24002,15149
2747,4,62006,15150
2748,5,131003,15150
2749,4,21002,15150
2750,4,22002,15150
2751,4,23002,15150
2752,4,24002,15150
2753,6,62006,15151
2754,10,131003,15151
2755,6,21002,15151
2756,6,22002,15151
2757,6,23002,15151
2758,6,24002,15151
2759,10,62006,15152
2760,1,112001,15152
2761,10,21002,15152
2762,10,22002,15152
2763,10,23002,15152
2764,10,24002,15152
2765,2,62006,15153
2766,2,131003,15153
2767,2,21002,15153
2768,2,22002,15153
2769,2,23002,15153
2770,2,24002,15153
2771,5,62006,15154
2772,5,131003,15154
2773,5,21002,15154
2774,5,22002,15154
2775,5,23002,15154
2776,5,24002,15154
2777,10,62006,15155
2778,1,112001,15155
2779,10,21002,15155
2780,10,22002,15155
2781,10,23002,15155
2782,10,24002,15155
2783,2,62006,15156
2784,2,131003,15156
2785,2,21002,15156
2786,2,22002,15156
2787,2,23002,15156
2788,2,24002,15156
2789,5,62006,15157
2790,5,131003,15157
2791,5,21002,15157
2792,5,22002,15157
2793,5,23002,15157
2794,5,24002,15157
2795,10,62006,15158
2796,1,112001,15158
2797,10,21002,15158
2798,10,22002,15158
2799,10,23002,15158
2800,10,24002,15158
2801,15,62006,15159
2802,3,112001,15159
2803,15,21002,15159
2804,15,22002,15159
2805,15,23002,15159
2806,15,24002,15159
2807,20,62006,15160
2808,1,141002,15160
2809,20,21002,15160
2810,20,22002,15160
2811,20,23002,15160
2812,20,24002,15160
2813,30,62006,15161
2814,1,141003,15161
2815,30,21002,15161
2816,30,22002,15161
2817,30,23002,15161
2818,30,24002,15161
2819,1,62006,16001
2820,1,63002,16001
2821,1,62006,16002
2822,1,63002,16002
2823,1,62006,16003
2824,1,63002,16003
2825,1,62006,16004
2826,1,63002,16004
2827,5,62006,17001
2828,2,25001,17001
2829,1,141002,17001
2830,1,31003,17001
2831,100,10100001,18001
2832,5,31002,18001
2833,5,21002,18001
2834,5,22002,18001
2835,5,23002,18001
2836,5,24002,18001
2837,1,111001,18002
2838,5,31002,18002
2839,5,21002,18002
2840,5,22002,18002
2841,5,23002,18002
2842,5,24002,18002
2843,1,141001,18003
2844,5,31002,18003
2845,5,21002,18003
2846,5,22002,18003
2847,5,23002,18003
2848,5,24002,18003
2849,100,11012,18004
2850,5,31002,18004
2851,5,21002,18004
2852,5,22002,18004
2853,5,23002,18004
2854,5,24002,18004
2855,1,141002,18005
2856,5,31002,18005
2857,5,21002,18005
2858,5,22002,18005
2859,5,23002,18005
2860,5,24002,18005
2861,120,10100001,18006
2862,5,31002,18006
2863,5,21002,18006
2864,5,22002,18006
2865,5,23002,18006
2866,5,24002,18006
2867,1,112001,18007
2868,5,31002,18007
2869,5,21002,18007
2870,5,22002,18007
2871,5,23002,18007
2872,5,24002,18007
2873,1,151001,18008
2874,5,31002,18008
2875,5,21002,18008
2876,5,22002,18008
2877,5,23002,18008
2878,5,24002,18008
2879,120,11012,18009
2880,5,31002,18009
2881,5,21002,18009
2882,5,22002,18009
2883,5,23002,18009
2884,5,24002,18009
2885,1,151002,18010
2886,5,31002,18010
2887,5,21002,18010
2888,5,22002,18010
2889,5,23002,18010
2890,5,24002,18010
2891,140,10100001,18011
2892,10,31002,18011
2893,5,21002,18011
2894,5,22002,18011
2895,5,23002,18011
2896,5,24002,18011
2897,1,111001,18012
2898,10,31002,18012
2899,5,21002,18012
2900,5,22002,18012
2901,5,23002,18012
2902,5,24002,18012
2903,1,141001,18013
2904,10,31002,18013
2905,5,21002,18013
2906,5,22002,18013
2907,5,23002,18013
2908,5,24002,18013
2909,140,11012,18014
2910,10,31002,18014
2911,5,21002,18014
2912,5,22002,18014
2913,5,23002,18014
2914,5,24002,18014
2915,1,141002,18015
2916,10,31002,18015
2917,5,21002,18015
2918,5,22002,18015
2919,5,23002,18015
2920,5,24002,18015
2921,160,10100001,18016
2922,10,31002,18016
2923,5,21002,18016
2924,5,22002,18016
2925,5,23002,18016
2926,5,24002,18016
2927,1,112001,18017
2928,10,31002,18017
2929,5,21002,18017
2930,5,22002,18017
2931,5,23002,18017
2932,5,24002,18017
2933,1,151001,18018
2934,10,31002,18018
2935,5,21002,18018
2936,5,22002,18018
2937,5,23002,18018
2938,5,24002,18018
2939,160,11012,18019
2940,10,31002,18019
2941,5,21002,18019
2942,5,22002,18019
2943,5,23002,18019
2944,5,24002,18019
2945,1,151002,18020
2946,10,31002,18020
2947,5,21002,18020
2948,5,22002,18020
2949,5,23002,18020
2950,5,24002,18020
2951,180,10100001,18021
2952,15,31002,18021
2953,5,21002,18021
2954,5,22002,18021
2955,5,23002,18021
2956,5,24002,18021
2957,1,111001,18022
2958,15,31002,18022
2959,5,21002,18022
2960,5,22002,18022
2961,5,23002,18022
2962,5,24002,18022
2963,1,141001,18023
2964,15,31002,18023
2965,5,21002,18023
2966,5,22002,18023
2967,5,23002,18023
2968,5,24002,18023
2969,180,11012,18024
2970,15,31002,18024
2971,5,21002,18024
2972,5,22002,18024
2973,5,23002,18024
2974,5,24002,18024
2975,1,141002,18025
2976,15,31002,18025
2977,5,21002,18025
2978,5,22002,18025
2979,5,23002,18025
2980,5,24002,18025
2981,200,10100001,18026
2982,15,31002,18026
2983,5,21002,18026
2984,5,22002,18026
2985,5,23002,18026
2986,5,24002,18026
2987,1,112001,18027
2988,15,31002,18027
2989,5,21002,18027
2990,5,22002,18027
2991,5,23002,18027
2992,5,24002,18027
2993,1,151001,18028
2994,15,31002,18028
2995,5,21002,18028
2996,5,22002,18028
2997,5,23002,18028
2998,5,24002,18028
2999,200,11012,18029
3000,15,31002,18029
3001,5,21002,18029
3002,5,22002,18029
3003,5,23002,18029
3004,5,24002,18029
3005,1,151002,18030
3006,15,31002,18030
3007,5,21002,18030
3008,5,22002,18030
3009,5,23002,18030
3010,5,24002,18030
3011,220,10100001,18031
3012,20,31002,18031
3013,5,21002,18031
3014,5,22002,18031
3015,5,23002,18031
3016,5,24002,18031
3017,1,111001,18032
3018,20,31002,18032
3019,5,21002,18032
3020,5,22002,18032
3021,5,23002,18032
3022,5,24002,18032
3023,1,141001,18033
3024,20,31002,18033
3025,5,21002,18033
3026,5,22002,18033
3027,5,23002,18033
3028,5,24002,18033
3029,220,11012,18034
3030,20,31002,18034
3031,5,21002,18034
3032,5,22002,18034
3033,5,23002,18034
3034,5,24002,18034
3035,1,141002,18035
3036,20,31002,18035
3037,5,21002,18035
3038,5,22002,18035
3039,5,23002,18035
3040,5,24002,18035
3041,240,10100001,18036
3042,20,31002,18036
3043,5,21002,18036
3044,5,22002,18036
3045,5,23002,18036
3046,5,24002,18036
3047,1,112001,18037
3048,20,31002,18037
3049,5,21002,18037
3050,5,22002,18037
3051,5,23002,18037
3052,5,24002,18037
3053,1,151001,18038
3054,20,31002,18038
3055,5,21002,18038
3056,5,22002,18038
3057,5,23002,18038
3058,5,24002,18038
3059,240,11012,18039
3060,20,31002,18039
3061,5,21002,18039
3062,5,22002,18039
3063,5,23002,18039
3064,5,24002,18039
3065,1,151002,18040
3066,20,31002,18040
3067,5,21002,18040
3068,5,22002,18040
3069,5,23002,18040
3070,5,24002,18040
3071,260,10100001,18041
3072,20,31002,18041
3073,5,21002,18041
3074,5,22002,18041
3075,5,23002,18041
3076,5,24002,18041
3077,1,111001,18042
3078,25,31002,18042
3079,5,21002,18042
3080,5,22002,18042
3081,5,23002,18042
3082,5,24002,18042
3083,1,141001,18043
3084,25,31002,18043
3085,5,21002,18043
3086,5,22002,18043
3087,5,23002,18043
3088,5,24002,18043
3089,260,11012,18044
3090,25,31002,18044
3091,5,21002,18044
3092,5,22002,18044
3093,5,23002,18044
3094,5,24002,18044
3095,1,141002,18045
3096,25,31002,18045
3097,5,21002,18045
3098,5,22002,18045
3099,5,23002,18045
3100,5,24002,18045
3101,280,10100001,18046
3102,25,31002,18046
3103,5,21002,18046
3104,5,22002,18046
3105,5,23002,18046
3106,5,24002,18046
3107,1,112001,18047
3108,25,31002,18047
3109,5,21002,18047
3110,5,22002,18047
3111,5,23002,18047
3112,5,24002,18047
3113,1,151001,18048
3114,25,31002,18048
3115,5,21002,18048
3116,5,22002,18048
3117,5,23002,18048
3118,5,24002,18048
3119,280,11012,18049
3120,25,31002,18049
3121,5,21002,18049
3122,5,22002,18049
3123,5,23002,18049
3124,5,24002,18049
3125,100,141003,18050
3126,100,151003,18050
3127,100,31003,18050
3128,100,10100002,18050
3129,10000,10100001,18050
3130,80,141003,18051
3131,80,151003,18051
3132,80,31003,18051
3133,80,10100002,18051
3134,8000,10100001,18051
3135,60,141003,18052
3136,60,151003,18052
3137,60,31003,18052
3138,60,10100002,18052
3139,6000,10100001,18052
3140,50,141003,18053
3141,50,151003,18053
3142,50,31003,18053
3143,50,10100002,18053
3144,5000,10100001,18053
3145,40,141003,18054
3146,40,151003,18054
3147,40,31003,18054
3148,40,10100002,18054
3149,4000,10100001,18054
3150,30,141003,18055
3151,30,151003,18055
3152,30,31003,18055
3153,30,10100002,18055
3154,3000,10100001,18055
3155,20,141003,18056
3156,20,151003,18056
3157,20,31003,18056
3158,20,10100002,18056
3159,2000,10100001,18056
3160,10,141003,18057
3161,10,151003,18057
3162,10,31003,18057
3163,10,10100002,18057
3164,1000,10100001,18057
3165,5,141003,18058
3166,5,151003,18058
3167,5,31003,18058
3168,5,10100002,18058
3169,500,10100001,18058
3170,2,141003,18059
3171,2,151003,18059
3172,2,31003,18059
3173,2,10100002,18059
3174,200,10100001,18059
