category,goal_value,mission_id,param_type1,param_type2,param_val1,param_val2,type
100,1,1,1,0,1,0,1
100,4,2,1,0,2,0,1
100,4,3,1,0,3,0,1
100,8,4,1,0,4,0,1
100,6,5,1,0,5,0,1
100,9,6,1,0,6,0,1
100,8,7,1,0,7,0,1
100,10,8,1,0,8,0,1
100,7,9,1,0,9,0,1
100,7,10,1,0,10,0,1
100,5,11,1,0,11,0,1
100,5,12,1,0,12,0,1
100,6,21,1,0,21,0,1
100,6,22,1,0,22,0,1
100,6,23,1,0,23,0,1
100,6,24,1,0,24,0,1
100,6,31,1,0,31,0,1
100,6,32,1,0,32,0,1
100,6,33,1,0,33,0,1
100,6,34,1,0,34,0,1
2,1,10001,1,11,101,2,2
15,1,10002,1,0,1,0,3
4,5,10003,0,1,0,3,2
2,1,10004,1,11,209,1,2
1,1,10005,1,0,12001,0,6
15,1,10006,1,0,3,0,3
2,1,10007,1,11,101,3,2
8,1,10008,0,11,0,2,4
8,1,10009,0,0,0,0,11
2,1,10010,1,11,208,1,2
1,1,10011,1,0,12002,0,6
2,1,10012,1,11,103,1,2
4,10,10013,0,1,0,1,1
2,1,10014,1,11,300,2,2
8,3,10015,0,11,0,1,4
2,1,10016,1,11,101,4,2
14,2,10017,0,0,0,0,2
2,1,10018,1,11,107,1,2
9,1,10019,0,0,0,0,1
2,1,10020,1,11,102,2,2
2,1,10021,1,11,300,3,2
15,1,10022,1,0,5,0,3
5,1,10023,1,11,1,2,2
2,1,10024,1,11,106,1,2
3,1,10025,1,0,1,0,2
2,1,10026,1,11,101,5,2
2,1,10027,1,11,106,2,2
8,1,10028,0,11,0,10,4
8,1,10029,0,11,0,6,16
14,3,10030,0,0,0,0,2
5,1,10031,1,11,1,3,2
15,1,10032,1,0,7,0,3
7,1,10033,1,0,2,0,9
3,1,10034,1,0,201,0,2
2,1,10035,1,11,203,3,2
20,1,10036,1,0,1011,0,1
2,1,10037,1,11,300,4,2
5,1,10038,1,11,1,4,2
2,1,10039,1,11,101,6,2
15,1,10040,1,0,10,0,3
2,1,10041,1,11,111,1,2
11,1,10042,0,0,0,0,2
1,1,10043,1,0,12003,0,6
2,1,10044,1,11,110,3,2
4,100,10045,0,0,0,0,1
2,1,10046,1,11,106,4,2
2,1,10047,1,11,101,7,2
8,1,10048,0,11,0,20,4
5,1,10049,1,11,1,5,2
14,4,10050,0,0,0,0,2
2,1,10051,1,11,113,1,2
2,1,10052,1,11,107,3,2
8,1,10053,0,0,0,0,5
2,1,10054,1,11,102,5,2
2,1,10055,1,11,202,5,2
5,1,10056,1,11,1,6,2
15,1,10057,1,0,15,0,3
1,1,10058,1,0,12004,0,6
2,1,10059,1,11,101,8,2
2,1,10060,1,11,201,6,2
3,1,10061,1,0,205,0,2
2,1,10062,1,11,206,6,2
5,1,10063,1,11,1,7,2
14,5,10064,0,0,0,0,2
2,1,10065,1,11,101,9,2
19,1,10066,0,0,0,0,1
2,1,10067,1,11,203,8,2
5,1,10068,1,11,1,8,2
15,1,10069,1,0,20,0,3
2,1,10070,1,11,101,10,2
4,300,10071,0,0,0,0,1
5,1,10072,1,11,1,9,2
8,2,10073,0,11,0,20,4
15,1,10074,1,0,25,0,3
2,1,12001,1,11,207,5,2
2,1,12002,1,11,106,10,2
3,1,12003,1,0,206,0,2
11,5,12004,0,0,0,0,2
1,18000,12005,0,0,0,0,10
4,500,12006,11,0,2,0,6
2,1,12007,1,11,107,10,2
2,1,12008,1,11,110,10,2
2,1,12009,1,11,101,11,2
5,3,12010,1,11,1,10,2
20,1,12011,1,0,1026,0,1
15,1,12012,1,1,30,2,3
2,1,12013,1,11,210,1,2
17,1,12014,0,0,0,0,3
17,1,12015,0,11,0,5,4
5,3,12016,1,11,1,11,2
2,1,12017,1,11,204,11,2
15,1,12018,1,0,35,0,3
2,1,12019,1,11,101,12,2
3,20,12020,0,0,0,0,2
8,3,12021,0,11,0,20,4
4,7000,12022,0,0,0,0,6
1,18000,12023,0,0,0,0,10
2,1,12024,1,11,208,12,2
20,1,13001,1,0,1035,0,1
17,1,13002,0,11,0,10,4
5,3,13003,1,11,1,12,2
2,1,13004,1,11,101,13,2
8,1,13005,0,11,0,30,4
15,1,13006,1,0,40,0,3
2,1,13007,1,11,205,13,2
3,30,13008,0,0,0,0,2
5,3,13009,1,11,1,12,2
2,1,13010,1,11,101,14,2
1,18000,13011,0,0,0,0,10
15,1,13012,1,0,45,0,3
2,1,13013,1,11,102,14,2
2,1,13014,1,11,202,14,2
20,1,13015,1,0,1044,0,1
8,5,13016,0,11,0,10,4
2,1,13017,1,11,101,15,2
15,1,13018,1,0,50,0,3
2,1,13019,1,11,106,15,2
3,1,13020,1,0,215,0,2
4,2000,13021,11,0,3,0,6
8,2,13022,0,11,0,30,4
1,60000,13023,0,0,0,0,10
15,1,13024,1,0,60,0,3
2,1,20501,1,11,207,1,2
2,1,20502,1,11,109,1,2
2,2,20503,1,11,102,1,2
2,1,20504,1,11,104,1,2
4,30,20505,0,0,0,0,2
2,1,20506,1,11,204,3,2
2,1,20507,1,11,101,6,2
20,1,20508,1,0,1016,0,1
2,2,20601,1,11,103,1,2
2,1,20602,1,11,106,5,2
4,50,20603,0,0,0,0,2
3,1,20604,1,0,4,0,2
15,1,20605,1,0,9,0,3
2,1,20606,1,11,205,4,2
8,3,20607,0,11,0,10,4
2,1,20608,1,11,101,7,2
2,3,20701,1,11,102,1,2
4,100,20702,0,0,0,0,2
4,4000,20703,0,0,0,0,6
2,1,20704,1,11,203,5,2
5,3,20705,1,11,1,5,2
15,1,20706,1,0,12,0,3
2,1,20707,1,11,101,8,2
2,1,20801,1,11,204,6,2
2,3,20802,1,11,103,1,2
2,2,20803,1,11,206,1,2
8,1,20804,4,11,0,20,4
4,5000,20805,0,0,0,0,6
15,1,20806,1,0,15,0,3
2,1,20807,1,11,101,9,2
2,2,20901,1,11,104,1,2
2,1,20902,1,11,103,8,2
2,1,20903,1,11,105,1,2
2,1,20904,1,11,205,7,2
4,6000,20905,0,0,0,0,6
15,1,20906,1,0,20,0,3
2,1,20907,1,11,101,10,2
2,4,21001,1,11,102,1,2
2,4,21002,1,11,103,1,2
3,1,21003,1,0,206,0,2
2,1,21004,1,11,202,10,2
5,3,21005,1,11,1,8,2
4,7000,21006,0,0,0,0,6
15,1,21007,1,0,25,0,3
2,1,21008,1,11,101,11,2
2,1,21101,1,11,105,1,2
2,3,21102,1,11,206,1,2
3,1,21103,1,0,9,0,2
3,1,21104,1,0,207,0,2
2,1,21105,1,11,106,11,2
8,3,21106,0,11,0,20,4
4,10000,21107,0,0,0,0,6
15,1,21108,1,0,30,0,3
2,1,21109,1,11,101,12,2
2,1,21110,1,11,210,1,2
17,1,21111,0,0,0,0,3
2,3,21201,1,11,104,1,2
3,1,21202,1,0,208,0,2
5,3,21203,1,11,1,10,2
2,1,21204,1,11,208,12,2
4,15000,21205,0,0,0,0,6
2,1,21206,1,11,203,12,2
15,1,21207,1,0,35,0,3
2,1,21208,1,11,101,13,2
17,1,21209,0,0,0,0,2
2,2,21301,1,11,105,1,2
3,1,21302,1,0,209,0,2
5,3,21303,1,11,1,11,2
8,2,21304,0,11,0,30,4
4,20000,21305,0,0,0,0,6
2,1,21306,1,11,205,13,2
15,1,21307,1,0,40,0,3
2,1,21308,1,11,101,14,2
2,1,21401,1,11,107,14,2
8,4,21402,0,11,0,20,4
4,30000,21403,0,0,0,0,6
2,1,21404,1,11,202,14,2
15,1,21405,1,0,50,0,3
2,1,21406,1,11,101,15,2
2,4,21501,1,11,104,1,2
2,3,21502,1,11,105,1,2
3,1,21503,1,0,215,0,2
15,1,21504,1,0,60,0,3
8,3,21505,0,11,0,30,4
4,50000,21506,0,0,0,0,6
2,1,21507,1,11,106,15,2
2,1,21508,1,11,201,15,2
2,1,21509,1,11,101,16,2
2,4,21601,1,11,206,1,2
3,1,21602,1,0,216,0,2
15,1,21603,1,0,70,0,3
8,6,21604,0,11,0,20,4
4,75000,21605,0,0,0,0,6
2,1,21606,1,11,203,16,2
5,3,21607,1,11,1,12,2
2,1,21608,1,11,101,17,2
2,4,21701,1,11,105,1,2
3,1,21702,1,0,217,0,2
15,1,21703,1,0,75,0,3
8,1,21704,0,11,0,40,4
4,100000,21705,0,0,0,0,6
2,1,21706,1,11,106,17,2
2,1,21707,1,11,110,17,2
2,1,21708,1,11,101,18,2
3,1,21801,1,0,218,0,2
15,1,21802,1,0,80,0,3
8,4,21803,0,11,0,30,4
2,1,21804,1,11,204,18,2
2,1,21805,1,11,104,18,2
4,125000,21806,0,0,0,0,6
2,1,21807,1,11,101,19,2
15,1,21901,1,0,85,0,3
8,2,21902,0,11,0,40,4
4,150000,21903,0,0,0,0,6
2,1,21904,1,11,208,19,2
14,5,21905,0,0,0,0,1
2,1,21906,1,11,101,20,2
15,1,22001,1,0,90,0,3
8,6,22002,0,11,0,30,4
4,200000,22003,0,0,0,0,6
2,1,22004,1,11,105,20,2
2,1,22005,1,11,205,20,2
2,1,22006,1,11,101,21,2
15,1,22101,1,0,95,0,3
8,3,22102,0,11,0,40,4
4,250000,22103,0,0,0,0,6
3,1,22104,1,0,224,0,2
2,1,22105,1,11,106,21,2
2,1,22106,1,11,202,21,2
2,1,22107,1,11,101,22,2
15,1,22201,1,0,100,0,3
8,4,22202,0,11,0,40,4
4,320000,22203,0,0,0,0,6
3,1,22204,1,0,225,0,2
2,1,22205,1,11,201,22,2
2,1,22206,1,11,206,22,2
2,1,22207,1,11,101,23,2
15,1,22301,1,0,110,0,3
8,1,22302,0,11,0,50,4
4,400000,22303,0,0,0,0,6
3,1,22304,1,0,226,0,2
2,1,22305,1,11,103,23,2
2,1,22306,1,11,203,23,2
2,1,22307,1,11,101,24,2
15,1,22401,1,0,120,0,3
8,6,22402,0,11,0,40,4
4,500000,22403,0,0,0,0,6
3,1,22404,1,0,227,0,2
2,1,22405,1,11,110,24,2
2,1,22406,1,11,106,24,2
2,1,22407,1,11,101,25,2
15,1,22501,1,0,130,0,3
8,2,22502,0,11,0,50,4
4,600000,22503,0,0,0,0,6
3,1,22504,1,0,232,0,2
2,1,22505,1,11,106,25,2
2,1,22506,1,11,204,25,2
2,1,22507,1,11,101,26,2
15,1,22601,1,0,140,0,3
8,9,22602,0,11,0,30,4
4,800000,22603,0,0,0,0,6
3,1,22604,1,0,233,0,2
2,1,22605,1,11,208,26,2
2,1,22606,1,11,101,27,2
15,1,22701,1,0,150,0,3
8,3,22702,0,11,0,50,4
4,1000000,22703,0,0,0,0,6
3,1,22704,1,0,234,0,2
2,1,22705,1,11,205,27,2
2,1,22706,1,11,101,28,2
15,1,22801,1,0,160,0,3
8,9,22802,0,11,0,40,4
4,1200000,22803,0,0,0,0,6
3,1,22804,1,0,235,0,2
2,1,22805,1,11,202,28,2
2,1,22806,1,11,101,29,2
15,1,22901,1,0,180,0,3
8,1,22902,0,11,0,60,4
4,1500000,22903,0,0,0,0,6
2,1,22904,1,11,206,29,2
2,1,22905,1,11,101,30,2
15,1,23001,1,0,190,0,3
8,2,23002,0,11,0,60,4
4,2000000,23003,0,0,0,0,6
2,1,23004,1,11,106,30,2
3,1,23005,1,0,249,0,2
3,1,23006,1,0,250,0,2
3,1,23007,1,0,251,0,2
3,1,23008,1,0,252,0,2
15,1,23009,1,0,195,0,3
4,2500000,23010,0,0,0,0,6
4,3000000,23011,0,0,0,0,6
8,3,23012,0,11,0,60,4
15,1,23013,1,0,200,0,3
4,3500000,23014,0,0,0,0,6
4,4000000,23015,0,0,0,0,6
8,4,23016,0,11,0,60,4
4,5000000,23017,0,0,0,0,6
8,5,23018,0,11,0,60,4
4,6000000,23019,0,0,0,0,6
8,6,23020,0,11,0,60,4
4,7000000,23021,0,0,0,0,6
8,7,23022,0,11,0,60,4
4,8000000,23023,0,0,0,0,6
8,8,23024,0,11,0,60,4
4,9000000,23025,0,0,0,0,6
8,9,23026,0,11,0,60,4
4,10000000,23027,0,0,0,0,6
2,1,30001,1,11,102,8,2
2,1,30006,1,11,102,12,2
2,1,30011,1,11,102,15,2
2,1,30012,1,11,102,16,2
2,1,30013,1,11,102,18,2
2,1,30014,1,11,102,20,2
2,1,30015,1,11,102,22,2
2,1,30016,1,11,102,25,2
2,1,30017,1,11,102,26,2
2,1,30018,1,11,102,27,2
2,1,30019,1,11,102,28,2
2,1,30020,1,11,102,29,2
2,1,30021,1,11,102,30,2
2,1,30029,1,11,103,7,2
2,1,30036,1,11,103,9,2
2,1,30039,1,11,103,12,2
2,1,30040,1,11,103,15,2
2,1,30041,1,11,103,17,2
2,1,30042,1,11,103,19,2
2,1,30043,1,11,103,21,2
2,1,30044,1,11,103,25,2
2,1,30045,1,11,103,26,2
2,1,30046,1,11,103,27,2
2,1,30047,1,11,103,28,2
2,1,30048,1,11,103,29,2
2,1,30049,1,11,103,30,2
2,1,30064,1,11,104,8,2
2,1,30068,1,11,104,12,2
2,1,30069,1,11,104,15,2
2,1,30070,1,11,104,16,2
2,1,30071,1,11,104,18,2
2,1,30072,1,11,104,20,2
2,1,30073,1,11,104,22,2
2,1,30074,1,11,104,25,2
2,1,30075,1,11,104,26,2
2,1,30076,1,11,104,27,2
2,1,30077,1,11,104,28,2
2,1,30078,1,11,104,29,2
2,1,30079,1,11,104,30,2
2,1,30095,1,11,105,7,2
2,1,30097,1,11,105,9,2
2,1,30098,1,11,105,12,2
2,1,30099,1,11,105,15,2
2,1,30100,1,11,105,17,2
2,1,30101,1,11,105,19,2
2,1,30102,1,11,105,21,2
2,1,30103,1,11,105,25,2
2,1,30104,1,11,105,26,2
2,1,30105,1,11,105,27,2
2,1,30106,1,11,105,28,2
2,1,30107,1,11,105,29,2
2,1,30108,1,11,105,30,2
2,1,30119,1,11,106,6,2
2,1,30126,1,11,106,8,2
2,1,30127,1,11,106,11,2
2,1,30128,1,11,106,14,2
2,1,30129,1,11,106,17,2
2,1,30130,1,11,106,20,2
2,1,30131,1,11,106,23,2
2,1,30132,1,11,106,25,2
2,1,30133,1,11,106,26,2
2,1,30134,1,11,106,27,2
2,1,30135,1,11,106,28,2
2,1,30136,1,11,106,29,2
2,1,30137,1,11,106,30,2
2,1,30147,1,11,107,6,2
2,1,30154,1,11,107,8,2
2,1,30155,1,11,107,11,2
2,1,30156,1,11,107,14,2
2,1,30157,1,11,107,17,2
2,1,30158,1,11,107,20,2
2,1,30159,1,11,107,24,2
2,1,30160,1,11,107,25,2
2,1,30161,1,11,107,26,2
2,1,30162,1,11,107,27,2
2,1,30163,1,11,107,28,2
2,1,30164,1,11,107,29,2
2,1,30165,1,11,107,30,2
2,1,30213,1,11,110,6,2
2,1,30214,1,11,110,8,2
2,1,30215,1,11,110,11,2
2,1,30216,1,11,110,14,2
2,1,30217,1,11,110,18,2
2,1,30218,1,11,110,20,2
2,1,30219,1,11,110,23,2
2,1,30220,1,11,110,25,2
2,1,30221,1,11,110,26,2
2,1,30222,1,11,110,27,2
2,1,30223,1,11,110,28,2
2,1,30224,1,11,110,29,2
2,1,30225,1,11,110,30,2
2,1,30261,1,11,201,5,2
2,1,30262,1,11,201,7,2
2,1,30268,1,11,201,10,2
2,1,30270,1,11,201,13,2
2,1,30271,1,11,201,16,2
2,1,30272,1,11,201,19,2
2,1,30273,1,11,201,22,2
2,1,30274,1,11,201,25,2
2,1,30275,1,11,201,26,2
2,1,30276,1,11,201,27,2
2,1,30277,1,11,201,28,2
2,1,30278,1,11,201,29,2
2,1,30279,1,11,201,30,2
2,1,30289,1,11,202,6,2
2,1,30299,1,11,202,8,2
2,1,30300,1,11,202,11,2
2,1,30301,1,11,202,14,2
2,1,30302,1,11,202,18,2
2,1,30303,1,11,202,20,2
2,1,30304,1,11,202,23,2
2,1,30305,1,11,202,25,2
2,1,30306,1,11,202,26,2
2,1,30307,1,11,202,27,2
2,1,30308,1,11,202,28,2
2,1,30309,1,11,202,29,2
2,1,30310,1,11,202,30,2
2,1,30318,1,11,203,5,2
2,1,30327,1,11,203,7,2
2,1,30328,1,11,203,10,2
2,1,30329,1,11,203,13,2
2,1,30330,1,11,203,16,2
2,1,30331,1,11,203,19,2
2,1,30332,1,11,203,24,2
2,1,30333,1,11,203,25,2
2,1,30334,1,11,203,26,2
2,1,30335,1,11,203,27,2
2,1,30336,1,11,203,28,2
2,1,30337,1,11,203,29,2
2,1,30338,1,11,203,30,2
2,1,30352,1,11,204,6,2
2,1,30356,1,11,204,8,2
2,1,30357,1,11,204,11,2
2,1,30358,1,11,204,14,2
2,1,30359,1,11,204,18,2
2,1,30360,1,11,204,20,2
2,1,30361,1,11,204,23,2
2,1,30362,1,11,204,25,2
2,1,30363,1,11,204,26,2
2,1,30364,1,11,204,27,2
2,1,30365,1,11,204,28,2
2,1,30366,1,11,204,29,2
2,1,30367,1,11,204,30,2
2,1,30379,1,11,205,5,2
2,1,30385,1,11,205,7,2
2,1,30386,1,11,205,10,2
2,1,30387,1,11,205,13,2
2,1,30388,1,11,205,16,2
2,1,30389,1,11,205,19,2
2,1,30390,1,11,205,24,2
2,1,30391,1,11,205,25,2
2,1,30392,1,11,205,26,2
2,1,30393,1,11,205,27,2
2,1,30394,1,11,205,28,2
2,1,30395,1,11,205,29,2
2,1,30396,1,11,205,30,2
2,1,30403,1,11,206,9,2
2,1,30410,1,11,206,12,2
2,1,30414,1,11,206,15,2
2,1,30415,1,11,206,17,2
2,1,30416,1,11,206,19,2
2,1,30417,1,11,206,21,2
2,1,30418,1,11,206,24,2
2,1,30419,1,11,206,25,2
2,1,30420,1,11,206,26,2
2,1,30421,1,11,206,27,2
2,1,30422,1,11,206,28,2
2,1,30423,1,11,206,29,2
2,1,30424,1,11,206,30,2
2,1,30490,1,11,300,9,2
2,1,30497,1,11,300,12,2
2,1,30501,1,11,300,15,2
2,1,30502,1,11,300,17,2
2,1,30503,1,11,300,19,2
2,1,30504,1,11,300,21,2
2,1,30505,1,11,300,23,2
2,1,30506,1,11,300,25,2
2,1,30507,1,11,300,26,2
2,1,30508,1,11,300,27,2
2,1,30509,1,11,300,28,2
2,1,30510,1,11,300,29,2
2,1,30511,1,11,300,30,2
9,20,30549,0,0,0,0,2
9,80,30569,0,0,0,0,2
9,100,30575,0,0,0,0,2
9,150,30576,0,0,0,0,2
9,200,30577,0,0,0,0,2
9,300,30578,0,0,0,0,2
9,400,30579,0,0,0,0,2
9,500,30580,0,0,0,0,2
9,600,30581,0,0,0,0,2
9,700,30582,0,0,0,0,2
9,800,30583,0,0,0,0,2
9,900,30584,0,0,0,0,2
9,1200,30585,0,0,0,0,2
9,1500,30586,0,0,0,0,2
7,15000,30592,1,0,102,0,2
7,35000,30604,1,0,102,0,2
7,50000,30605,1,0,102,0,2
7,100000,30606,1,0,102,0,2
7,200000,30607,1,0,102,0,2
7,400000,30608,1,0,102,0,2
7,600000,30609,1,0,102,0,2
7,800000,30610,1,0,102,0,2
7,1000000,30611,1,0,102,0,2
7,1500000,30612,1,0,102,0,2
7,15000,30622,1,0,103,0,2
7,35000,30634,1,0,103,0,2
7,50000,30635,1,0,103,0,2
7,100000,30636,1,0,103,0,2
7,200000,30637,1,0,103,0,2
7,400000,30638,1,0,103,0,2
7,600000,30639,1,0,103,0,2
7,800000,30640,1,0,103,0,2
7,1000000,30641,1,0,103,0,2
7,1500000,30642,1,0,103,0,2
7,15000,30664,1,0,104,0,2
7,35000,30665,1,0,104,0,2
7,50000,30666,1,0,104,0,2
7,100000,30667,1,0,104,0,2
7,200000,30668,1,0,104,0,2
7,400000,30669,1,0,104,0,2
7,600000,30670,1,0,104,0,2
7,800000,30671,1,0,104,0,2
7,1000000,30672,1,0,104,0,2
7,1500000,30673,1,0,104,0,2
7,15000,30694,1,0,105,0,2
7,35000,30695,1,0,105,0,2
7,50000,30696,1,0,105,0,2
7,100000,30697,1,0,105,0,2
7,200000,30698,1,0,105,0,2
7,400000,30699,1,0,105,0,2
7,600000,30700,1,0,105,0,2
7,800000,30701,1,0,105,0,2
7,1000000,30702,1,0,105,0,2
7,1500000,30703,1,0,105,0,2
7,100000,30746,1,0,2,0,5
7,500000,30768,1,0,2,0,5
7,1000000,30769,1,0,2,0,5
7,1500000,30770,1,0,2,0,5
7,2000000,30771,1,0,2,0,5
7,3000000,30772,1,0,2,0,5
7,4500000,30773,1,0,2,0,5
7,5000000,30774,1,0,2,0,5
7,5500000,30775,1,0,2,0,5
7,6000000,30776,1,0,2,0,5
7,7000000,30777,1,0,2,0,5
7,8000000,30778,1,0,2,0,5
7,8500000,30779,1,0,2,0,5
7,9500000,30780,1,0,2,0,5
7,10000000,30781,1,0,2,0,5
7,12000000,30782,1,0,2,0,5
7,14000000,30783,1,0,2,0,5
7,16000000,30784,1,0,2,0,5
7,18000000,30785,1,0,2,0,5
7,20000000,30786,1,0,2,0,5
7,100000,30822,1,0,3,0,5
7,500000,30838,1,0,3,0,5
7,1000000,30839,1,0,3,0,5
7,1500000,30840,1,0,3,0,5
7,2000000,30841,1,0,3,0,5
7,3000000,30842,1,0,3,0,5
7,4500000,30843,1,0,3,0,5
7,5000000,30844,1,0,3,0,5
7,5500000,30845,1,0,3,0,5
7,6000000,30846,1,0,3,0,5
7,7000000,30847,1,0,3,0,5
7,8000000,30848,1,0,3,0,5
7,8500000,30849,1,0,3,0,5
7,9500000,30850,1,0,3,0,5
7,10000000,30851,1,0,3,0,5
7,12000000,30852,1,0,3,0,5
7,14000000,30853,1,0,3,0,5
7,16000000,30854,1,0,3,0,5
7,18000000,30855,1,0,3,0,5
7,20000000,30856,1,0,3,0,5
7,100000,30889,1,0,4,0,5
7,500000,30908,1,0,4,0,5
7,1000000,30909,1,0,4,0,5
7,1500000,30910,1,0,4,0,5
7,2000000,30911,1,0,4,0,5
7,3000000,30912,1,0,4,0,5
7,4500000,30913,1,0,4,0,5
7,5000000,30914,1,0,4,0,5
7,5500000,30915,1,0,4,0,5
7,6000000,30916,1,0,4,0,5
7,7000000,30917,1,0,4,0,5
7,8000000,30918,1,0,4,0,5
7,8500000,30919,1,0,4,0,5
7,9500000,30920,1,0,4,0,5
7,10000000,30921,1,0,4,0,5
7,12000000,30922,1,0,4,0,5
7,14000000,30923,1,0,4,0,5
7,16000000,30924,1,0,4,0,5
7,18000000,30925,1,0,4,0,5
7,20000000,30926,1,0,4,0,5
7,100000,30976,1,0,5,0,5
7,500000,30978,1,0,5,0,5
7,1000000,30979,1,0,5,0,5
7,1500000,30980,1,0,5,0,5
7,2000000,30981,1,0,5,0,5
7,3000000,30982,1,0,5,0,5
7,4500000,30983,1,0,5,0,5
7,5000000,30984,1,0,5,0,5
7,5500000,30985,1,0,5,0,5
7,6000000,30986,1,0,5,0,5
7,7000000,30987,1,0,5,0,5
7,8000000,30988,1,0,5,0,5
7,8500000,30989,1,0,5,0,5
7,9500000,30990,1,0,5,0,5
7,10000000,30991,1,0,5,0,5
7,12000000,30992,1,0,5,0,5
7,14000000,30993,1,0,5,0,5
7,16000000,30994,1,0,5,0,5
7,18000000,30995,1,0,5,0,5
7,20000000,30996,1,0,5,0,5
4,1500,31022,0,1,0,1,6
4,15000,31025,0,1,0,1,6
4,20000,31034,0,1,0,1,6
4,35000,31035,0,1,0,1,6
4,55000,31036,0,1,0,1,6
4,80000,31037,0,1,0,1,6
4,150000,31038,0,1,0,1,6
4,250000,31039,0,1,0,1,6
4,400000,31040,0,1,0,1,6
4,800000,31041,0,1,0,1,6
4,1500,31053,0,1,0,2,6
4,15000,31062,0,1,0,2,6
4,20000,31064,0,1,0,2,6
4,35000,31065,0,1,0,2,6
4,55000,31066,0,1,0,2,6
4,80000,31067,0,1,0,2,6
4,150000,31068,0,1,0,2,6
4,250000,31069,0,1,0,2,6
4,400000,31070,0,1,0,2,6
4,800000,31071,0,1,0,2,6
4,1500,31089,0,1,0,3,6
4,15000,31094,0,1,0,3,6
4,20000,31095,0,1,0,3,6
4,35000,31096,0,1,0,3,6
4,55000,31097,0,1,0,3,6
4,80000,31098,0,1,0,3,6
4,150000,31099,0,1,0,3,6
4,250000,31100,0,1,0,3,6
4,400000,31101,0,1,0,3,6
4,800000,31102,0,1,0,3,6
4,1500,31119,0,1,0,4,6
4,15000,31124,0,1,0,4,6
4,20000,31125,0,1,0,4,6
4,35000,31126,0,1,0,4,6
4,55000,31127,0,1,0,4,6
4,80000,31128,0,1,0,4,6
4,150000,31129,0,1,0,4,6
4,250000,31130,0,1,0,4,6
4,400000,31131,0,1,0,4,6
4,800000,31132,0,1,0,4,6
5,3,31147,1,11,1,5,2
5,3,31153,1,11,1,8,2
5,5,31154,1,11,1,10,2
5,5,31155,1,11,1,12,2
5,10,31156,1,11,1,14,2
5,20,31157,1,11,1,16,2
5,30,31158,1,11,1,20,2
5,50,31159,1,11,1,24,2
5,100,31160,1,11,1,27,2
5,100,31161,1,11,1,30,2
8,1,31192,0,11,0,10,4
8,2,31193,0,11,0,15,4
8,3,31194,0,11,0,20,4
8,4,31195,0,11,0,25,4
8,5,31196,0,11,0,30,4
8,6,31197,0,11,0,35,4
8,7,31198,0,11,0,40,4
8,8,31199,0,11,0,45,4
8,9,31200,0,11,0,50,4
8,10,31201,0,11,0,55,4
14,4,31203,0,0,0,0,2
14,5,31210,0,0,0,0,2
14,6,31215,0,0,0,0,2
14,8,31216,0,0,0,0,2
14,10,31217,0,0,0,0,2
14,12,31218,0,0,0,0,2
14,14,31219,0,0,0,0,2
14,16,31220,0,0,0,0,2
14,18,31221,0,0,0,0,2
14,20,31222,0,0,0,0,2
1,15000,31228,0,0,0,0,9
1,50000,31240,0,0,0,0,9
1,200000,31241,0,0,0,0,9
1,500000,31242,0,0,0,0,9
1,1000000,31243,0,0,0,0,9
1,2000000,31244,0,0,0,0,9
1,3000000,31245,0,0,0,0,9
1,5000000,31246,0,0,0,0,9
1,10000000,31247,0,0,0,0,9
1,20000000,31248,0,0,0,0,9
8,2,31253,0,0,0,0,5
8,4,31256,0,0,0,0,5
8,6,31257,0,0,0,0,5
17,1,31258,0,11,0,0,4
17,1,31259,0,11,0,10,4
17,2,31260,0,11,0,10,4
17,2,31261,0,11,0,20,4
17,2,31262,0,11,0,30,4
17,3,31263,0,11,0,40,4
17,5,31264,0,11,0,50,4
3,5,31273,0,0,0,0,2
3,12,31284,0,0,0,0,2
3,30,31285,0,0,0,0,2
3,45,31286,0,0,0,0,2
3,80,31287,0,0,0,0,2
3,100,31288,0,0,0,0,2
3,130,31289,0,0,0,0,2
3,160,31290,0,0,0,0,2
3,210,31291,0,0,0,0,2
3,250,31292,0,0,0,0,2
3,3,31306,0,0,0,0,2
3,10,31315,0,0,0,0,2
3,20,31316,0,0,0,0,2
18,1,31317,0,0,0,0,1
3,70,31318,0,0,0,0,2
18,3,31319,0,0,0,0,1
3,120,31320,0,0,0,0,2
3,140,31321,0,0,0,0,2
3,190,31322,0,0,0,0,2
18,10,31323,0,0,0,0,1
2,1,31333,1,11,208,5,2
2,1,31334,1,11,208,7,2
2,1,31335,1,11,208,10,2
2,1,31336,1,11,208,13,2
2,1,31337,1,11,208,16,2
2,1,31338,1,11,208,18,2
2,1,31339,1,11,208,21,2
2,1,31340,1,11,208,25,2
2,1,31341,1,11,208,26,2
2,1,31342,1,11,208,27,2
2,1,31343,1,11,208,28,2
2,1,31344,1,11,208,29,2
2,1,31345,1,11,208,30,2
100,20,40001,1,0,11008,0,2
100,40,40002,1,0,11008,0,2
100,60,40003,1,0,11008,0,2
100,80,40004,1,0,11008,0,2
100,100,40005,1,0,11008,0,2
100,20,40006,1,0,11008,0,2
100,40,40007,1,0,11008,0,2
100,60,40008,1,0,11008,0,2
100,80,40009,1,0,11008,0,2
100,100,40010,1,0,11008,0,2
7,500,41005,1,0,102,0,2
7,650,41006,1,0,102,0,2
7,850,41007,1,0,102,0,2
7,1050,41008,1,0,102,0,2
7,1250,41009,1,0,102,0,2
7,1450,41010,1,0,102,0,2
7,1650,41011,1,0,102,0,2
7,1875,41012,1,0,102,0,2
7,2300,41013,1,0,102,0,2
7,3000,41014,1,0,102,0,2
7,3750,41015,1,0,102,0,2
7,4500,41016,1,0,102,0,2
7,5500,41017,1,0,102,0,2
7,6500,41018,1,0,102,0,2
7,7750,41019,1,0,102,0,2
7,9000,41020,1,0,102,0,2
7,10500,41021,1,0,102,0,2
7,11500,41022,1,0,102,0,2
7,13000,41023,1,0,102,0,2
7,15000,41024,1,0,102,0,2
7,16500,41025,1,0,102,0,2
7,18000,41026,1,0,102,0,2
7,20000,41027,1,0,102,0,2
7,21500,41028,1,0,102,0,2
7,23000,41029,1,0,102,0,2
7,25000,41030,1,0,102,0,2
7,500,41035,1,0,103,0,2
7,650,41036,1,0,103,0,2
7,850,41037,1,0,103,0,2
7,1050,41038,1,0,103,0,2
7,1250,41039,1,0,103,0,2
7,1450,41040,1,0,103,0,2
7,1650,41041,1,0,103,0,2
7,1875,41042,1,0,103,0,2
7,2300,41043,1,0,103,0,2
7,3000,41044,1,0,103,0,2
7,3750,41045,1,0,103,0,2
7,4500,41046,1,0,103,0,2
7,5500,41047,1,0,103,0,2
7,6500,41048,1,0,103,0,2
7,7750,41049,1,0,103,0,2
7,9000,41050,1,0,103,0,2
7,10500,41051,1,0,103,0,2
7,11500,41052,1,0,103,0,2
7,13000,41053,1,0,103,0,2
7,15000,41054,1,0,103,0,2
7,16500,41055,1,0,103,0,2
7,18000,41056,1,0,103,0,2
7,20000,41057,1,0,103,0,2
7,21500,41058,1,0,103,0,2
7,23000,41059,1,0,103,0,2
7,25000,41060,1,0,103,0,2
7,650,41061,1,0,104,0,2
7,850,41062,1,0,104,0,2
7,1050,41063,1,0,104,0,2
7,1250,41064,1,0,104,0,2
7,1450,41065,1,0,104,0,2
7,1650,41066,1,0,104,0,2
7,1875,41067,1,0,104,0,2
7,2300,41068,1,0,104,0,2
7,3000,41069,1,0,104,0,2
7,3750,41070,1,0,104,0,2
7,4500,41071,1,0,104,0,2
7,5500,41072,1,0,104,0,2
7,6500,41073,1,0,104,0,2
7,7750,41074,1,0,104,0,2
7,9000,41075,1,0,104,0,2
7,10500,41076,1,0,104,0,2
7,11500,41077,1,0,104,0,2
7,13000,41078,1,0,104,0,2
7,15000,41079,1,0,104,0,2
7,16500,41080,1,0,104,0,2
7,18000,41081,1,0,104,0,2
7,20000,41082,1,0,104,0,2
7,21500,41083,1,0,104,0,2
7,23000,41084,1,0,104,0,2
7,25000,41085,1,0,104,0,2
7,825,41086,1,0,105,0,2
7,950,41087,1,0,105,0,2
7,1150,41088,1,0,105,0,2
7,1500,41089,1,0,105,0,2
7,1875,41090,1,0,105,0,2
7,2250,41091,1,0,105,0,2
7,2750,41092,1,0,105,0,2
7,3250,41093,1,0,105,0,2
7,3875,41094,1,0,105,0,2
7,4500,41095,1,0,105,0,2
7,5250,41096,1,0,105,0,2
7,5750,41097,1,0,105,0,2
7,6500,41098,1,0,105,0,2
7,7500,41099,1,0,105,0,2
7,8250,41100,1,0,105,0,2
7,9000,41101,1,0,105,0,2
7,10000,41102,1,0,105,0,2
7,10750,41103,1,0,105,0,2
7,11500,41104,1,0,105,0,2
7,12500,41105,1,0,105,0,2
4,200,41110,0,1,0,1,2
4,200,41111,0,1,0,1,2
4,200,41112,0,1,0,1,2
4,200,41113,0,1,0,1,2
4,200,41114,0,1,0,1,2
4,200,41115,0,1,0,1,2
4,200,41116,0,1,0,1,2
4,200,41117,0,1,0,1,2
4,200,41118,0,1,0,1,2
4,200,41119,0,1,0,1,2
4,200,41120,0,1,0,1,2
4,200,41121,0,1,0,1,2
4,200,41122,0,1,0,1,2
4,200,41123,0,1,0,1,2
4,200,41124,0,1,0,1,2
4,200,41125,0,1,0,1,2
4,200,41126,0,1,0,1,2
4,200,41127,0,1,0,1,2
4,200,41128,0,1,0,1,2
4,200,41129,0,1,0,1,2
4,200,41130,0,1,0,1,2
4,200,41131,0,1,0,1,2
4,200,41132,0,1,0,1,2
4,200,41133,0,1,0,1,2
4,200,41134,0,1,0,1,2
4,200,41135,0,1,0,1,2
4,200,41140,0,1,0,2,2
4,200,41141,0,1,0,2,2
4,200,41142,0,1,0,2,2
4,200,41143,0,1,0,2,2
4,200,41144,0,1,0,2,2
4,200,41145,0,1,0,2,2
4,200,41146,0,1,0,2,2
4,200,41147,0,1,0,2,2
4,200,41148,0,1,0,2,2
4,200,41149,0,1,0,2,2
4,200,41150,0,1,0,2,2
4,200,41151,0,1,0,2,2
4,200,41152,0,1,0,2,2
4,200,41153,0,1,0,2,2
4,200,41154,0,1,0,2,2
4,200,41155,0,1,0,2,2
4,200,41156,0,1,0,2,2
4,200,41157,0,1,0,2,2
4,200,41158,0,1,0,2,2
4,200,41159,0,1,0,2,2
4,200,41160,0,1,0,2,2
4,200,41161,0,1,0,2,2
4,200,41162,0,1,0,2,2
4,200,41163,0,1,0,2,2
4,200,41164,0,1,0,2,2
4,200,41165,0,1,0,2,2
4,200,41166,0,1,0,3,2
4,200,41167,0,1,0,3,2
4,200,41168,0,1,0,3,2
4,200,41169,0,1,0,3,2
4,200,41170,0,1,0,3,2
4,200,41171,0,1,0,3,2
4,200,41172,0,1,0,3,2
4,200,41173,0,1,0,3,2
4,200,41174,0,1,0,3,2
4,200,41175,0,1,0,3,2
4,200,41176,0,1,0,3,2
4,200,41177,0,1,0,3,2
4,200,41178,0,1,0,3,2
4,200,41179,0,1,0,3,2
4,200,41180,0,1,0,3,2
4,200,41181,0,1,0,3,2
4,200,41182,0,1,0,3,2
4,200,41183,0,1,0,3,2
4,200,41184,0,1,0,3,2
4,200,41185,0,1,0,3,2
4,200,41186,0,1,0,3,2
4,200,41187,0,1,0,3,2
4,200,41188,0,1,0,3,2
4,200,41189,0,1,0,3,2
4,200,41190,0,1,0,3,2
4,200,41191,0,1,0,4,2
4,200,41192,0,1,0,4,2
4,200,41193,0,1,0,4,2
4,200,41194,0,1,0,4,2
4,200,41195,0,1,0,4,2
4,200,41196,0,1,0,4,2
4,200,41197,0,1,0,4,2
4,200,41198,0,1,0,4,2
4,200,41199,0,1,0,4,2
4,200,41200,0,1,0,4,2
4,200,41201,0,1,0,4,2
4,200,41202,0,1,0,4,2
4,200,41203,0,1,0,4,2
4,200,41204,0,1,0,4,2
4,200,41205,0,1,0,4,2
4,200,41206,0,1,0,4,2
4,200,41207,0,1,0,4,2
4,200,41208,0,1,0,4,2
4,200,41209,0,1,0,4,2
4,200,41210,0,1,0,4,2
4,200,41211,0,1,0,4,2
4,200,41212,0,1,0,4,2
4,200,41213,0,1,0,4,2
4,200,41214,0,1,0,4,2
4,200,41215,0,1,0,4,2
5,2,41216,1,11,1,1,2
5,2,41217,1,11,1,1,2
5,2,41218,1,11,1,1,2
5,3,41219,1,11,1,1,2
5,3,41220,1,11,1,1,2
5,3,41221,1,11,1,1,2
5,3,41222,1,11,1,1,2
5,4,41223,1,11,1,1,2
5,4,41224,1,11,1,1,2
5,4,41225,1,11,1,1,2
5,4,41226,1,11,1,1,2
5,5,41227,1,11,1,1,2
5,5,41228,1,11,1,1,2
5,5,41229,1,11,1,1,2
5,5,41230,1,11,1,1,2
5,6,41231,1,11,1,1,2
5,6,41232,1,11,1,1,2
5,6,41233,1,11,1,1,2
5,6,41234,1,11,1,1,2
5,7,41235,1,11,1,1,2
5,7,41236,1,11,1,1,2
5,7,41237,1,11,1,1,2
5,7,41238,1,11,1,1,2
5,8,41239,1,11,1,1,2
5,8,41240,1,11,1,1,2
5,8,41241,1,11,1,1,2
7,1200,41242,1,0,2,0,5
7,1600,41243,1,0,2,0,5
7,2000,41244,1,0,2,0,5
7,2500,41245,1,0,2,0,5
7,3000,41246,1,0,2,0,5
7,3500,41247,1,0,2,0,5
7,4000,41248,1,0,2,0,5
7,4500,41249,1,0,2,0,5
7,5500,41250,1,0,2,0,5
7,7000,41251,1,0,2,0,5
7,9000,41252,1,0,2,0,5
7,11000,41253,1,0,2,0,5
7,13000,41254,1,0,2,0,5
7,16000,41255,1,0,2,0,5
7,19000,41256,1,0,2,0,5
7,22000,41257,1,0,2,0,5
7,25000,41258,1,0,2,0,5
7,28000,41259,1,0,2,0,5
7,32000,41260,1,0,2,0,5
7,36000,41261,1,0,2,0,5
7,40000,41262,1,0,2,0,5
7,44000,41263,1,0,2,0,5
7,48000,41264,1,0,2,0,5
7,52000,41265,1,0,2,0,5
7,56000,41266,1,0,2,0,5
7,60000,41267,1,0,2,0,5
7,1200,41268,1,0,3,0,5
7,1600,41269,1,0,3,0,5
7,2000,41270,1,0,3,0,5
7,2500,41271,1,0,3,0,5
7,3000,41272,1,0,3,0,5
7,3500,41273,1,0,3,0,5
7,4000,41274,1,0,3,0,5
7,4500,41275,1,0,3,0,5
7,5500,41276,1,0,3,0,5
7,7000,41277,1,0,3,0,5
7,9000,41278,1,0,3,0,5
7,11000,41279,1,0,3,0,5
7,13000,41280,1,0,3,0,5
7,16000,41281,1,0,3,0,5
7,19000,41282,1,0,3,0,5
7,22000,41283,1,0,3,0,5
7,25000,41284,1,0,3,0,5
7,28000,41285,1,0,3,0,5
7,32000,41286,1,0,3,0,5
7,36000,41287,1,0,3,0,5
7,40000,41288,1,0,3,0,5
7,44000,41289,1,0,3,0,5
7,48000,41290,1,0,3,0,5
7,52000,41291,1,0,3,0,5
7,56000,41292,1,0,3,0,5
7,60000,41293,1,0,3,0,5
7,1600,41294,1,0,4,0,5
7,2000,41295,1,0,4,0,5
7,2500,41296,1,0,4,0,5
7,3000,41297,1,0,4,0,5
7,3500,41298,1,0,4,0,5
7,4000,41299,1,0,4,0,5
7,4500,41300,1,0,4,0,5
7,5500,41301,1,0,4,0,5
7,7000,41302,1,0,4,0,5
7,9000,41303,1,0,4,0,5
7,11000,41304,1,0,4,0,5
7,13000,41305,1,0,4,0,5
7,16000,41306,1,0,4,0,5
7,19000,41307,1,0,4,0,5
7,22000,41308,1,0,4,0,5
7,25000,41309,1,0,4,0,5
7,28000,41310,1,0,4,0,5
7,32000,41311,1,0,4,0,5
7,36000,41312,1,0,4,0,5
7,40000,41313,1,0,4,0,5
7,44000,41314,1,0,4,0,5
7,48000,41315,1,0,4,0,5
7,52000,41316,1,0,4,0,5
7,56000,41317,1,0,4,0,5
7,60000,41318,1,0,4,0,5
7,2000,41319,1,0,5,0,5
7,2250,41320,1,0,5,0,5
7,2750,41321,1,0,5,0,5
7,3500,41322,1,0,5,0,5
7,4500,41323,1,0,5,0,5
7,5500,41324,1,0,5,0,5
7,6500,41325,1,0,5,0,5
7,8000,41326,1,0,5,0,5
7,9500,41327,1,0,5,0,5
7,11000,41328,1,0,5,0,5
7,12500,41329,1,0,5,0,5
7,14000,41330,1,0,5,0,5
7,16000,41331,1,0,5,0,5
7,18000,41332,1,0,5,0,5
7,20000,41333,1,0,5,0,5
7,22000,41334,1,0,5,0,5
7,24000,41335,1,0,5,0,5
7,26000,41336,1,0,5,0,5
7,28000,41337,1,0,5,0,5
7,30000,41338,1,0,5,0,5
4,6,41339,0,0,0,0,8
4,8,41340,0,0,0,0,8
4,10,41341,0,0,0,0,8
4,12,41342,0,0,0,0,8
4,14,41343,0,0,0,0,8
4,16,41344,0,0,0,0,8
4,19,41345,0,0,0,0,8
4,22,41346,0,0,0,0,8
4,25,41347,0,0,0,0,8
4,28,41348,0,0,0,0,8
4,32,41349,0,0,0,0,8
4,36,41350,0,0,0,0,8
4,40,41351,0,0,0,0,8
4,44,41352,0,0,0,0,8
4,48,41353,0,0,0,0,8
4,50,41354,0,0,0,0,8
4,55,41355,0,0,0,0,8
4,60,41356,0,0,0,0,8
4,65,41357,0,0,0,0,8
4,70,41358,0,0,0,0,8
4,75,41359,0,0,0,0,8
4,80,41360,0,0,0,0,8
4,85,41361,0,0,0,0,8
4,90,41362,0,0,0,0,8
4,95,41363,0,0,0,0,8
4,100,41364,0,0,0,0,8
2,1,41369,0,0,0,0,1
2,1,41370,0,0,0,0,1
2,1,41371,0,0,0,0,1
2,1,41372,0,0,0,0,1
2,1,41373,0,0,0,0,1
2,1,41374,0,0,0,0,1
2,1,41375,0,0,0,0,1
2,1,41376,0,0,0,0,1
2,1,41377,0,0,0,0,1
2,1,41378,0,0,0,0,1
2,1,41379,0,0,0,0,1
2,1,41380,0,0,0,0,1
2,1,41381,0,0,0,0,1
2,1,41382,0,0,0,0,1
2,1,41383,0,0,0,0,1
2,1,41384,0,0,0,0,1
2,1,41385,0,0,0,0,1
2,1,41386,0,0,0,0,1
2,1,41387,0,0,0,0,1
2,1,41388,0,0,0,0,1
2,1,41389,0,0,0,0,1
2,1,41390,0,0,0,0,1
2,1,41391,0,0,0,0,1
2,1,41392,0,0,0,0,1
2,1,41393,0,0,0,0,1
2,1,41394,0,0,0,0,1
3,1,41395,0,0,0,0,1
3,1,41396,0,0,0,0,1
3,1,41397,0,0,0,0,1
3,1,41398,0,0,0,0,1
3,1,41399,0,0,0,0,1
3,1,41400,0,0,0,0,1
3,1,41401,0,0,0,0,1
3,1,41402,0,0,0,0,1
3,1,41403,0,0,0,0,1
3,1,41404,0,0,0,0,1
3,1,41405,0,0,0,0,1
3,1,41406,0,0,0,0,1
3,1,41407,0,0,0,0,1
3,1,41408,0,0,0,0,1
3,1,41409,0,0,0,0,1
3,1,41410,0,0,0,0,1
3,1,41411,0,0,0,0,1
3,1,41412,0,0,0,0,1
3,1,41413,0,0,0,0,1
3,1,41414,0,0,0,0,1
3,1,41415,0,0,0,0,1
3,1,41416,0,0,0,0,1
3,1,41417,0,0,0,0,1
3,1,41418,0,0,0,0,1
3,1,41419,0,0,0,0,1
8,3,41424,0,0,0,0,15
8,3,41425,0,0,0,0,15
8,3,41426,0,0,0,0,15
8,3,41427,0,0,0,0,15
8,3,41428,0,0,0,0,15
8,5,41429,0,0,0,0,15
8,5,41430,0,0,0,0,15
8,5,41431,0,0,0,0,15
8,5,41432,0,0,0,0,15
8,5,41433,0,0,0,0,15
8,5,41434,0,0,0,0,15
8,5,41435,0,0,0,0,15
8,5,41436,0,0,0,0,15
8,5,41437,0,0,0,0,15
8,5,41438,0,0,0,0,15
8,8,41439,0,0,0,0,15
8,8,41440,0,0,0,0,15
8,8,41441,0,0,0,0,15
8,8,41442,0,0,0,0,15
8,8,41443,0,0,0,0,15
8,8,41444,0,0,0,0,15
8,8,41445,0,0,0,0,15
8,8,41446,0,0,0,0,15
8,8,41447,0,0,0,0,15
8,8,41448,0,0,0,0,15
8,8,41449,0,0,0,0,15
1,5,41454,1,1,13,1,18
1,5,41455,1,1,13,1,18
1,5,41456,1,1,13,1,18
1,5,41457,1,1,13,1,18
1,5,41458,1,1,13,1,18
1,5,41459,1,1,13,1,18
1,5,41460,1,1,13,1,18
1,5,41461,1,1,13,1,18
1,5,41462,1,1,13,1,18
1,5,41463,1,1,13,1,18
1,5,41464,1,1,13,1,18
1,5,41465,1,1,13,1,18
1,5,41466,1,1,13,1,18
1,5,41467,1,1,13,1,18
1,5,41468,1,1,13,1,18
1,5,41469,1,1,13,1,18
1,5,41470,1,1,13,1,18
1,5,41471,1,1,13,1,18
1,5,41472,1,1,13,1,18
1,5,41473,1,1,13,1,18
1,5,41474,1,1,13,1,18
1,5,41475,1,1,13,1,18
1,5,41476,1,1,13,1,18
1,5,41477,1,1,13,1,18
1,5,41478,1,1,13,1,18
1,5,41479,1,1,13,1,18
1,3,41484,1,0,2,0,18
1,3,41485,1,0,2,0,18
1,3,41486,1,0,2,0,18
1,3,41487,1,0,2,0,18
1,3,41488,1,0,2,0,18
1,3,41489,1,0,2,0,18
1,3,41490,1,0,2,0,18
1,3,41491,1,0,2,0,18
1,3,41492,1,0,2,0,18
1,3,41493,1,0,2,0,18
1,3,41494,1,0,2,0,18
1,3,41495,1,0,2,0,18
1,3,41496,1,0,2,0,18
1,3,41497,1,0,2,0,18
1,3,41498,1,0,2,0,18
1,3,41499,1,0,2,0,18
1,3,41500,1,0,2,0,18
1,3,41501,1,0,2,0,18
1,3,41502,1,0,2,0,18
1,3,41503,1,0,2,0,18
1,3,41504,1,0,2,0,18
1,3,41505,1,0,2,0,18
1,3,41506,1,0,2,0,18
1,3,41507,1,0,2,0,18
1,3,41508,1,0,2,0,18
1,3,41509,1,0,2,0,18
1,1,41510,1,1,12,11,18
1,1,41511,1,1,12,11,18
1,1,41512,1,1,12,11,18
1,1,41513,1,1,12,11,18
1,1,41514,1,1,12,11,18
1,1,41515,1,1,12,11,18
1,1,41516,1,1,12,11,18
1,1,41517,1,1,12,11,18
1,1,41518,1,1,12,11,18
1,1,41519,1,1,12,11,18
1,1,41520,1,1,12,11,18
1,1,41521,1,1,12,11,18
1,1,41522,1,1,12,11,18
1,1,41523,1,1,12,11,18
1,1,41524,1,1,12,11,18
1,1,41525,1,1,12,11,18
1,1,41526,1,1,12,11,18
1,1,41527,1,1,12,11,18
1,1,41528,1,1,12,11,18
1,1,41529,1,1,12,11,18
1,1,41530,1,1,12,11,18
1,1,41531,1,1,12,11,18
1,1,41532,1,1,12,11,18
1,1,41533,1,1,12,11,18
1,1,41534,1,1,12,11,18
1,1,41535,1,1,12,11,18
9,10,41566,0,0,0,0,2
9,10,41567,0,0,0,0,2
9,10,41568,0,0,0,0,2
9,10,41569,0,0,0,0,2
9,10,41570,0,0,0,0,2
9,10,41571,0,0,0,0,2
9,10,41572,0,0,0,0,2
9,10,41573,0,0,0,0,2
9,10,41574,0,0,0,0,2
9,10,41575,0,0,0,0,2
9,10,41576,0,0,0,0,2
9,10,41577,0,0,0,0,2
9,10,41578,0,0,0,0,2
9,10,41579,0,0,0,0,2
9,10,41580,0,0,0,0,2
9,10,41581,0,0,0,0,2
9,10,41582,0,0,0,0,2
9,10,41583,0,0,0,0,2
9,10,41584,0,0,0,0,2
9,10,41585,0,0,0,0,2
9,10,41586,0,0,0,0,2
9,10,41587,0,0,0,0,2
9,10,41588,0,0,0,0,2
9,10,41589,0,0,0,0,2
9,10,41590,0,0,0,0,2
9,10,41591,0,0,0,0,2
9,10,41619,0,0,0,0,8
9,10,41620,0,0,0,0,8
9,10,41621,0,0,0,0,8
9,10,41622,0,0,0,0,8
9,10,41623,0,0,0,0,8
9,10,41624,0,0,0,0,8
9,10,41625,0,0,0,0,8
9,10,41626,0,0,0,0,8
9,10,41627,0,0,0,0,8
9,10,41628,0,0,0,0,8
9,10,41629,0,0,0,0,8
9,10,41630,0,0,0,0,8
9,10,41631,0,0,0,0,8
9,10,41632,0,0,0,0,8
9,10,41633,0,0,0,0,8
9,10,41634,0,0,0,0,8
9,10,41635,0,0,0,0,8
9,10,41636,0,0,0,0,8
9,10,41637,0,0,0,0,8
9,10,41638,0,0,0,0,8
9,10,41639,0,0,0,0,8
9,10,41640,0,0,0,0,8
9,10,41641,0,0,0,0,8
9,10,41642,0,0,0,0,8
9,10,41643,0,0,0,0,8
9,10,41644,0,0,0,0,8
19,1,41701,0,0,0,0,1
19,1,41702,0,0,0,0,1
19,1,41703,0,0,0,0,1
19,1,41704,0,0,0,0,1
19,1,41705,0,0,0,0,1
19,1,41706,0,0,0,0,1
19,1,41707,0,0,0,0,1
19,1,41708,0,0,0,0,1
19,1,41709,0,0,0,0,1
19,1,41710,0,0,0,0,1
19,1,41711,0,0,0,0,1
19,1,41712,0,0,0,0,1
19,1,41713,0,0,0,0,1
19,1,41714,0,0,0,0,1
19,1,41715,0,0,0,0,1
19,1,41716,0,0,0,0,1
19,1,41717,0,0,0,0,1
19,1,41718,0,0,0,0,1
19,1,41719,0,0,0,0,1
19,1,41720,0,0,0,0,1
19,1,41721,0,0,0,0,1
19,1,41722,0,0,0,0,1
19,1,41723,0,0,0,0,1
19,1,41801,0,0,0,0,2
19,1,41802,0,0,0,0,2
19,1,41803,0,0,0,0,2
19,1,41804,0,0,0,0,2
19,1,41805,0,0,0,0,2
19,1,41806,0,0,0,0,2
19,1,41807,0,0,0,0,2
19,1,41808,0,0,0,0,2
19,1,41809,0,0,0,0,2
19,1,41810,0,0,0,0,2
19,1,41811,0,0,0,0,2
19,1,41812,0,0,0,0,2
19,1,41813,0,0,0,0,2
19,1,41814,0,0,0,0,2
19,1,41815,0,0,0,0,2
19,1,41816,0,0,0,0,2
19,1,41817,0,0,0,0,2
19,1,41818,0,0,0,0,2
19,1,41819,0,0,0,0,2
19,1,41820,0,0,0,0,2
19,1,41821,0,0,0,0,2
19,1,41822,0,0,0,0,2
19,1,41823,0,0,0,0,2
