c_time_type,c_time_value,category,effect_1,effect_2,effect_3,effect_4,effect_5,hero_skill_id,idx,lv,max_lv,type
1,0,1,201101,0,0,0,0,2011,1,1,5,1
1,0,1,201102,0,0,0,0,2011,2,2,5,1
1,0,1,201103,0,0,0,0,2011,3,3,5,1
1,0,1,201104,0,0,0,0,2011,4,4,5,1
1,0,1,201105,0,0,0,0,2011,5,5,5,1
1,0,1,201201,0,0,0,0,2012,6,1,5,2
1,0,1,201202,0,0,0,0,2012,7,2,5,2
1,0,1,201203,0,0,0,0,2012,8,3,5,2
1,0,1,201204,0,0,0,0,2012,9,4,5,2
1,0,1,201205,0,0,0,0,2012,10,5,5,2
1,0,1,201301,0,0,0,0,2013,11,1,5,2
1,0,1,201302,0,0,0,0,2013,12,2,5,2
1,0,1,201303,0,0,0,0,2013,13,3,5,2
1,0,1,201304,0,0,0,0,2013,14,4,5,2
1,0,1,201305,0,0,0,0,2013,15,5,5,2
1,0,1,201401,0,0,0,0,2014,16,1,5,2
1,0,1,201402,0,0,0,0,2014,17,2,5,2
1,0,1,201403,0,0,0,0,2014,18,3,5,2
1,0,1,201404,0,0,0,0,2014,19,4,5,2
1,0,1,201405,0,0,0,0,2014,20,5,5,2
1,0,1,202101,0,0,0,0,2021,21,1,5,1
1,0,1,202102,0,0,0,0,2021,22,2,5,1
1,0,1,202103,0,0,0,0,2021,23,3,5,1
1,0,1,202104,0,0,0,0,2021,24,4,5,1
1,0,1,202105,0,0,0,0,2021,25,5,5,1
1,0,1,202201,0,0,0,0,2022,26,1,5,2
1,0,1,202202,0,0,0,0,2022,27,2,5,2
1,0,1,202203,0,0,0,0,2022,28,3,5,2
1,0,1,202204,0,0,0,0,2022,29,4,5,2
1,0,1,202205,0,0,0,0,2022,30,5,5,2
1,0,1,202301,0,0,0,0,2023,31,1,5,2
1,0,1,202302,0,0,0,0,2023,32,2,5,2
1,0,1,202303,0,0,0,0,2023,33,3,5,2
1,0,1,202304,0,0,0,0,2023,34,4,5,2
1,0,1,202305,0,0,0,0,2023,35,5,5,2
1,0,1,202401,0,0,0,0,2024,36,1,5,2
1,0,1,202402,0,0,0,0,2024,37,2,5,2
1,0,1,202403,0,0,0,0,2024,38,3,5,2
1,0,1,202404,0,0,0,0,2024,39,4,5,2
1,0,1,202405,0,0,0,0,2024,40,5,5,2
1,0,1,203101,0,0,0,0,2031,41,1,5,1
1,0,1,203102,0,0,0,0,2031,42,2,5,1
1,0,1,203103,0,0,0,0,2031,43,3,5,1
1,0,1,203104,0,0,0,0,2031,44,4,5,1
1,0,1,203105,0,0,0,0,2031,45,5,5,1
1,0,1,203201,0,0,0,0,2032,46,1,5,2
1,0,1,203202,0,0,0,0,2032,47,2,5,2
1,0,1,203203,0,0,0,0,2032,48,3,5,2
1,0,1,203204,0,0,0,0,2032,49,4,5,2
1,0,1,203205,0,0,0,0,2032,50,5,5,2
1,0,1,203301,0,0,0,0,2033,51,1,5,2
1,0,1,203302,0,0,0,0,2033,52,2,5,2
1,0,1,203303,0,0,0,0,2033,53,3,5,2
1,0,1,203304,0,0,0,0,2033,54,4,5,2
1,0,1,203305,0,0,0,0,2033,55,5,5,2
1,0,1,203401,0,0,0,0,2034,56,1,5,2
1,0,1,203402,0,0,0,0,2034,57,2,5,2
1,0,1,203403,0,0,0,0,2034,58,3,5,2
1,0,1,203404,0,0,0,0,2034,59,4,5,2
1,0,1,203405,0,0,0,0,2034,60,5,5,2
1,0,1,204101,204111,0,0,0,2041,61,1,5,1
1,0,1,204102,204112,0,0,0,2041,62,2,5,1
1,0,1,204103,204113,0,0,0,2041,63,3,5,1
1,0,1,204104,204114,0,0,0,2041,64,4,5,1
1,0,1,204105,204115,0,0,0,2041,65,5,5,1
1,0,1,204201,0,0,0,0,2042,66,1,5,2
1,0,1,204202,0,0,0,0,2042,67,2,5,2
1,0,1,204203,0,0,0,0,2042,68,3,5,2
1,0,1,204204,0,0,0,0,2042,69,4,5,2
1,0,1,204205,0,0,0,0,2042,70,5,5,2
1,0,1,204301,0,0,0,0,2043,71,1,5,2
1,0,1,204302,0,0,0,0,2043,72,2,5,2
1,0,1,204303,0,0,0,0,2043,73,3,5,2
1,0,1,204304,0,0,0,0,2043,74,4,5,2
1,0,1,204305,0,0,0,0,2043,75,5,5,2
1,0,1,204401,0,0,0,0,2044,76,1,5,2
1,0,1,204402,0,0,0,0,2044,77,2,5,2
1,0,1,204403,0,0,0,0,2044,78,3,5,2
1,0,1,204404,0,0,0,0,2044,79,4,5,2
1,0,1,204405,0,0,0,0,2044,80,5,5,2
1,0,1,301101,0,0,0,0,3011,81,1,5,1
1,0,1,301102,0,0,0,0,3011,82,2,5,1
1,0,1,301103,0,0,0,0,3011,83,3,5,1
1,0,1,301104,0,0,0,0,3011,84,4,5,1
1,0,1,301105,0,0,0,0,3011,85,5,5,1
1,0,1,301201,0,0,0,0,3012,86,1,5,2
1,0,1,301202,0,0,0,0,3012,87,2,5,2
1,0,1,301203,0,0,0,0,3012,88,3,5,2
1,0,1,301204,0,0,0,0,3012,89,4,5,2
1,0,1,301205,0,0,0,0,3012,90,5,5,2
2,5,1,301301,301311,0,0,0,3013,91,1,5,2
2,5,1,301302,301312,0,0,0,3013,92,2,5,2
2,5,1,301303,301313,0,0,0,3013,93,3,5,2
2,5,1,301304,301314,0,0,0,3013,94,4,5,2
2,5,1,301305,301315,0,0,0,3013,95,5,5,2
1,0,1,301401,301411,0,0,0,3014,96,1,5,2
1,0,1,301402,301412,0,0,0,3014,97,2,5,2
1,0,1,301403,301413,0,0,0,3014,98,3,5,2
1,0,1,301404,301414,0,0,0,3014,99,4,5,2
1,0,1,301405,301415,0,0,0,3014,100,5,5,2
1,0,1,301501,0,0,0,0,3015,101,1,1,4
1,0,1,302101,302111,0,0,0,3021,102,1,5,1
1,0,1,302102,302112,0,0,0,3021,103,2,5,1
1,0,1,302103,302113,0,0,0,3021,104,3,5,1
1,0,1,302104,302114,0,0,0,3021,105,4,5,1
1,0,1,302105,302115,0,0,0,3021,106,5,5,1
1,0,1,302201,0,0,0,0,3022,107,1,5,2
1,0,1,302202,0,0,0,0,3022,108,2,5,2
1,0,1,302203,0,0,0,0,3022,109,3,5,2
1,0,1,302204,0,0,0,0,3022,110,4,5,2
1,0,1,302205,0,0,0,0,3022,111,5,5,2
1,0,1,302301,0,0,0,0,3023,112,1,5,2
1,0,1,302302,0,0,0,0,3023,113,2,5,2
1,0,1,302303,0,0,0,0,3023,114,3,5,2
1,0,1,302304,0,0,0,0,3023,115,4,5,2
1,0,1,302305,0,0,0,0,3023,116,5,5,2
1,0,1,302401,0,0,0,0,3024,117,1,5,2
1,0,1,302402,0,0,0,0,3024,118,2,5,2
1,0,1,302403,0,0,0,0,3024,119,3,5,2
1,0,1,302404,0,0,0,0,3024,120,4,5,2
1,0,1,302405,0,0,0,0,3024,121,5,5,2
1,0,1,302501,0,0,0,0,3025,122,1,1,4
1,0,1,303101,303111,0,0,0,3031,123,1,5,1
1,0,1,303102,303112,0,0,0,3031,124,2,5,1
1,0,1,303103,303113,0,0,0,3031,125,3,5,1
1,0,1,303104,303114,0,0,0,3031,126,4,5,1
1,0,1,303105,303115,0,0,0,3031,127,5,5,1
1,0,1,303201,0,0,0,0,3032,128,1,5,2
1,0,1,303202,0,0,0,0,3032,129,2,5,2
1,0,1,303203,0,0,0,0,3032,130,3,5,2
1,0,1,303204,0,0,0,0,3032,131,4,5,2
1,0,1,303205,0,0,0,0,3032,132,5,5,2
2,5,1,303301,0,0,0,0,3033,133,1,5,2
2,5,1,303302,0,0,0,0,3033,134,2,5,2
2,5,1,303303,0,0,0,0,3033,135,3,5,2
2,5,1,303304,0,0,0,0,3033,136,4,5,2
2,5,1,303305,0,0,0,0,3033,137,5,5,2
2,5,1,303401,0,0,0,0,3034,138,1,5,2
2,5,1,303402,0,0,0,0,3034,139,2,5,2
2,5,1,303403,0,0,0,0,3034,140,3,5,2
2,5,1,303404,0,0,0,0,3034,141,4,5,2
2,5,1,303405,0,0,0,0,3034,142,5,5,2
2,5,1,303501,0,0,0,0,3035,143,1,1,4
1,0,1,304101,304111,0,0,0,3041,144,1,5,1
1,0,1,304102,304112,0,0,0,3041,145,2,5,1
1,0,1,304103,304113,0,0,0,3041,146,3,5,1
1,0,1,304104,304114,0,0,0,3041,147,4,5,1
1,0,1,304105,304115,0,0,0,3041,148,5,5,1
1,0,1,304201,304211,0,0,0,3042,149,1,5,2
1,0,1,304202,304212,0,0,0,3042,150,2,5,2
1,0,1,304203,304213,0,0,0,3042,151,3,5,2
1,0,1,304204,304214,0,0,0,3042,152,4,5,2
1,0,1,304205,304215,0,0,0,3042,153,5,5,2
2,5,1,304301,0,0,0,0,3043,154,1,5,2
2,5,1,304302,0,0,0,0,3043,155,2,5,2
2,5,1,304303,0,0,0,0,3043,156,3,5,2
2,5,1,304304,0,0,0,0,3043,157,4,5,2
2,5,1,304305,0,0,0,0,3043,158,5,5,2
2,5,1,304401,0,0,0,0,3044,159,1,5,2
2,5,1,304402,0,0,0,0,3044,160,2,5,2
2,5,1,304403,0,0,0,0,3044,161,3,5,2
2,5,1,304404,0,0,0,0,3044,162,4,5,2
2,5,1,304405,0,0,0,0,3044,163,5,5,2
1,0,1,304501,304511,0,0,0,3045,164,1,1,4
1,0,1,305101,305111,0,0,0,3051,165,1,5,1
1,0,1,305102,305112,0,0,0,3051,166,2,5,1
1,0,1,305103,305113,0,0,0,3051,167,3,5,1
1,0,1,305104,305114,0,0,0,3051,168,4,5,1
1,0,1,305105,305115,0,0,0,3051,169,5,5,1
1,0,1,305201,305211,0,0,0,3052,170,1,5,2
1,0,1,305202,305212,0,0,0,3052,171,2,5,2
1,0,1,305203,305213,0,0,0,3052,172,3,5,2
1,0,1,305204,305214,0,0,0,3052,173,4,5,2
1,0,1,305205,305215,0,0,0,3052,174,5,5,2
2,5,1,305301,0,0,0,0,3053,175,1,5,2
2,5,1,305302,0,0,0,0,3053,176,2,5,2
2,5,1,305303,0,0,0,0,3053,177,3,5,2
2,5,1,305304,0,0,0,0,3053,178,4,5,2
2,5,1,305305,0,0,0,0,3053,179,5,5,2
1,0,1,305401,0,0,0,0,3054,180,1,5,2
1,0,1,305402,0,0,0,0,3054,181,2,5,2
1,0,1,305403,0,0,0,0,3054,182,3,5,2
1,0,1,305404,0,0,0,0,3054,183,4,5,2
1,0,1,305405,0,0,0,0,3054,184,5,5,2
1,0,1,305501,305511,0,0,0,3055,185,1,1,4
1,0,1,306101,0,0,0,0,3061,186,1,5,1
1,0,1,306102,0,0,0,0,3061,187,2,5,1
1,0,1,306103,0,0,0,0,3061,188,3,5,1
1,0,1,306104,0,0,0,0,3061,189,4,5,1
1,0,1,306105,0,0,0,0,3061,190,5,5,1
1,0,1,306201,0,0,0,0,3062,191,1,5,2
1,0,1,306202,0,0,0,0,3062,192,2,5,2
1,0,1,306203,0,0,0,0,3062,193,3,5,2
1,0,1,306204,0,0,0,0,3062,194,4,5,2
1,0,1,306205,0,0,0,0,3062,195,5,5,2
1,0,1,306301,306311,0,0,0,3063,196,1,5,2
1,0,1,306302,306312,0,0,0,3063,197,2,5,2
1,0,1,306303,306313,0,0,0,3063,198,3,5,2
1,0,1,306304,306314,0,0,0,3063,199,4,5,2
1,0,1,306305,306315,0,0,0,3063,200,5,5,2
1,0,1,306401,306411,0,0,0,3064,201,1,5,2
1,0,1,306402,306412,0,0,0,3064,202,2,5,2
1,0,1,306403,306413,0,0,0,3064,203,3,5,2
1,0,1,306404,306414,0,0,0,3064,204,4,5,2
1,0,1,306405,306415,0,0,0,3064,205,5,5,2
1,0,1,306501,0,0,0,0,3065,206,1,1,4
1,0,1,307101,307111,0,0,0,3071,207,1,5,1
1,0,1,307102,307112,0,0,0,3071,208,2,5,1
1,0,1,307103,307113,0,0,0,3071,209,3,5,1
1,0,1,307104,307114,0,0,0,3071,210,4,5,1
1,0,1,307105,307115,0,0,0,3071,211,5,5,1
1,0,1,307201,0,0,0,0,3072,212,1,5,2
1,0,1,307202,0,0,0,0,3072,213,2,5,2
1,0,1,307203,0,0,0,0,3072,214,3,5,2
1,0,1,307204,0,0,0,0,3072,215,4,5,2
1,0,1,307205,0,0,0,0,3072,216,5,5,2
1,0,1,307301,0,0,0,0,3073,217,1,5,2
1,0,1,307302,0,0,0,0,3073,218,2,5,2
1,0,1,307303,0,0,0,0,3073,219,3,5,2
1,0,1,307304,0,0,0,0,3073,220,4,5,2
1,0,1,307305,0,0,0,0,3073,221,5,5,2
1,0,1,307401,0,0,0,0,3074,222,1,5,2
1,0,1,307402,0,0,0,0,3074,223,2,5,2
1,0,1,307403,0,0,0,0,3074,224,3,5,2
1,0,1,307404,0,0,0,0,3074,225,4,5,2
1,0,1,307405,0,0,0,0,3074,226,5,5,2
1,0,1,307501,307511,0,0,0,3075,227,1,1,4
1,0,1,308101,0,0,0,0,3081,228,1,5,1
1,0,1,308102,0,0,0,0,3081,229,2,5,1
1,0,1,308103,0,0,0,0,3081,230,3,5,1
1,0,1,308104,0,0,0,0,3081,231,4,5,1
1,0,1,308105,0,0,0,0,3081,232,5,5,1
1,0,1,308201,308211,0,0,0,3082,233,1,5,2
1,0,1,308202,308212,0,0,0,3082,234,2,5,2
1,0,1,308203,308213,0,0,0,3082,235,3,5,2
1,0,1,308204,308214,0,0,0,3082,236,4,5,2
1,0,1,308205,308215,0,0,0,3082,237,5,5,2
1,0,1,308301,308311,0,0,0,3083,238,1,5,2
1,0,1,308302,308312,0,0,0,3083,239,2,5,2
1,0,1,308303,308313,0,0,0,3083,240,3,5,2
1,0,1,308304,308314,0,0,0,3083,241,4,5,2
1,0,1,308305,308315,0,0,0,3083,242,5,5,2
1,0,1,308401,0,0,0,0,3084,243,1,5,2
1,0,1,308402,0,0,0,0,3084,244,2,5,2
1,0,1,308403,0,0,0,0,3084,245,3,5,2
1,0,1,308404,0,0,0,0,3084,246,4,5,2
1,0,1,308405,0,0,0,0,3084,247,5,5,2
1,0,1,308501,0,0,0,0,3085,248,1,1,4
1,0,1,309101,309111,0,0,0,3091,249,1,5,1
1,0,1,309102,309112,0,0,0,3091,250,2,5,1
1,0,1,309103,309113,0,0,0,3091,251,3,5,1
1,0,1,309104,309114,0,0,0,3091,252,4,5,1
1,0,1,309105,309115,0,0,0,3091,253,5,5,1
2,5,1,309201,0,0,0,0,3092,254,1,5,2
2,5,1,309202,0,0,0,0,3092,255,2,5,2
2,5,1,309203,0,0,0,0,3092,256,3,5,2
2,5,1,309204,0,0,0,0,3092,257,4,5,2
2,5,1,309205,0,0,0,0,3092,258,5,5,2
1,0,1,309301,0,0,0,0,3093,259,1,5,2
1,0,1,309302,0,0,0,0,3093,260,2,5,2
1,0,1,309303,0,0,0,0,3093,261,3,5,2
1,0,1,309304,0,0,0,0,3093,262,4,5,2
1,0,1,309305,0,0,0,0,3093,263,5,5,2
1,0,1,309401,0,0,0,0,3094,264,1,5,2
1,0,1,309402,0,0,0,0,3094,265,2,5,2
1,0,1,309403,0,0,0,0,3094,266,3,5,2
1,0,1,309404,0,0,0,0,3094,267,4,5,2
1,0,1,309405,0,0,0,0,3094,268,5,5,2
1,0,1,309501,309511,0,0,0,3095,269,1,1,4
1,0,1,401101,401111,0,0,0,4011,270,1,5,1
1,0,1,401102,401112,0,0,0,4011,271,2,5,1
1,0,1,401103,401113,0,0,0,4011,272,3,5,1
1,0,1,401104,401114,0,0,0,4011,273,4,5,1
1,0,1,401105,401115,0,0,0,4011,274,5,5,1
2,5,1,401201,0,0,0,0,4012,275,1,5,2
2,5,1,401202,0,0,0,0,4012,276,2,5,2
2,5,1,401203,0,0,0,0,4012,277,3,5,2
2,5,1,401204,0,0,0,0,4012,278,4,5,2
2,5,1,401205,0,0,0,0,4012,279,5,5,2
2,5,1,401301,0,0,0,0,4013,280,1,5,2
2,5,1,401302,0,0,0,0,4013,281,2,5,2
2,5,1,401303,0,0,0,0,4013,282,3,5,2
2,5,1,401304,0,0,0,0,4013,283,4,5,2
2,5,1,401305,0,0,0,0,4013,284,5,5,2
1,0,1,401401,401411,0,0,0,4014,285,1,5,3
1,0,1,401402,401412,0,0,0,4014,286,2,5,3
1,0,1,401403,401413,0,0,0,4014,287,3,5,3
1,0,1,401404,401414,0,0,0,4014,288,4,5,3
1,0,1,401405,401415,0,0,0,4014,289,5,5,3
2,5,1,401501,0,0,0,0,4015,290,1,1,4
1,0,1,402101,0,0,0,0,4021,291,1,5,1
1,0,1,402102,0,0,0,0,4021,292,2,5,1
1,0,1,402103,0,0,0,0,4021,293,3,5,1
1,0,1,402104,0,0,0,0,4021,294,4,5,1
1,0,1,402105,0,0,0,0,4021,295,5,5,1
2,5,1,402201,0,0,0,0,4022,296,1,5,2
2,5,1,402202,0,0,0,0,4022,297,2,5,2
2,5,1,402203,0,0,0,0,4022,298,3,5,2
2,5,1,402204,0,0,0,0,4022,299,4,5,2
2,5,1,402205,0,0,0,0,4022,300,5,5,2
1,0,1,402301,0,0,0,0,4023,301,1,5,2
1,0,1,402302,0,0,0,0,4023,302,2,5,2
1,0,1,402303,0,0,0,0,4023,303,3,5,2
1,0,1,402304,0,0,0,0,4023,304,4,5,2
1,0,1,402305,0,0,0,0,4023,305,5,5,2
2,5,1,402401,0,0,0,0,4024,306,1,5,2
2,5,1,402402,0,0,0,0,4024,307,2,5,2
2,5,1,402403,0,0,0,0,4024,308,3,5,2
2,5,1,402404,0,0,0,0,4024,309,4,5,2
2,5,1,402405,0,0,0,0,4024,310,5,5,2
1,0,1,402501,0,0,0,0,4025,311,1,1,4
1,0,1,403101,403111,0,0,0,4031,312,1,5,1
1,0,1,403102,403112,0,0,0,4031,313,2,5,1
1,0,1,403103,403113,0,0,0,4031,314,3,5,1
1,0,1,403104,403114,0,0,0,4031,315,4,5,1
1,0,1,403105,403115,0,0,0,4031,316,5,5,1
1,0,1,403201,0,0,0,0,4032,317,1,5,2
1,0,1,403202,0,0,0,0,4032,318,2,5,2
1,0,1,403203,0,0,0,0,4032,319,3,5,2
1,0,1,403204,0,0,0,0,4032,320,4,5,2
1,0,1,403205,0,0,0,0,4032,321,5,5,2
2,5,1,403301,0,0,0,0,4033,322,1,5,2
2,5,1,403302,0,0,0,0,4033,323,2,5,2
2,5,1,403303,0,0,0,0,4033,324,3,5,2
2,5,1,403304,0,0,0,0,4033,325,4,5,2
2,5,1,403305,0,0,0,0,4033,326,5,5,2
2,5,1,403401,0,0,0,0,4034,327,1,5,2
2,5,1,403402,0,0,0,0,4034,328,2,5,2
2,5,1,403403,0,0,0,0,4034,329,3,5,2
2,5,1,403404,0,0,0,0,4034,330,4,5,2
2,5,1,403405,0,0,0,0,4034,331,5,5,2
1,0,1,403501,403511,0,0,0,4035,332,1,1,4
1,0,1,404101,404111,0,0,0,4041,333,1,5,1
1,0,1,404102,404112,0,0,0,4041,334,2,5,1
1,0,1,404103,404113,0,0,0,4041,335,3,5,1
1,0,1,404104,404114,0,0,0,4041,336,4,5,1
1,0,1,404105,404115,0,0,0,4041,337,5,5,1
1,0,1,404201,0,0,0,0,4042,338,1,5,2
1,0,1,404202,0,0,0,0,4042,339,2,5,2
1,0,1,404203,0,0,0,0,4042,340,3,5,2
1,0,1,404204,0,0,0,0,4042,341,4,5,2
1,0,1,404205,0,0,0,0,4042,342,5,5,2
1,0,1,404301,404311,0,0,0,4043,343,1,5,2
1,0,1,404302,404312,0,0,0,4043,344,2,5,2
1,0,1,404303,404313,0,0,0,4043,345,3,5,2
1,0,1,404304,404314,0,0,0,4043,346,4,5,2
1,0,1,404305,404315,0,0,0,4043,347,5,5,2
1,0,1,404401,404411,0,0,0,4044,348,1,5,3
1,0,1,404402,404412,0,0,0,4044,349,2,5,3
1,0,1,404403,404413,0,0,0,4044,350,3,5,3
1,0,1,404404,404414,0,0,0,4044,351,4,5,3
1,0,1,404405,404415,0,0,0,4044,352,5,5,3
1,0,1,404501,404511,0,0,0,4045,353,1,1,4
1,0,1,405101,405111,0,0,0,4051,354,1,5,1
1,0,1,405102,405112,0,0,0,4051,355,2,5,1
1,0,1,405103,405113,0,0,0,4051,356,3,5,1
1,0,1,405104,405114,0,0,0,4051,357,4,5,1
1,0,1,405105,405115,0,0,0,4051,358,5,5,1
1,0,1,405201,0,0,0,0,4052,359,1,5,2
1,0,1,405202,0,0,0,0,4052,360,2,5,2
1,0,1,405203,0,0,0,0,4052,361,3,5,2
1,0,1,405204,0,0,0,0,4052,362,4,5,2
1,0,1,405205,0,0,0,0,4052,363,5,5,2
1,0,1,405301,0,0,0,0,4053,364,1,5,2
1,0,1,405302,0,0,0,0,4053,365,2,5,2
1,0,1,405303,0,0,0,0,4053,366,3,5,2
1,0,1,405304,0,0,0,0,4053,367,4,5,2
1,0,1,405305,0,0,0,0,4053,368,5,5,2
1,0,1,405401,0,0,0,0,4054,369,1,5,3
1,0,1,405402,0,0,0,0,4054,370,2,5,3
1,0,1,405403,0,0,0,0,4054,371,3,5,3
1,0,1,405404,0,0,0,0,4054,372,4,5,3
1,0,1,405405,0,0,0,0,4054,373,5,5,3
1,0,1,405501,405511,0,0,0,4055,374,1,1,4
1,0,1,406101,406111,0,0,0,4061,375,1,5,1
1,0,1,406102,406112,0,0,0,4061,376,2,5,1
1,0,1,406103,406113,0,0,0,4061,377,3,5,1
1,0,1,406104,406114,0,0,0,4061,378,4,5,1
1,0,1,406105,406115,0,0,0,4061,379,5,5,1
1,0,1,406201,406211,0,0,0,4062,380,1,5,2
1,0,1,406202,406212,0,0,0,4062,381,2,5,2
1,0,1,406203,406213,0,0,0,4062,382,3,5,2
1,0,1,406204,406214,0,0,0,4062,383,4,5,2
1,0,1,406205,406215,0,0,0,4062,384,5,5,2
2,5,1,406301,0,0,0,0,4063,385,1,5,2
2,5,1,406302,0,0,0,0,4063,386,2,5,2
2,5,1,406303,0,0,0,0,4063,387,3,5,2
2,5,1,406304,0,0,0,0,4063,388,4,5,2
2,5,1,406305,0,0,0,0,4063,389,5,5,2
2,5,1,406401,0,0,0,0,4064,390,1,5,2
2,5,1,406402,0,0,0,0,4064,391,2,5,2
2,5,1,406403,0,0,0,0,4064,392,3,5,2
2,5,1,406404,0,0,0,0,4064,393,4,5,2
2,5,1,406405,0,0,0,0,4064,394,5,5,2
1,0,1,406501,406511,0,0,0,4065,395,1,1,4
1,0,1,407101,407111,0,0,0,4071,396,1,5,1
1,0,1,407102,407112,0,0,0,4071,397,2,5,1
1,0,1,407103,407113,0,0,0,4071,398,3,5,1
1,0,1,407104,407114,0,0,0,4071,399,4,5,1
1,0,1,407105,407115,0,0,0,4071,400,5,5,1
1,0,1,407201,0,0,0,0,4072,401,1,5,2
1,0,1,407202,0,0,0,0,4072,402,2,5,2
1,0,1,407203,0,0,0,0,4072,403,3,5,2
1,0,1,407204,0,0,0,0,4072,404,4,5,2
1,0,1,407205,0,0,0,0,4072,405,5,5,2
1,0,1,407301,407311,0,0,0,4073,406,1,5,2
1,0,1,407302,407312,0,0,0,4073,407,2,5,2
1,0,1,407303,407313,0,0,0,4073,408,3,5,2
1,0,1,407304,407314,0,0,0,4073,409,4,5,2
1,0,1,407305,407315,0,0,0,4073,410,5,5,2
2,5,1,407401,0,0,0,0,4074,411,1,5,2
2,5,1,407402,0,0,0,0,4074,412,2,5,2
2,5,1,407403,0,0,0,0,4074,413,3,5,2
2,5,1,407404,0,0,0,0,4074,414,4,5,2
2,5,1,407405,0,0,0,0,4074,415,5,5,2
2,5,1,407501,0,0,0,0,4075,416,1,1,4
1,0,1,408101,0,0,0,0,4081,417,1,5,1
1,0,1,408102,0,0,0,0,4081,418,2,5,1
1,0,1,408103,0,0,0,0,4081,419,3,5,1
1,0,1,408104,0,0,0,0,4081,420,4,5,1
1,0,1,408105,0,0,0,0,4081,421,5,5,1
2,5,1,408201,0,0,0,0,4082,422,1,5,2
2,5,1,408202,0,0,0,0,4082,423,2,5,2
2,5,1,408203,0,0,0,0,4082,424,3,5,2
2,5,1,408204,0,0,0,0,4082,425,4,5,2
2,5,1,408205,0,0,0,0,4082,426,5,5,2
2,5,1,408301,0,0,0,0,4083,427,1,5,2
2,5,1,408302,0,0,0,0,4083,428,2,5,2
2,5,1,408303,0,0,0,0,4083,429,3,5,2
2,5,1,408304,0,0,0,0,4083,430,4,5,2
2,5,1,408305,0,0,0,0,4083,431,5,5,2
1,0,1,408401,0,0,0,0,4084,432,1,5,2
1,0,1,408402,0,0,0,0,4084,433,2,5,2
1,0,1,408403,0,0,0,0,4084,434,3,5,2
1,0,1,408404,0,0,0,0,4084,435,4,5,2
1,0,1,408405,0,0,0,0,4084,436,5,5,2
2,5,1,408501,0,0,0,0,4085,437,1,1,4
1,0,1,409101,409111,0,0,0,4091,438,1,5,1
1,0,1,409102,409112,0,0,0,4091,439,2,5,1
1,0,1,409103,409113,0,0,0,4091,440,3,5,1
1,0,1,409104,409114,0,0,0,4091,441,4,5,1
1,0,1,409105,409115,0,0,0,4091,442,5,5,1
1,0,1,409201,409211,0,0,0,4092,443,1,5,2
1,0,1,409202,409212,0,0,0,4092,444,2,5,2
1,0,1,409203,409213,0,0,0,4092,445,3,5,2
1,0,1,409204,409214,0,0,0,4092,446,4,5,2
1,0,1,409205,409215,0,0,0,4092,447,5,5,2
1,0,1,409301,0,0,0,0,4093,448,1,5,2
1,0,1,409302,0,0,0,0,4093,449,2,5,2
1,0,1,409303,0,0,0,0,4093,450,3,5,2
1,0,1,409304,0,0,0,0,4093,451,4,5,2
1,0,1,409305,0,0,0,0,4093,452,5,5,2
1,0,1,409401,0,0,0,0,4094,453,1,5,3
1,0,1,409402,0,0,0,0,4094,454,2,5,3
1,0,1,409403,0,0,0,0,4094,455,3,5,3
1,0,1,409404,0,0,0,0,4094,456,4,5,3
1,0,1,409405,0,0,0,0,4094,457,5,5,3
1,0,1,409501,409511,0,0,0,4095,458,1,1,4
1,0,1,410101,410111,0,0,0,4101,459,1,5,1
1,0,1,410102,410112,0,0,0,4101,460,2,5,1
1,0,1,410103,410113,0,0,0,4101,461,3,5,1
1,0,1,410104,410114,0,0,0,4101,462,4,5,1
1,0,1,410105,410115,0,0,0,4101,463,5,5,1
1,0,1,410201,0,0,0,0,4102,464,1,5,2
1,0,1,410202,0,0,0,0,4102,465,2,5,2
1,0,1,410203,0,0,0,0,4102,466,3,5,2
1,0,1,410204,0,0,0,0,4102,467,4,5,2
1,0,1,410205,0,0,0,0,4102,468,5,5,2
1,0,1,410301,0,0,0,0,4103,469,1,5,2
1,0,1,410302,0,0,0,0,4103,470,2,5,2
1,0,1,410303,0,0,0,0,4103,471,3,5,2
1,0,1,410304,0,0,0,0,4103,472,4,5,2
1,0,1,410305,0,0,0,0,4103,473,5,5,2
2,5,1,410401,0,0,0,0,4104,474,1,5,2
2,5,1,410402,0,0,0,0,4104,475,2,5,2
2,5,1,410403,0,0,0,0,4104,476,3,5,2
2,5,1,410404,0,0,0,0,4104,477,4,5,2
2,5,1,410405,0,0,0,0,4104,478,5,5,2
1,0,1,410501,410511,0,0,0,4105,479,1,1,4
1,0,1,411101,411111,0,0,0,4111,480,1,5,1
1,0,1,411102,411112,0,0,0,4111,481,2,5,1
1,0,1,411103,411113,0,0,0,4111,482,3,5,1
1,0,1,411104,411114,0,0,0,4111,483,4,5,1
1,0,1,411105,411115,0,0,0,4111,484,5,5,1
1,0,1,411201,411211,0,0,0,4112,485,1,5,2
1,0,1,411202,411212,0,0,0,4112,486,2,5,2
1,0,1,411203,411213,0,0,0,4112,487,3,5,2
1,0,1,411204,411214,0,0,0,4112,488,4,5,2
1,0,1,411205,411215,0,0,0,4112,489,5,5,2
2,5,1,411301,0,0,0,0,4113,490,1,5,2
2,5,1,411302,0,0,0,0,4113,491,2,5,2
2,5,1,411303,0,0,0,0,4113,492,3,5,2
2,5,1,411304,0,0,0,0,4113,493,4,5,2
2,5,1,411305,0,0,0,0,4113,494,5,5,2
1,0,1,411401,0,0,0,0,4114,495,1,5,3
1,0,1,411402,0,0,0,0,4114,496,2,5,3
1,0,1,411403,0,0,0,0,4114,497,3,5,3
1,0,1,411404,0,0,0,0,4114,498,4,5,3
1,0,1,411405,0,0,0,0,4114,499,5,5,3
1,0,1,411501,411511,0,0,0,4115,500,1,1,4
1,0,1,412101,412111,0,0,0,4121,501,1,5,1
1,0,1,412102,412112,0,0,0,4121,502,2,5,1
1,0,1,412103,412113,0,0,0,4121,503,3,5,1
1,0,1,412104,412114,0,0,0,4121,504,4,5,1
1,0,1,412105,412115,0,0,0,4121,505,5,5,1
1,0,1,412201,0,0,0,0,4122,506,1,5,2
1,0,1,412202,0,0,0,0,4122,507,2,5,2
1,0,1,412203,0,0,0,0,4122,508,3,5,2
1,0,1,412204,0,0,0,0,4122,509,4,5,2
1,0,1,412205,0,0,0,0,4122,510,5,5,2
2,5,1,412301,0,0,0,0,4123,511,1,5,2
2,5,1,412302,0,0,0,0,4123,512,2,5,2
2,5,1,412303,0,0,0,0,4123,513,3,5,2
2,5,1,412304,0,0,0,0,4123,514,4,5,2
2,5,1,412305,0,0,0,0,4123,515,5,5,2
1,0,1,412401,412411,0,0,0,4124,516,1,5,2
1,0,1,412402,412412,0,0,0,4124,517,2,5,2
1,0,1,412403,412413,0,0,0,4124,518,3,5,2
1,0,1,412404,412414,0,0,0,4124,519,4,5,2
1,0,1,412405,412415,0,0,0,4124,520,5,5,2
1,0,1,412501,412511,0,0,0,4125,521,1,1,4
1,0,1,413101,413111,0,0,0,4131,522,1,5,1
1,0,1,413102,413112,0,0,0,4131,523,2,5,1
1,0,1,413103,413113,0,0,0,4131,524,3,5,1
1,0,1,413104,413114,0,0,0,4131,525,4,5,1
1,0,1,413105,413115,0,0,0,4131,526,5,5,1
1,0,1,413201,413211,0,0,0,4132,527,1,5,2
1,0,1,413202,413212,0,0,0,4132,528,2,5,2
1,0,1,413203,413213,0,0,0,4132,529,3,5,2
1,0,1,413204,413214,0,0,0,4132,530,4,5,2
1,0,1,413205,413215,0,0,0,4132,531,5,5,2
1,0,1,413301,0,0,0,0,4133,532,1,5,2
1,0,1,413302,0,0,0,0,4133,533,2,5,2
1,0,1,413303,0,0,0,0,4133,534,3,5,2
1,0,1,413304,0,0,0,0,4133,535,4,5,2
1,0,1,413305,0,0,0,0,4133,536,5,5,2
1,0,1,413401,0,0,0,0,4134,537,1,5,2
1,0,1,413402,0,0,0,0,4134,538,2,5,2
1,0,1,413403,0,0,0,0,4134,539,3,5,2
1,0,1,413404,0,0,0,0,4134,540,4,5,2
1,0,1,413405,0,0,0,0,4134,541,5,5,2
1,0,1,413501,413511,0,0,0,4135,542,1,1,4
1,0,1,414101,414111,0,0,0,4141,543,1,5,1
1,0,1,414102,414112,0,0,0,4141,544,2,5,1
1,0,1,414103,414113,0,0,0,4141,545,3,5,1
1,0,1,414104,414114,0,0,0,4141,546,4,5,1
1,0,1,414105,414115,0,0,0,4141,547,5,5,1
1,0,1,414201,0,0,0,0,4142,548,1,5,2
1,0,1,414202,0,0,0,0,4142,549,2,5,2
1,0,1,414203,0,0,0,0,4142,550,3,5,2
1,0,1,414204,0,0,0,0,4142,551,4,5,2
1,0,1,414205,0,0,0,0,4142,552,5,5,2
1,0,1,414301,0,0,0,0,4143,553,1,5,2
1,0,1,414302,0,0,0,0,4143,554,2,5,2
1,0,1,414303,0,0,0,0,4143,555,3,5,2
1,0,1,414304,0,0,0,0,4143,556,4,5,2
1,0,1,414305,0,0,0,0,4143,557,5,5,2
2,8,1,414401,0,0,0,0,4144,558,1,5,2
2,8,1,414402,0,0,0,0,4144,559,2,5,2
2,8,1,414403,0,0,0,0,4144,560,3,5,2
2,8,1,414404,0,0,0,0,4144,561,4,5,2
2,8,1,414405,0,0,0,0,4144,562,5,5,2
1,0,1,414501,414511,0,0,0,4145,563,1,1,4
1,0,1,1101101,1101111,0,0,0,11011,564,1,5,1
1,0,1,1101102,1101112,0,0,0,11011,565,2,5,1
1,0,1,1101103,1101113,0,0,0,11011,566,3,5,1
1,0,1,1101104,1101114,0,0,0,11011,567,4,5,1
1,0,1,1101105,1101115,0,0,0,11011,568,5,5,1
1,0,1,1101201,1101211,0,0,0,11012,569,1,5,2
1,0,1,1101202,1101212,0,0,0,11012,570,2,5,2
1,0,1,1101203,1101213,0,0,0,11012,571,3,5,2
1,0,1,1101204,1101214,0,0,0,11012,572,4,5,2
1,0,1,1101205,1101215,0,0,0,11012,573,5,5,2
2,8,1,1101301,1101311,0,0,0,11013,574,1,5,2
2,8,1,1101302,1101312,0,0,0,11013,575,2,5,2
2,8,1,1101303,1101313,0,0,0,11013,576,3,5,2
2,8,1,1101304,1101314,0,0,0,11013,577,4,5,2
2,8,1,1101305,1101315,0,0,0,11013,578,5,5,2
1,0,1,1102101,1102111,0,0,0,11021,579,1,5,1
1,0,1,1102102,1102112,0,0,0,11021,580,2,5,1
1,0,1,1102103,1102113,0,0,0,11021,581,3,5,1
1,0,1,1102104,1102114,0,0,0,11021,582,4,5,1
1,0,1,1102105,1102115,0,0,0,11021,583,5,5,1
1,0,1,1102201,0,0,0,0,11022,584,1,5,2
1,0,1,1102202,0,0,0,0,11022,585,2,5,2
1,0,1,1102203,0,0,0,0,11022,586,3,5,2
1,0,1,1102204,0,0,0,0,11022,587,4,5,2
1,0,1,1102205,0,0,0,0,11022,588,5,5,2
2,8,1,1102301,1102311,0,0,0,11023,589,1,5,2
2,8,1,1102302,1102312,0,0,0,11023,590,2,5,2
2,8,1,1102303,1102313,0,0,0,11023,591,3,5,2
2,8,1,1102304,1102314,0,0,0,11023,592,4,5,2
2,8,1,1102305,1102315,0,0,0,11023,593,5,5,2
1,0,1,1103101,1103111,1103121,0,0,11031,594,1,5,1
1,0,1,1103102,1103112,1103122,0,0,11031,595,2,5,1
1,0,1,1103103,1103113,1103123,0,0,11031,596,3,5,1
1,0,1,1103104,1103114,1103124,0,0,11031,597,4,5,1
1,0,1,1103105,1103115,1103125,0,0,11031,598,5,5,1
1,0,1,1103201,0,0,0,0,11032,599,1,5,2
1,0,1,1103202,0,0,0,0,11032,600,2,5,2
1,0,1,1103203,0,0,0,0,11032,601,3,5,2
1,0,1,1103204,0,0,0,0,11032,602,4,5,2
1,0,1,1103205,0,0,0,0,11032,603,5,5,2
1,0,1,1103301,0,0,0,0,11033,604,1,5,2
1,0,1,1103302,0,0,0,0,11033,605,2,5,2
1,0,1,1103303,0,0,0,0,11033,606,3,5,2
1,0,1,1103304,0,0,0,0,11033,607,4,5,2
1,0,1,1103305,0,0,0,0,11033,608,5,5,2
1,0,1,1104101,0,0,0,0,11041,609,1,5,1
1,0,1,1104102,0,0,0,0,11041,610,2,5,1
1,0,1,1104103,0,0,0,0,11041,611,3,5,1
1,0,1,1104104,0,0,0,0,11041,612,4,5,1
1,0,1,1104105,0,0,0,0,11041,613,5,5,1
1,0,1,1104201,1104211,0,0,0,11042,614,1,5,2
1,0,1,1104202,1104212,0,0,0,11042,615,2,5,2
1,0,1,1104203,1104213,0,0,0,11042,616,3,5,2
1,0,1,1104204,1104214,0,0,0,11042,617,4,5,2
1,0,1,1104205,1104215,0,0,0,11042,618,5,5,2
1,0,1,1104301,0,0,0,0,11043,619,1,5,2
1,0,1,1104302,0,0,0,0,11043,620,2,5,2
1,0,1,1104303,0,0,0,0,11043,621,3,5,2
1,0,1,1104304,0,0,0,0,11043,622,4,5,2
1,0,1,1104305,0,0,0,0,11043,623,5,5,2
1,0,1,1105101,1105111,0,0,0,11051,624,1,5,1
1,0,1,1105102,1105112,0,0,0,11051,625,2,5,1
1,0,1,1105103,1105113,0,0,0,11051,626,3,5,1
1,0,1,1105104,1105114,0,0,0,11051,627,4,5,1
1,0,1,1105105,1105115,0,0,0,11051,628,5,5,1
1,0,1,1105201,0,0,0,0,11052,629,1,5,2
1,0,1,1105202,0,0,0,0,11052,630,2,5,2
1,0,1,1105203,0,0,0,0,11052,631,3,5,2
1,0,1,1105204,0,0,0,0,11052,632,4,5,2
1,0,1,1105205,0,0,0,0,11052,633,5,5,2
1,0,1,1105301,0,0,0,0,11053,634,1,5,2
1,0,1,1105302,0,0,0,0,11053,635,2,5,2
1,0,1,1105303,0,0,0,0,11053,636,3,5,2
1,0,1,1105304,0,0,0,0,11053,637,4,5,2
1,0,1,1105305,0,0,0,0,11053,638,5,5,2
1,0,1,1106101,1106111,0,0,0,11061,639,1,5,1
1,0,1,1106102,1106112,0,0,0,11061,640,2,5,1
1,0,1,1106103,1106113,0,0,0,11061,641,3,5,1
1,0,1,1106104,1106114,0,0,0,11061,642,4,5,1
1,0,1,1106105,1106115,0,0,0,11061,643,5,5,1
2,8,1,1106201,0,0,0,0,11062,644,1,5,2
2,8,1,1106202,0,0,0,0,11062,645,2,5,2
2,8,1,1106203,0,0,0,0,11062,646,3,5,2
2,8,1,1106204,0,0,0,0,11062,647,4,5,2
2,8,1,1106205,0,0,0,0,11062,648,5,5,2
1,0,1,1106301,0,0,0,0,11063,649,1,5,2
1,0,1,1106302,0,0,0,0,11063,650,2,5,2
1,0,1,1106303,0,0,0,0,11063,651,3,5,2
1,0,1,1106304,0,0,0,0,11063,652,4,5,2
1,0,1,1106305,0,0,0,0,11063,653,5,5,2
1,0,1,1107101,0,0,0,0,11071,654,1,5,1
1,0,1,1107102,0,0,0,0,11071,655,2,5,1
1,0,1,1107103,0,0,0,0,11071,656,3,5,1
1,0,1,1107104,0,0,0,0,11071,657,4,5,1
1,0,1,1107105,0,0,0,0,11071,658,5,5,1
1,0,1,1107201,0,0,0,0,11072,659,1,5,2
1,0,1,1107202,0,0,0,0,11072,660,2,5,2
1,0,1,1107203,0,0,0,0,11072,661,3,5,2
1,0,1,1107204,0,0,0,0,11072,662,4,5,2
1,0,1,1107205,0,0,0,0,11072,663,5,5,2
1,0,1,1107301,0,0,0,0,11073,664,1,5,2
1,0,1,1107302,0,0,0,0,11073,665,2,5,2
1,0,1,1107303,0,0,0,0,11073,666,3,5,2
1,0,1,1107304,0,0,0,0,11073,667,4,5,2
1,0,1,1107305,0,0,0,0,11073,668,5,5,2
1,0,1,1108101,0,0,0,0,11081,669,1,5,1
1,0,1,1108102,0,0,0,0,11081,670,2,5,1
1,0,1,1108103,0,0,0,0,11081,671,3,5,1
1,0,1,1108104,0,0,0,0,11081,672,4,5,1
1,0,1,1108105,0,0,0,0,11081,673,5,5,1
2,8,1,1108201,0,0,0,0,11082,674,1,5,2
2,8,1,1108202,0,0,0,0,11082,675,2,5,2
2,8,1,1108203,0,0,0,0,11082,676,3,5,2
2,8,1,1108204,0,0,0,0,11082,677,4,5,2
2,8,1,1108205,0,0,0,0,11082,678,5,5,2
2,8,1,1108301,0,0,0,0,11083,679,1,5,2
2,8,1,1108302,0,0,0,0,11083,680,2,5,2
2,8,1,1108303,0,0,0,0,11083,681,3,5,2
2,8,1,1108304,0,0,0,0,11083,682,4,5,2
2,8,1,1108305,0,0,0,0,11083,683,5,5,2
1,0,1,1109101,0,0,0,0,11091,684,1,5,1
1,0,1,1109102,0,0,0,0,11091,685,2,5,1
1,0,1,1109103,0,0,0,0,11091,686,3,5,1
1,0,1,1109104,0,0,0,0,11091,687,4,5,1
1,0,1,1109105,0,0,0,0,11091,688,5,5,1
1,0,1,1109201,1109211,0,0,0,11092,689,1,5,2
1,0,1,1109202,1109212,0,0,0,11092,690,2,5,2
1,0,1,1109203,1109213,0,0,0,11092,691,3,5,2
1,0,1,1109204,1109214,0,0,0,11092,692,4,5,2
1,0,1,1109205,1109215,0,0,0,11092,693,5,5,2
2,8,1,1109301,1109311,0,0,0,11093,694,1,5,2
2,8,1,1109302,1109312,0,0,0,11093,695,2,5,2
2,8,1,1109303,1109313,0,0,0,11093,696,3,5,2
2,8,1,1109304,1109314,0,0,0,11093,697,4,5,2
2,8,1,1109305,1109315,0,0,0,11093,698,5,5,2
1,0,1,1109401,0,0,0,0,11094,699,1,5,2
1,0,1,1109402,0,0,0,0,11094,700,2,5,2
1,0,1,1109403,0,0,0,0,11094,701,3,5,2
1,0,1,1109404,0,0,0,0,11094,702,4,5,2
1,0,1,1109405,0,0,0,0,11094,703,5,5,2
1,0,1,1201101,0,0,0,0,12011,704,1,5,1
1,0,1,1201102,0,0,0,0,12011,705,1,5,1
1,0,1,1201103,0,0,0,0,12011,706,1,5,1
1,0,1,1201104,0,0,0,0,12011,707,1,5,1
1,0,1,1201105,0,0,0,0,12011,708,1,5,1
1,0,1,1201201,0,0,0,0,12012,709,1,5,2
1,0,1,1201202,0,0,0,0,12012,710,1,5,2
1,0,1,1201203,0,0,0,0,12012,711,1,5,2
1,0,1,1201204,0,0,0,0,12012,712,1,5,2
1,0,1,1201205,0,0,0,0,12012,713,1,5,2
1,0,1,1201301,0,0,0,0,12013,714,1,5,2
1,0,1,1201302,0,0,0,0,12013,715,1,5,2
1,0,1,1201303,0,0,0,0,12013,716,1,5,2
1,0,1,1201304,0,0,0,0,12013,717,1,5,2
1,0,1,1201305,0,0,0,0,12013,718,1,5,2
1,0,1,1202101,0,0,0,0,12021,719,1,5,1
1,0,1,1202102,0,0,0,0,12021,720,1,5,1
1,0,1,1202103,0,0,0,0,12021,721,1,5,1
1,0,1,1202104,0,0,0,0,12021,722,1,5,1
1,0,1,1202105,0,0,0,0,12021,723,1,5,1
1,0,1,1202201,0,0,0,0,12022,724,1,5,2
1,0,1,1202202,0,0,0,0,12022,725,1,5,2
1,0,1,1202203,0,0,0,0,12022,726,1,5,2
1,0,1,1202204,0,0,0,0,12022,727,1,5,2
1,0,1,1202205,0,0,0,0,12022,728,1,5,2
1,0,1,1202301,0,0,0,0,12023,729,1,5,2
1,0,1,1202302,0,0,0,0,12023,730,1,5,2
1,0,1,1202303,0,0,0,0,12023,731,1,5,2
1,0,1,1202304,0,0,0,0,12023,732,1,5,2
1,0,1,1202305,0,0,0,0,12023,733,1,5,2
1,0,1,1203101,0,0,0,0,12031,734,1,5,1
1,0,1,1203102,0,0,0,0,12031,735,1,5,1
1,0,1,1203103,0,0,0,0,12031,736,1,5,1
1,0,1,1203104,0,0,0,0,12031,737,1,5,1
1,0,1,1203105,0,0,0,0,12031,738,1,5,1
1,0,1,1203201,0,0,0,0,12032,739,1,5,2
1,0,1,1203202,0,0,0,0,12032,740,1,5,2
1,0,1,1203203,0,0,0,0,12032,741,1,5,2
1,0,1,1203204,0,0,0,0,12032,742,1,5,2
1,0,1,1203205,0,0,0,0,12032,743,1,5,2
1,0,1,1203301,0,0,0,0,12033,744,1,5,2
1,0,1,1203302,0,0,0,0,12033,745,1,5,2
1,0,1,1203303,0,0,0,0,12033,746,1,5,2
1,0,1,1203304,0,0,0,0,12033,747,1,5,2
1,0,1,1203305,0,0,0,0,12033,748,1,5,2
1,0,1,1204101,0,0,0,0,12041,749,1,5,1
1,0,1,1204102,0,0,0,0,12041,750,1,5,1
1,0,1,1204103,0,0,0,0,12041,751,1,5,1
1,0,1,1204104,0,0,0,0,12041,752,1,5,1
1,0,1,1204105,0,0,0,0,12041,753,1,5,1
1,0,1,1204201,0,0,0,0,12042,754,1,5,2
1,0,1,1204202,0,0,0,0,12042,755,1,5,2
1,0,1,1204203,0,0,0,0,12042,756,1,5,2
1,0,1,1204204,0,0,0,0,12042,757,1,5,2
1,0,1,1204205,0,0,0,0,12042,758,1,5,2
1,0,1,1204301,0,0,0,0,12043,759,1,5,2
1,0,1,1204302,0,0,0,0,12043,760,1,5,2
1,0,1,1204303,0,0,0,0,12043,761,1,5,2
1,0,1,1204304,0,0,0,0,12043,762,1,5,2
1,0,1,1204305,0,0,0,0,12043,763,1,5,2
1,0,1,1301101,0,0,0,0,13011,764,1,5,1
1,0,1,1301102,0,0,0,0,13011,765,1,5,1
1,0,1,1301103,0,0,0,0,13011,766,1,5,1
1,0,1,1301104,0,0,0,0,13011,767,1,5,1
1,0,1,1301105,0,0,0,0,13011,768,1,5,1
1,0,1,1301201,0,0,0,0,13012,769,1,5,2
1,0,1,1301202,0,0,0,0,13012,770,1,5,2
1,0,1,1301203,0,0,0,0,13012,771,1,5,2
1,0,1,1301204,0,0,0,0,13012,772,1,5,2
1,0,1,1301205,0,0,0,0,13012,773,1,5,2
1,0,1,1301301,0,0,0,0,13013,774,1,5,2
1,0,1,1301302,0,0,0,0,13013,775,1,5,2
1,0,1,1301303,0,0,0,0,13013,776,1,5,2
1,0,1,1301304,0,0,0,0,13013,777,1,5,2
1,0,1,1301305,0,0,0,0,13013,778,1,5,2
1,0,1,1302101,0,0,0,0,13021,779,1,5,1
1,0,1,1302102,0,0,0,0,13021,780,1,5,1
1,0,1,1302103,0,0,0,0,13021,781,1,5,1
1,0,1,1302104,0,0,0,0,13021,782,1,5,1
1,0,1,1302105,0,0,0,0,13021,783,1,5,1
1,0,1,1302201,0,0,0,0,13022,784,1,5,1
1,0,1,1302202,0,0,0,0,13022,785,1,5,1
1,0,1,1302203,0,0,0,0,13022,786,1,5,1
1,0,1,1302204,0,0,0,0,13022,787,1,5,1
1,0,1,1302205,0,0,0,0,13022,788,1,5,1
1,0,1,1302301,0,0,0,0,13023,789,1,5,1
1,0,1,1302302,0,0,0,0,13023,790,1,5,1
1,0,1,1302303,0,0,0,0,13023,791,1,5,1
1,0,1,1302304,0,0,0,0,13023,792,1,5,1
1,0,1,1302305,0,0,0,0,13023,793,1,5,1
1,0,1,1303101,0,0,0,0,13031,794,1,5,1
1,0,1,1303102,0,0,0,0,13031,795,1,5,1
1,0,1,1303103,0,0,0,0,13031,796,1,5,1
1,0,1,1303104,0,0,0,0,13031,797,1,5,1
1,0,1,1303105,0,0,0,0,13031,798,1,5,1
1,0,1,1303201,0,0,0,0,13032,799,1,5,1
1,0,1,1303202,0,0,0,0,13032,800,1,5,1
1,0,1,1303203,0,0,0,0,13032,801,1,5,1
1,0,1,1303204,0,0,0,0,13032,802,1,5,1
1,0,1,1303205,0,0,0,0,13032,803,1,5,1
1,0,1,1303301,0,0,0,0,13033,804,1,5,1
1,0,1,1303302,0,0,0,0,13033,805,1,5,1
1,0,1,1303303,0,0,0,0,13033,806,1,5,1
1,0,1,1303304,0,0,0,0,13033,807,1,5,1
1,0,1,1303305,0,0,0,0,13033,808,1,5,1
1,0,1,1304101,0,0,0,0,13041,809,1,5,1
1,0,1,1304102,0,0,0,0,13041,810,1,5,1
1,0,1,1304103,0,0,0,0,13041,811,1,5,1
1,0,1,1304104,0,0,0,0,13041,812,1,5,1
1,0,1,1304105,0,0,0,0,13041,813,1,5,1
1,0,1,1304201,0,0,0,0,13042,814,1,5,1
1,0,1,1304202,0,0,0,0,13042,815,1,5,1
1,0,1,1304203,0,0,0,0,13042,816,1,5,1
1,0,1,1304204,0,0,0,0,13042,817,1,5,1
1,0,1,1304205,0,0,0,0,13042,818,1,5,1
1,0,1,1304301,0,0,0,0,13043,819,1,5,1
1,0,1,1304302,0,0,0,0,13043,820,1,5,1
1,0,1,1304303,0,0,0,0,13043,821,1,5,1
1,0,1,1304304,0,0,0,0,13043,822,1,5,1
1,0,1,1304305,0,0,0,0,13043,823,1,5,1
1,0,1,1305101,0,0,0,0,13051,824,1,5,1
1,0,1,1305102,0,0,0,0,13051,825,1,5,1
1,0,1,1305103,0,0,0,0,13051,826,1,5,1
1,0,1,1305104,0,0,0,0,13051,827,1,5,1
1,0,1,1305105,0,0,0,0,13051,828,1,5,1
1,0,1,1305201,0,0,0,0,13052,829,1,5,1
1,0,1,1305202,0,0,0,0,13052,830,1,5,1
1,0,1,1305203,0,0,0,0,13052,831,1,5,1
1,0,1,1305204,0,0,0,0,13052,832,1,5,1
1,0,1,1305205,0,0,0,0,13052,833,1,5,1
1,0,1,1305301,0,0,0,0,13053,834,1,5,1
1,0,1,1305302,0,0,0,0,13053,835,1,5,1
1,0,1,1305303,0,0,0,0,13053,836,1,5,1
1,0,1,1305304,0,0,0,0,13053,837,1,5,1
1,0,1,1305305,0,0,0,0,13053,838,1,5,1
1,0,1,1306101,0,0,0,0,13061,839,1,5,1
1,0,1,1306102,0,0,0,0,13061,840,1,5,1
1,0,1,1306103,0,0,0,0,13061,841,1,5,1
1,0,1,1306104,0,0,0,0,13061,842,1,5,1
1,0,1,1306105,0,0,0,0,13061,843,1,5,1
1,0,1,1306201,0,0,0,0,13062,844,1,5,1
1,0,1,1306202,0,0,0,0,13062,845,1,5,1
1,0,1,1306203,0,0,0,0,13062,846,1,5,1
1,0,1,1306204,0,0,0,0,13062,847,1,5,1
1,0,1,1306205,0,0,0,0,13062,848,1,5,1
1,0,1,1306301,0,0,0,0,13063,849,1,5,1
1,0,1,1306302,0,0,0,0,13063,850,1,5,1
1,0,1,1306303,0,0,0,0,13063,851,1,5,1
1,0,1,1306304,0,0,0,0,13063,852,1,5,1
1,0,1,1306305,0,0,0,0,13063,853,1,5,1
1,0,1,1307101,0,0,0,0,13071,854,1,5,1
1,0,1,1307102,0,0,0,0,13071,855,1,5,1
1,0,1,1307103,0,0,0,0,13071,856,1,5,1
1,0,1,1307104,0,0,0,0,13071,857,1,5,1
1,0,1,1307105,0,0,0,0,13071,858,1,5,1
1,0,1,1307201,0,0,0,0,13072,859,1,5,1
1,0,1,1307202,0,0,0,0,13072,860,1,5,1
1,0,1,1307203,0,0,0,0,13072,861,1,5,1
1,0,1,1307204,0,0,0,0,13072,862,1,5,1
1,0,1,1307205,0,0,0,0,13072,863,1,5,1
1,0,1,1307301,0,0,0,0,13073,864,1,5,1
1,0,1,1307302,0,0,0,0,13073,865,1,5,1
1,0,1,1307303,0,0,0,0,13073,866,1,5,1
1,0,1,1307304,0,0,0,0,13073,867,1,5,1
1,0,1,1307305,0,0,0,0,13073,868,1,5,1
1,0,1,1308101,0,0,0,0,13081,869,1,5,1
1,0,1,1308102,0,0,0,0,13081,870,1,5,1
1,0,1,1308103,0,0,0,0,13081,871,1,5,1
1,0,1,1308104,0,0,0,0,13081,872,1,5,1
1,0,1,1308105,0,0,0,0,13081,873,1,5,1
1,0,1,1308201,0,0,0,0,13082,874,1,5,1
1,0,1,1308202,0,0,0,0,13082,875,1,5,1
1,0,1,1308203,0,0,0,0,13082,876,1,5,1
1,0,1,1308204,0,0,0,0,13082,877,1,5,1
1,0,1,1308205,0,0,0,0,13082,878,1,5,1
1,0,1,1308301,0,0,0,0,13083,879,1,5,1
1,0,1,1308302,0,0,0,0,13083,880,1,5,1
1,0,1,1308303,0,0,0,0,13083,881,1,5,1
1,0,1,1308304,0,0,0,0,13083,882,1,5,1
1,0,1,1308305,0,0,0,0,13083,883,1,5,1
1,0,1,1309101,0,0,0,0,13091,884,1,5,1
1,0,1,1309102,0,0,0,0,13091,885,1,5,1
1,0,1,1309103,0,0,0,0,13091,886,1,5,1
1,0,1,1309104,0,0,0,0,13091,887,1,5,1
1,0,1,1309105,0,0,0,0,13091,888,1,5,1
1,0,1,1309201,0,0,0,0,13092,889,1,5,1
1,0,1,1309202,0,0,0,0,13092,890,1,5,1
1,0,1,1309203,0,0,0,0,13092,891,1,5,1
1,0,1,1309204,0,0,0,0,13092,892,1,5,1
1,0,1,1309205,0,0,0,0,13092,893,1,5,1
1,0,1,1309301,0,0,0,0,13093,894,1,5,1
1,0,1,1309302,0,0,0,0,13093,895,1,5,1
1,0,1,1309303,0,0,0,0,13093,896,1,5,1
1,0,1,1309304,0,0,0,0,13093,897,1,5,1
1,0,1,1309305,0,0,0,0,13093,898,1,5,1
1,0,1,1401101,0,0,0,0,14011,899,1,5,1
1,0,1,1401102,0,0,0,0,14011,900,2,5,1
1,0,1,1401103,0,0,0,0,14011,901,3,5,1
1,0,1,1401104,0,0,0,0,14011,902,4,5,1
1,0,1,1401105,0,0,0,0,14011,903,5,5,1
1,0,1,1401201,0,0,0,0,14012,904,1,5,2
1,0,1,1401202,0,0,0,0,14012,905,2,5,2
1,0,1,1401203,0,0,0,0,14012,906,3,5,2
1,0,1,1401204,0,0,0,0,14012,907,4,5,2
1,0,1,1401205,0,0,0,0,14012,908,5,5,2
1,0,1,1401301,0,0,0,0,14013,909,1,5,2
1,0,1,1401302,0,0,0,0,14013,910,2,5,2
1,0,1,1401303,0,0,0,0,14013,911,3,5,2
1,0,1,1401304,0,0,0,0,14013,912,4,5,2
1,0,1,1401305,0,0,0,0,14013,913,5,5,2
