category,class_id,corp_idx,corps_group,e_skill_lv,group_id,hero_grade,hero_id,hero_lv,idx,skill1_lv,skill2_lv,skill3_lv,unit_dmg_factor,unit_id_1,unit_id_2,unit_id_3,unit_id_4,unit_id_5,unit_id_6,unit_qty_1,unit_qty_2,unit_qty_3,unit_qty_4,unit_qty_5,unit_qty_6
1,3001,0,11,1,1,1,1107,1,1,1,0,0,0,101,0,0,0,0,0,200,0,0,0,0,0
1,3002,0,11,1,2,1,1108,3,2,1,0,0,0,201,0,0,0,0,0,400,0,0,0,0,0
1,3003,0,11,1,3,1,1107,8,3,1,0,0,0,301,0,0,0,0,0,600,0,0,0,0,0
1,3004,0,11,1,4,1,1108,12,4,1,0,0,0,401,0,0,0,0,0,1000,0,0,0,0,0
1,3001,0,11,1,5,1,1107,17,5,1,0,0,0,101,0,0,0,0,0,2000,0,0,0,0,0
1,3002,0,11,1,6,2,1108,20,6,1,0,0,0,201,0,0,0,0,0,3000,0,0,0,0,0
1,3003,0,11,1,7,2,1107,22,7,1,0,0,0,301,0,0,0,0,0,4000,0,0,0,0,0
1,3001,0,11,1,8,2,1108,22,8,1,0,0,0,101,0,0,0,0,0,2700,0,0,0,0,0
1,3002,0,12,1,8,2,1108,22,9,1,0,0,0,201,0,0,0,0,0,2700,0,0,0,0,0
1,3002,0,11,1,9,3,1107,24,10,1,0,0,0,202,0,0,0,0,0,1440,0,0,0,0,0
1,3003,0,12,1,9,3,1107,24,11,1,0,0,0,302,0,0,0,0,0,1440,0,0,0,0,0
1,3003,0,11,1,10,3,1108,30,12,1,0,0,0,302,0,0,0,0,0,2250,0,0,0,0,0
1,3004,0,12,1,10,3,1108,30,13,1,0,0,0,402,0,0,0,0,0,2250,0,0,0,0,0
1,3001,0,11,1,11,3,1105,32,14,1,0,0,0,102,0,0,0,0,0,3510,0,0,0,0,0
1,3003,0,12,1,11,4,1105,32,15,1,0,0,0,302,0,0,0,0,0,3510,0,0,0,0,0
1,3001,0,11,1,12,4,1104,32,16,1,0,0,0,102,0,0,0,0,0,5400,0,0,0,0,0
1,3004,0,12,1,12,4,1104,32,17,1,0,0,0,402,0,0,0,0,0,5400,0,0,0,0,0
1,3002,0,11,1,13,4,1105,34,18,1,0,0,0,202,0,0,0,0,0,7700,0,0,0,0,0
1,3004,0,12,1,13,4,1105,34,19,1,0,0,0,402,0,0,0,0,0,7700,0,0,0,0,0
1,3003,0,11,1,14,5,1104,36,20,1,0,0,0,302,0,0,0,0,0,10000,0,0,0,0,0
1,3004,0,12,1,14,5,1104,36,21,1,0,0,0,402,0,0,0,0,0,10000,0,0,0,0,0
1,3001,0,11,1,15,6,1105,38,22,1,0,0,0,102,0,0,0,0,0,10000,0,0,0,0,0
1,3002,0,12,1,15,6,1105,38,23,1,0,0,0,202,0,0,0,0,0,10000,0,0,0,0,0
1,3003,0,21,1,15,6,1105,38,24,1,0,0,0,302,0,0,0,0,0,10000,0,0,0,0,0
1,3001,0,11,1,16,6,1104,38,25,1,0,0,0,102,0,0,0,0,0,15400,0,0,0,0,0
1,3002,0,12,1,16,6,1104,38,26,1,0,0,0,202,0,0,0,0,0,16500,0,0,0,0,0
1,3004,0,21,1,16,6,1104,38,27,1,0,0,0,402,0,0,0,0,0,15400,0,0,0,0,0
1,3001,0,11,1,17,6,1105,40,28,1,0,0,0,102,0,0,0,0,0,22000,0,0,0,0,0
1,3003,0,12,1,17,6,1105,40,29,1,0,0,0,302,0,0,0,0,0,22000,0,0,0,0,0
1,3004,0,13,1,17,6,1105,40,30,1,0,0,0,402,0,0,0,0,0,22000,0,0,0,0,0
1,3002,0,11,1,18,6,1104,40,31,1,0,0,0,202,0,0,0,0,0,29700,0,0,0,0,0
1,3003,0,12,1,18,6,1104,40,32,1,0,0,0,302,0,0,0,0,0,28600,0,0,0,0,0
1,3004,0,13,1,18,6,1104,40,33,1,0,0,0,402,0,0,0,0,0,29700,0,0,0,0,0
1,3001,0,11,1,19,6,1105,40,34,1,0,0,0,103,0,0,0,0,0,27500,0,0,0,0,0
1,3002,0,12,1,19,6,1105,40,35,1,0,0,0,203,0,0,0,0,0,27500,0,0,0,0,0
1,3004,0,13,1,19,6,1105,40,36,1,0,0,0,403,0,0,0,0,0,27500,0,0,0,0,0
1,3001,0,11,1,20,6,1104,42,37,1,0,0,0,103,0,0,0,0,0,28500,0,0,0,0,0
1,3002,0,12,1,20,6,1104,42,38,1,0,0,0,203,0,0,0,0,0,28500,0,0,0,0,0
1,3003,0,13,1,20,6,1104,42,39,1,0,0,0,303,0,0,0,0,0,28500,0,0,0,0,0
1,3004,0,21,1,20,6,1104,42,40,1,0,0,0,403,0,0,0,0,0,28500,0,0,0,0,0
1,3001,0,11,1,21,6,1106,42,41,1,0,0,0,103,0,0,0,0,0,34500,0,0,0,0,0
1,3002,0,12,1,21,6,1106,42,42,1,0,0,0,203,0,0,0,0,0,34500,0,0,0,0,0
1,3003,0,13,1,21,6,1106,42,43,1,0,0,0,303,0,0,0,0,0,34500,0,0,0,0,0
1,3004,0,21,1,21,6,1106,42,44,1,0,0,0,403,0,0,0,0,0,34500,0,0,0,0,0
1,3001,0,11,1,22,6,1106,42,45,1,0,0,0,103,0,0,0,0,0,32400,0,0,0,0,0
1,3002,0,12,1,22,6,1106,42,46,1,0,0,0,203,0,0,0,0,0,32400,0,0,0,0,0
1,3002,0,13,1,22,6,1106,42,47,1,0,0,0,203,0,0,0,0,0,32400,0,0,0,0,0
1,3003,0,21,1,22,6,1106,42,48,1,0,0,0,303,0,0,0,0,0,32400,0,0,0,0,0
1,3004,0,22,1,22,6,1106,42,49,1,0,0,0,403,0,0,0,0,0,32400,0,0,0,0,0
1,3001,0,11,1,23,6,1106,42,50,1,0,0,0,103,0,0,0,0,0,37200,0,0,0,0,0
1,3002,0,12,1,23,6,1106,42,51,1,0,0,0,203,0,0,0,0,0,37200,0,0,0,0,0
1,3003,0,13,1,23,6,1106,42,52,1,0,0,0,303,0,0,0,0,0,37200,0,0,0,0,0
1,3003,0,21,1,23,6,1106,42,53,1,0,0,0,303,0,0,0,0,0,37200,0,0,0,0,0
1,3004,0,22,1,23,6,1106,42,54,1,0,0,0,403,0,0,0,0,0,37200,0,0,0,0,0
1,3001,0,11,1,24,6,1106,42,55,1,0,0,0,103,0,0,0,0,0,42000,0,0,0,0,0
1,3002,0,12,1,24,6,1106,42,56,1,0,0,0,203,0,0,0,0,0,42000,0,0,0,0,0
1,3003,0,13,1,24,6,1106,42,57,1,0,0,0,303,0,0,0,0,0,42000,0,0,0,0,0
1,3004,0,21,1,24,6,1106,42,58,1,0,0,0,403,0,0,0,0,0,42000,0,0,0,0,0
1,3004,0,22,1,24,6,1106,42,59,1,0,0,0,403,0,0,0,0,0,42000,0,0,0,0,0
1,3001,0,11,1,25,6,1106,42,60,1,0,0,0,103,0,0,0,0,0,40800,0,0,0,0,0
1,3001,0,12,1,25,6,1106,42,61,1,0,0,0,103,0,0,0,0,0,40800,0,0,0,0,0
1,3002,0,13,1,25,6,1106,42,62,1,0,0,0,203,0,0,0,0,0,40800,0,0,0,0,0
1,3002,0,21,1,25,6,1106,42,63,1,0,0,0,203,0,0,0,0,0,40800,0,0,0,0,0
1,3003,0,22,1,25,6,1106,42,64,1,0,0,0,303,0,0,0,0,0,40800,0,0,0,0,0
1,3004,0,23,1,25,6,1106,42,65,1,0,0,0,403,0,0,0,0,0,40800,0,0,0,0,0
1,3001,0,11,1,26,6,1101,42,66,1,0,0,0,103,0,0,0,0,0,44000,0,0,0,0,0
1,3001,0,12,1,26,6,1101,42,67,1,0,0,0,103,0,0,0,0,0,44000,0,0,0,0,0
1,3002,0,13,1,26,6,1101,42,68,1,0,0,0,203,0,0,0,0,0,44000,0,0,0,0,0
1,3003,0,21,1,26,6,1101,42,69,1,0,0,0,303,0,0,0,0,0,44000,0,0,0,0,0
1,3003,0,22,1,26,6,1101,42,70,1,0,0,0,303,0,0,0,0,0,44000,0,0,0,0,0
1,3004,0,23,1,26,6,1101,42,71,1,0,0,0,403,0,0,0,0,0,44000,0,0,0,0,0
1,3001,0,11,1,27,6,1101,45,72,1,0,0,0,103,0,0,0,0,0,49500,0,0,0,0,0
1,3001,0,12,1,27,6,1101,45,73,1,0,0,0,103,0,0,0,0,0,49500,0,0,0,0,0
1,3002,0,13,1,27,6,1101,45,74,1,0,0,0,203,0,0,0,0,0,49500,0,0,0,0,0
1,3003,0,21,1,27,6,1101,45,75,1,0,0,0,303,0,0,0,0,0,49500,0,0,0,0,0
1,3004,0,22,1,27,6,1101,45,76,1,0,0,0,403,0,0,0,0,0,49500,0,0,0,0,0
1,3004,0,23,1,27,6,1101,45,77,1,0,0,0,403,0,0,0,0,0,49500,0,0,0,0,0
1,3001,0,11,1,28,6,1101,45,78,1,0,0,0,103,0,0,0,0,0,55000,0,0,0,0,0
1,3002,0,12,1,28,6,1101,45,79,1,0,0,0,203,0,0,0,0,0,55000,0,0,0,0,0
1,3002,0,13,1,28,6,1101,45,80,1,0,0,0,203,0,0,0,0,0,55000,0,0,0,0,0
1,3003,0,21,1,28,6,1101,45,81,1,0,0,0,303,0,0,0,0,0,55000,0,0,0,0,0
1,3003,0,22,1,28,6,1101,45,82,1,0,0,0,303,0,0,0,0,0,55000,0,0,0,0,0
1,3004,0,23,1,28,6,1101,45,83,1,0,0,0,403,0,0,0,0,0,55000,0,0,0,0,0
1,3001,0,11,1,29,6,1101,45,84,1,0,0,0,104,0,0,0,0,0,50000,0,0,0,0,0
1,3002,0,12,1,29,6,1101,45,85,1,0,0,0,204,0,0,0,0,0,50000,0,0,0,0,0
1,3002,0,13,1,29,6,1101,45,86,1,0,0,0,204,0,0,0,0,0,50000,0,0,0,0,0
1,3003,0,21,1,29,6,1101,45,87,1,0,0,0,304,0,0,0,0,0,50000,0,0,0,0,0
1,3004,0,22,1,29,6,1101,45,88,1,0,0,0,404,0,0,0,0,0,50000,0,0,0,0,0
1,3004,0,23,1,29,6,1101,45,89,1,0,0,0,404,0,0,0,0,0,50000,0,0,0,0,0
1,3001,0,11,1,30,6,1101,45,90,1,0,0,0,104,0,0,0,0,0,60000,0,0,0,0,0
1,3002,0,12,1,30,6,1101,45,91,1,0,0,0,204,0,0,0,0,0,60000,0,0,0,0,0
1,3002,0,13,1,30,6,1101,45,92,1,0,0,0,204,0,0,0,0,0,60000,0,0,0,0,0
1,3003,0,21,1,30,6,1101,45,93,1,0,0,0,304,0,0,0,0,0,60000,0,0,0,0,0
1,3004,0,22,1,30,6,1101,45,94,1,0,0,0,404,0,0,0,0,0,60000,0,0,0,0,0
1,3004,0,23,1,30,6,1101,45,95,1,0,0,0,404,0,0,0,0,0,60000,0,0,0,0,0
2,3001,0,11,1,1001,6,1107,22,96,1,0,0,0,102,0,0,0,0,0,1250,0,0,0,0,0
2,3001,0,12,1,1001,6,1107,22,97,1,0,0,0,102,0,0,0,0,0,1250,0,0,0,0,0
2,3001,0,13,1,1001,6,1107,22,98,1,0,0,0,102,0,0,0,0,0,1250,0,0,0,0,0
2,3002,0,21,1,1001,6,1107,22,99,1,0,0,0,202,0,0,0,0,0,1250,0,0,0,0,0
2,3002,0,22,1,1001,6,1107,22,100,1,0,0,0,202,0,0,0,0,0,1250,0,0,0,0,0
2,3003,0,23,1,1001,6,1107,22,101,1,0,0,0,302,0,0,0,0,0,1250,0,0,0,0,0
2,3003,0,31,1,1001,6,1107,22,102,1,0,0,0,302,0,0,0,0,0,1250,0,0,0,0,0
2,3003,0,32,1,1001,6,1107,22,103,1,0,0,0,302,0,0,0,0,0,1250,0,0,0,0,0
2,3004,0,33,1,1001,6,1107,22,104,1,0,0,0,402,0,0,0,0,0,1250,0,0,0,0,0
2,3004,0,41,1,1001,6,1107,22,105,1,0,0,0,402,0,0,0,0,0,1250,0,0,0,0,0
2,3001,0,11,1,1002,6,1102,30,106,1,0,0,0,102,0,0,0,0,0,8500,0,0,0,0,0
2,3001,0,12,1,1002,6,1102,30,107,1,0,0,0,102,0,0,0,0,0,8500,0,0,0,0,0
2,3001,0,13,1,1002,6,1102,30,108,1,0,0,0,102,0,0,0,0,0,8500,0,0,0,0,0
2,3001,0,21,1,1002,6,1102,30,109,1,0,0,0,102,0,0,0,0,0,8500,0,0,0,0,0
2,3002,0,22,1,1002,6,1102,30,110,1,0,0,0,202,0,0,0,0,0,8500,0,0,0,0,0
2,3002,0,23,1,1002,6,1102,30,111,1,0,0,0,202,0,0,0,0,0,8500,0,0,0,0,0
2,3002,0,31,1,1002,6,1102,30,112,1,0,0,0,202,0,0,0,0,0,8500,0,0,0,0,0
2,3002,0,32,1,1002,6,1102,30,113,1,0,0,0,202,0,0,0,0,0,8500,0,0,0,0,0
2,3003,0,33,1,1002,6,1102,30,114,1,0,0,0,302,0,0,0,0,0,8500,0,0,0,0,0
2,3003,0,41,1,1002,6,1102,30,115,1,0,0,0,302,0,0,0,0,0,8500,0,0,0,0,0
2,3003,0,42,1,1002,6,1102,30,116,1,0,0,0,302,0,0,0,0,0,8500,0,0,0,0,0
2,3004,0,43,1,1002,6,1102,30,117,1,0,0,0,402,0,0,0,0,0,8500,0,0,0,0,0
2,3004,0,51,1,1002,6,1102,30,118,1,0,0,0,402,0,0,0,0,0,8500,0,0,0,0,0
2,3004,0,52,1,1002,6,1102,30,119,1,0,0,0,402,0,0,0,0,0,8500,0,0,0,0,0
2,3004,0,53,1,1002,6,1102,30,120,1,0,0,0,402,0,0,0,0,0,8500,0,0,0,0,0
2,3001,0,11,1,1003,6,1107,38,121,1,0,0,0,103,0,0,0,0,0,23750,0,0,0,0,0
2,3001,0,12,1,1003,6,1107,38,122,1,0,0,0,103,0,0,0,0,0,23750,0,0,0,0,0
2,3001,0,13,1,1003,6,1107,38,123,1,0,0,0,103,0,0,0,0,0,23750,0,0,0,0,0
2,3001,0,21,1,1003,6,1107,38,124,1,0,0,0,103,0,0,0,0,0,23750,0,0,0,0,0
2,3001,0,22,1,1003,6,1107,38,125,1,0,0,0,103,0,0,0,0,0,23750,0,0,0,0,0
2,3002,0,23,1,1003,6,1107,38,126,1,0,0,0,203,0,0,0,0,0,23750,0,0,0,0,0
2,3002,0,31,1,1003,6,1107,38,127,1,0,0,0,203,0,0,0,0,0,23750,0,0,0,0,0
2,3002,0,32,1,1003,6,1107,38,128,2,0,0,0,203,0,0,0,0,0,23750,0,0,0,0,0
2,3002,0,33,1,1003,6,1107,38,129,2,0,0,0,203,0,0,0,0,0,23750,0,0,0,0,0
2,3002,0,41,1,1003,6,1107,38,130,2,0,0,0,203,0,0,0,0,0,23750,0,0,0,0,0
2,3003,0,42,1,1003,6,1107,38,131,2,0,0,0,303,0,0,0,0,0,23750,0,0,0,0,0
2,3003,0,43,1,1003,6,1107,38,132,2,0,0,0,303,0,0,0,0,0,23750,0,0,0,0,0
2,3003,0,51,1,1003,6,1107,38,133,2,0,0,0,303,0,0,0,0,0,23750,0,0,0,0,0
2,3003,0,52,1,1003,6,1107,38,134,2,0,0,0,303,0,0,0,0,0,23750,0,0,0,0,0
2,3003,0,53,1,1003,6,1107,38,135,2,0,0,0,303,0,0,0,0,0,23750,0,0,0,0,0
2,3004,0,61,1,1003,6,1107,38,136,2,0,0,0,403,0,0,0,0,0,23750,0,0,0,0,0
2,3004,0,62,1,1003,6,1107,38,137,2,0,0,0,403,0,0,0,0,0,23750,0,0,0,0,0
2,3004,0,63,1,1003,6,1107,38,138,2,0,0,0,403,0,0,0,0,0,23750,0,0,0,0,0
2,3004,0,71,1,1003,6,1107,38,139,2,0,0,0,403,0,0,0,0,0,23750,0,0,0,0,0
2,3004,0,72,1,1003,6,1107,38,140,2,0,0,0,403,0,0,0,0,0,23750,0,0,0,0,0
2,3001,0,11,1,1004,6,1102,40,141,2,0,0,0,103,0,0,0,0,0,27000,0,0,0,0,0
2,3001,0,12,1,1004,6,1102,40,142,2,0,0,0,103,0,0,0,0,0,27000,0,0,0,0,0
2,3001,0,13,1,1004,6,1102,40,143,2,0,0,0,103,0,0,0,0,0,27000,0,0,0,0,0
2,3001,0,21,1,1004,6,1102,40,144,2,0,0,0,103,0,0,0,0,0,27000,0,0,0,0,0
2,3001,0,22,1,1004,6,1102,40,145,2,0,0,0,103,0,0,0,0,0,27000,0,0,0,0,0
2,3001,0,23,1,1004,6,1102,40,146,2,0,0,0,103,0,0,0,0,0,27000,0,0,0,0,0
2,3002,0,31,1,1004,6,1102,40,147,2,0,0,0,203,0,0,0,0,0,27000,0,0,0,0,0
2,3002,0,32,1,1004,6,1102,40,148,2,0,0,0,203,0,0,0,0,0,27000,0,0,0,0,0
2,3002,0,33,1,1004,6,1102,40,149,2,0,0,0,203,0,0,0,0,0,27000,0,0,0,0,0
2,3002,0,41,1,1004,6,1102,40,150,2,0,0,0,203,0,0,0,0,0,27000,0,0,0,0,0
2,3002,0,42,1,1004,6,1102,40,151,2,0,0,0,203,0,0,0,0,0,27000,0,0,0,0,0
2,3002,0,43,1,1004,6,1102,40,152,2,0,0,0,203,0,0,0,0,0,27000,0,0,0,0,0
2,3003,0,51,1,1004,6,1102,40,153,2,0,0,0,303,0,0,0,0,0,27000,0,0,0,0,0
2,3003,0,52,1,1004,6,1102,40,154,2,0,0,0,303,0,0,0,0,0,27000,0,0,0,0,0
2,3003,0,53,1,1004,6,1102,40,155,2,0,0,0,303,0,0,0,0,0,27000,0,0,0,0,0
2,3003,0,61,1,1004,6,1102,40,156,2,0,0,0,303,0,0,0,0,0,27000,0,0,0,0,0
2,3003,0,62,1,1004,6,1102,40,157,2,0,0,0,303,0,0,0,0,0,27000,0,0,0,0,0
2,3003,0,63,1,1004,6,1102,40,158,2,0,0,0,303,0,0,0,0,0,27000,0,0,0,0,0
2,3003,0,71,1,1004,6,1102,40,159,2,0,0,0,303,0,0,0,0,0,27000,0,0,0,0,0
2,3004,0,72,1,1004,6,1102,40,160,2,0,0,0,403,0,0,0,0,0,27000,0,0,0,0,0
2,3004,0,73,1,1004,6,1102,40,161,2,0,0,0,403,0,0,0,0,0,27000,0,0,0,0,0
2,3004,0,81,1,1004,6,1102,40,162,2,0,0,0,403,0,0,0,0,0,27000,0,0,0,0,0
2,3004,0,82,1,1004,6,1102,40,163,2,0,0,0,403,0,0,0,0,0,27000,0,0,0,0,0
2,3004,0,83,1,1004,6,1102,40,164,2,0,0,0,403,0,0,0,0,0,27000,0,0,0,0,0
2,3004,0,91,1,1004,6,1102,40,165,2,0,0,0,403,0,0,0,0,0,27000,0,0,0,0,0
2,3001,0,11,1,1005,6,1107,42,166,2,0,0,0,103,0,0,0,0,0,35000,0,0,0,0,0
2,3001,0,12,1,1005,6,1107,42,167,2,0,0,0,103,0,0,0,0,0,35000,0,0,0,0,0
2,3001,0,13,1,1005,6,1107,42,168,2,0,0,0,103,0,0,0,0,0,35000,0,0,0,0,0
2,3001,0,21,1,1005,6,1107,42,169,2,0,0,0,103,0,0,0,0,0,35000,0,0,0,0,0
2,3001,0,22,1,1005,6,1107,42,170,2,0,0,0,103,0,0,0,0,0,35000,0,0,0,0,0
2,3001,0,23,1,1005,6,1107,42,171,2,0,0,0,103,0,0,0,0,0,35000,0,0,0,0,0
2,3002,0,31,1,1005,6,1107,42,172,2,0,0,0,203,0,0,0,0,0,35000,0,0,0,0,0
2,3002,0,32,1,1005,6,1107,42,173,2,0,0,0,203,0,0,0,0,0,35000,0,0,0,0,0
2,3002,0,33,1,1005,6,1107,42,174,2,0,0,0,203,0,0,0,0,0,35000,0,0,0,0,0
2,3002,0,41,1,1005,6,1107,42,175,2,0,0,0,203,0,0,0,0,0,35000,0,0,0,0,0
2,3002,0,42,1,1005,6,1107,42,176,2,0,0,0,203,0,0,0,0,0,35000,0,0,0,0,0
2,3002,0,43,1,1005,6,1107,42,177,2,0,0,0,203,0,0,0,0,0,35000,0,0,0,0,0
2,3003,0,51,1,1005,6,1107,42,178,2,0,0,0,303,0,0,0,0,0,35000,0,0,0,0,0
2,3003,0,52,1,1005,6,1107,42,179,2,0,0,0,303,0,0,0,0,0,35000,0,0,0,0,0
2,3003,0,53,1,1005,6,1107,42,180,2,0,0,0,303,0,0,0,0,0,35000,0,0,0,0,0
2,3003,0,61,1,1005,6,1107,42,181,3,0,0,0,303,0,0,0,0,0,35000,0,0,0,0,0
2,3003,0,62,1,1005,6,1107,42,182,3,0,0,0,303,0,0,0,0,0,35000,0,0,0,0,0
2,3003,0,63,1,1005,6,1107,42,183,3,0,0,0,303,0,0,0,0,0,35000,0,0,0,0,0
2,3004,0,71,1,1005,6,1107,42,184,3,0,0,0,403,0,0,0,0,0,35000,0,0,0,0,0
2,3004,0,72,1,1005,6,1107,42,185,3,0,0,0,403,0,0,0,0,0,35000,0,0,0,0,0
2,3004,0,73,1,1005,6,1107,42,186,3,0,0,0,403,0,0,0,0,0,35000,0,0,0,0,0
2,3004,0,81,1,1005,6,1107,42,187,3,0,0,0,403,0,0,0,0,0,35000,0,0,0,0,0
2,3004,0,82,1,1005,6,1107,42,188,3,0,0,0,403,0,0,0,0,0,35000,0,0,0,0,0
2,3004,0,83,1,1005,6,1107,42,189,3,0,0,0,403,0,0,0,0,0,35000,0,0,0,0,0
2,3004,0,91,1,1005,6,1107,42,190,3,0,0,0,403,0,0,0,0,0,35000,0,0,0,0,0
2,3001,0,11,1,1006,6,1102,42,191,3,0,0,0,103,0,0,0,0,0,45000,0,0,0,0,0
2,3001,0,12,1,1006,6,1102,42,192,3,0,0,0,103,0,0,0,0,0,45000,0,0,0,0,0
2,3001,0,13,1,1006,6,1102,42,193,3,0,0,0,103,0,0,0,0,0,45000,0,0,0,0,0
2,3001,0,21,1,1006,6,1102,42,194,3,0,0,0,103,0,0,0,0,0,45000,0,0,0,0,0
2,3001,0,22,1,1006,6,1102,42,195,3,0,0,0,103,0,0,0,0,0,45000,0,0,0,0,0
2,3001,0,23,1,1006,6,1102,42,196,3,0,0,0,103,0,0,0,0,0,45000,0,0,0,0,0
2,3001,0,31,1,1006,6,1102,42,197,3,0,0,0,103,0,0,0,0,0,45000,0,0,0,0,0
2,3001,0,32,1,1006,6,1102,42,198,3,0,0,0,103,0,0,0,0,0,45000,0,0,0,0,0
2,3002,0,33,1,1006,6,1102,42,199,3,0,0,0,203,0,0,0,0,0,45000,0,0,0,0,0
2,3002,0,41,1,1006,6,1102,42,200,3,0,0,0,203,0,0,0,0,0,45000,0,0,0,0,0
2,3002,0,42,1,1006,6,1102,42,201,3,0,0,0,203,0,0,0,0,0,45000,0,0,0,0,0
2,3002,0,43,1,1006,6,1102,42,202,3,0,0,0,203,0,0,0,0,0,45000,0,0,0,0,0
2,3002,0,51,1,1006,6,1102,42,203,3,0,0,0,203,0,0,0,0,0,45000,0,0,0,0,0
2,3002,0,52,1,1006,6,1102,42,204,3,0,0,0,203,0,0,0,0,0,45000,0,0,0,0,0
2,3002,0,53,1,1006,6,1102,42,205,3,0,0,0,203,0,0,0,0,0,45000,0,0,0,0,0
2,3002,0,61,1,1006,6,1102,42,206,3,0,0,0,203,0,0,0,0,0,45000,0,0,0,0,0
2,3003,0,62,1,1006,6,1102,42,207,3,0,0,0,303,0,0,0,0,0,45000,0,0,0,0,0
2,3003,0,63,1,1006,6,1102,42,208,3,0,0,0,303,0,0,0,0,0,45000,0,0,0,0,0
2,3003,0,71,1,1006,6,1102,42,209,3,0,0,0,303,0,0,0,0,0,45000,0,0,0,0,0
2,3003,0,72,1,1006,6,1102,42,210,3,0,0,0,303,0,0,0,0,0,45000,0,0,0,0,0
2,3003,0,73,1,1006,6,1102,42,211,3,0,0,0,303,0,0,0,0,0,45000,0,0,0,0,0
2,3003,0,81,1,1006,6,1102,42,212,3,0,0,0,303,0,0,0,0,0,45000,0,0,0,0,0
2,3003,0,82,1,1006,6,1102,42,213,3,0,0,0,303,0,0,0,0,0,45000,0,0,0,0,0
2,3004,0,83,1,1006,6,1102,42,214,3,0,0,0,403,0,0,0,0,0,45000,0,0,0,0,0
2,3004,0,91,1,1006,6,1102,42,215,3,0,0,0,403,0,0,0,0,0,45000,0,0,0,0,0
2,3004,0,92,1,1006,6,1102,42,216,3,0,0,0,403,0,0,0,0,0,45000,0,0,0,0,0
2,3004,0,93,1,1006,6,1102,42,217,3,0,0,0,403,0,0,0,0,0,45000,0,0,0,0,0
2,3004,0,101,1,1006,6,1102,42,218,3,0,0,0,403,0,0,0,0,0,45000,0,0,0,0,0
2,3004,0,102,1,1006,6,1102,42,219,3,0,0,0,403,0,0,0,0,0,45000,0,0,0,0,0
2,3004,0,103,1,1006,6,1102,42,220,3,0,0,0,403,0,0,0,0,0,45000,0,0,0,0,0
2,3001,0,11,1,1007,6,1107,45,221,3,0,0,0,104,0,0,0,0,0,54000,0,0,0,0,0
2,3001,0,12,1,1007,6,1107,45,222,3,0,0,0,104,0,0,0,0,0,54000,0,0,0,0,0
2,3001,0,13,1,1007,6,1107,45,223,3,0,0,0,104,0,0,0,0,0,54000,0,0,0,0,0
2,3001,0,21,1,1007,6,1107,45,224,3,0,0,0,104,0,0,0,0,0,54000,0,0,0,0,0
2,3001,0,22,1,1007,6,1107,45,225,3,0,0,0,104,0,0,0,0,0,54000,0,0,0,0,0
2,3001,0,23,1,1007,6,1107,45,226,3,0,0,0,104,0,0,0,0,0,54000,0,0,0,0,0
2,3001,0,31,1,1007,6,1107,45,227,3,0,0,0,104,0,0,0,0,0,54000,0,0,0,0,0
2,3002,0,32,1,1007,6,1107,45,228,3,0,0,0,204,0,0,0,0,0,54000,0,0,0,0,0
2,3002,0,33,1,1007,6,1107,45,229,3,0,0,0,204,0,0,0,0,0,54000,0,0,0,0,0
2,3002,0,41,1,1007,6,1107,45,230,3,0,0,0,204,0,0,0,0,0,54000,0,0,0,0,0
2,3002,0,42,1,1007,6,1107,45,231,4,0,0,0,204,0,0,0,0,0,54000,0,0,0,0,0
2,3002,0,43,1,1007,6,1107,45,232,4,0,0,0,204,0,0,0,0,0,54000,0,0,0,0,0
2,3002,0,51,1,1007,6,1107,45,233,4,0,0,0,204,0,0,0,0,0,54000,0,0,0,0,0
2,3002,0,52,1,1007,6,1107,45,234,4,0,0,0,204,0,0,0,0,0,54000,0,0,0,0,0
2,3003,0,53,1,1007,6,1107,45,235,4,0,0,0,304,0,0,0,0,0,54000,0,0,0,0,0
2,3003,0,61,1,1007,6,1107,45,236,4,0,0,0,304,0,0,0,0,0,54000,0,0,0,0,0
2,3003,0,62,1,1007,6,1107,45,237,4,0,0,0,304,0,0,0,0,0,54000,0,0,0,0,0
2,3003,0,63,1,1007,6,1107,45,238,4,0,0,0,304,0,0,0,0,0,54000,0,0,0,0,0
2,3003,0,71,1,1007,6,1107,45,239,4,0,0,0,304,0,0,0,0,0,54000,0,0,0,0,0
2,3003,0,72,1,1007,6,1107,45,240,4,0,0,0,304,0,0,0,0,0,54000,0,0,0,0,0
2,3003,0,73,1,1007,6,1107,45,241,4,0,0,0,304,0,0,0,0,0,54000,0,0,0,0,0
2,3003,0,81,1,1007,6,1107,45,242,4,0,0,0,304,0,0,0,0,0,54000,0,0,0,0,0
2,3004,0,82,1,1007,6,1107,45,243,4,0,0,0,404,0,0,0,0,0,54000,0,0,0,0,0
2,3004,0,83,1,1007,6,1107,45,244,4,0,0,0,404,0,0,0,0,0,54000,0,0,0,0,0
2,3004,0,91,1,1007,6,1107,45,245,4,0,0,0,404,0,0,0,0,0,54000,0,0,0,0,0
2,3004,0,92,1,1007,6,1107,45,246,4,0,0,0,404,0,0,0,0,0,54000,0,0,0,0,0
2,3004,0,93,1,1007,6,1107,45,247,4,0,0,0,404,0,0,0,0,0,54000,0,0,0,0,0
2,3004,0,101,1,1007,6,1107,45,248,4,0,0,0,404,0,0,0,0,0,54000,0,0,0,0,0
2,3004,0,102,1,1007,6,1107,45,249,4,0,0,0,404,0,0,0,0,0,54000,0,0,0,0,0
2,3004,0,103,1,1007,6,1107,45,250,4,0,0,0,404,0,0,0,0,0,54000,0,0,0,0,0
2,3001,0,11,1,2001,6,1103,22,251,1,0,0,0,102,0,0,0,0,0,1250,0,0,0,0,0
2,3001,0,12,1,2001,6,1103,22,252,1,0,0,0,102,0,0,0,0,0,1250,0,0,0,0,0
2,3001,0,13,1,2001,6,1103,22,253,1,0,0,0,102,0,0,0,0,0,1250,0,0,0,0,0
2,3002,0,21,1,2001,6,1103,22,254,1,0,0,0,202,0,0,0,0,0,1250,0,0,0,0,0
2,3002,0,22,1,2001,6,1103,22,255,1,0,0,0,202,0,0,0,0,0,1250,0,0,0,0,0
2,3003,0,23,1,2001,6,1103,22,256,1,0,0,0,302,0,0,0,0,0,1250,0,0,0,0,0
2,3003,0,31,1,2001,6,1103,22,257,1,0,0,0,302,0,0,0,0,0,1250,0,0,0,0,0
2,3003,0,32,1,2001,6,1103,22,258,1,0,0,0,302,0,0,0,0,0,1250,0,0,0,0,0
2,3004,0,33,1,2001,6,1103,22,259,1,0,0,0,402,0,0,0,0,0,1250,0,0,0,0,0
2,3004,0,41,1,2001,6,1103,22,260,1,0,0,0,402,0,0,0,0,0,1250,0,0,0,0,0
2,3001,0,11,1,2002,6,1103,30,261,1,0,0,0,102,0,0,0,0,0,8500,0,0,0,0,0
2,3001,0,12,1,2002,6,1103,30,262,1,0,0,0,102,0,0,0,0,0,8500,0,0,0,0,0
2,3001,0,13,1,2002,6,1103,30,263,1,0,0,0,102,0,0,0,0,0,8500,0,0,0,0,0
2,3001,0,21,1,2002,6,1103,30,264,1,0,0,0,102,0,0,0,0,0,8500,0,0,0,0,0
2,3002,0,22,1,2002,6,1103,30,265,1,0,0,0,202,0,0,0,0,0,8500,0,0,0,0,0
2,3002,0,23,1,2002,6,1103,30,266,1,0,0,0,202,0,0,0,0,0,8500,0,0,0,0,0
2,3002,0,31,1,2002,6,1103,30,267,1,0,0,0,202,0,0,0,0,0,8500,0,0,0,0,0
2,3002,0,32,1,2002,6,1103,30,268,1,0,0,0,202,0,0,0,0,0,8500,0,0,0,0,0
2,3003,0,33,1,2002,6,1103,30,269,1,0,0,0,302,0,0,0,0,0,8500,0,0,0,0,0
2,3003,0,41,1,2002,6,1103,30,270,1,0,0,0,302,0,0,0,0,0,8500,0,0,0,0,0
2,3003,0,42,1,2002,6,1103,30,271,1,0,0,0,302,0,0,0,0,0,8500,0,0,0,0,0
2,3004,0,43,1,2002,6,1103,30,272,1,0,0,0,402,0,0,0,0,0,8500,0,0,0,0,0
2,3004,0,51,1,2002,6,1103,30,273,1,0,0,0,402,0,0,0,0,0,8500,0,0,0,0,0
2,3004,0,52,1,2002,6,1103,30,274,1,0,0,0,402,0,0,0,0,0,8500,0,0,0,0,0
2,3004,0,53,1,2002,6,1103,30,275,1,0,0,0,402,0,0,0,0,0,8500,0,0,0,0,0
3,3001,0,11,1,5001,6,1107,11,276,1,0,0,0,102,0,0,0,0,0,10000,0,0,0,0,0
3,3001,0,12,1,5001,6,1107,11,277,1,0,0,0,102,0,0,0,0,0,10000,0,0,0,0,0
3,3001,0,13,1,5001,6,1107,11,278,1,0,0,0,102,0,0,0,0,0,10000,0,0,0,0,0
3,3002,0,21,1,5001,6,1107,11,279,1,0,0,0,202,0,0,0,0,0,10000,0,0,0,0,0
3,3002,0,22,1,5001,6,1107,11,280,1,0,0,0,202,0,0,0,0,0,10000,0,0,0,0,0
3,3003,0,23,1,5001,6,1107,11,281,1,0,0,0,302,0,0,0,0,0,10000,0,0,0,0,0
3,3003,0,31,1,5001,6,1107,11,282,1,0,0,0,302,0,0,0,0,0,10000,0,0,0,0,0
3,3003,0,32,1,5001,6,1107,11,283,1,0,0,0,402,0,0,0,0,0,10000,0,0,0,0,0
3,3004,0,33,1,5001,6,1107,11,284,1,0,0,0,402,0,0,0,0,0,10000,0,0,0,0,0
3,3001,0,11,1,5002,6,1107,14,285,1,0,0,0,102,0,0,0,0,0,25000,0,0,0,0,0
3,3001,0,12,1,5002,6,1107,14,286,1,0,0,0,102,0,0,0,0,0,25000,0,0,0,0,0
3,3001,0,13,1,5002,6,1107,14,287,1,0,0,0,102,0,0,0,0,0,25000,0,0,0,0,0
3,3001,0,21,1,5002,6,1107,14,288,1,0,0,0,102,0,0,0,0,0,25000,0,0,0,0,0
3,3002,0,22,1,5002,6,1107,14,289,1,0,0,0,202,0,0,0,0,0,25000,0,0,0,0,0
3,3002,0,23,1,5002,6,1107,14,290,1,0,0,0,202,0,0,0,0,0,25000,0,0,0,0,0
3,3002,0,31,1,5002,6,1107,14,291,1,0,0,0,202,0,0,0,0,0,25000,0,0,0,0,0
3,3002,0,32,1,5002,6,1107,14,292,1,0,0,0,202,0,0,0,0,0,25000,0,0,0,0,0
3,3003,0,33,1,5002,6,1107,14,293,1,0,0,0,302,0,0,0,0,0,25000,0,0,0,0,0
3,3003,0,41,1,5002,6,1107,14,294,1,0,0,0,302,0,0,0,0,0,25000,0,0,0,0,0
3,3003,0,42,1,5002,6,1107,14,295,1,0,0,0,302,0,0,0,0,0,25000,0,0,0,0,0
3,3004,0,43,1,5002,6,1107,14,296,1,0,0,0,402,0,0,0,0,0,25000,0,0,0,0,0
3,3004,0,51,1,5002,6,1107,14,297,1,0,0,0,402,0,0,0,0,0,25000,0,0,0,0,0
3,3004,0,52,1,5002,6,1107,14,298,1,0,0,0,402,0,0,0,0,0,25000,0,0,0,0,0
3,3004,0,53,1,5002,6,1107,14,299,1,0,0,0,402,0,0,0,0,0,25000,0,0,0,0,0
3,3001,0,11,1,5003,6,1104,14,300,1,0,0,0,102,0,0,0,0,0,28000,0,0,0,0,0
3,3001,0,12,1,5003,6,1104,14,301,1,0,0,0,102,0,0,0,0,0,28000,0,0,0,0,0
3,3001,0,13,1,5003,6,1104,14,302,1,0,0,0,102,0,0,0,0,0,28000,0,0,0,0,0
3,3001,0,21,1,5003,6,1104,14,303,1,0,0,0,102,0,0,0,0,0,28000,0,0,0,0,0
3,3002,0,22,1,5003,6,1104,14,304,1,0,0,0,102,0,0,0,0,0,28000,0,0,0,0,0
3,3002,0,23,1,5003,6,1104,14,305,1,0,0,0,202,0,0,0,0,0,28000,0,0,0,0,0
3,3002,0,31,1,5003,6,1104,14,306,1,0,0,0,202,0,0,0,0,0,28000,0,0,0,0,0
3,3002,0,32,1,5003,6,1104,14,307,1,0,0,0,202,0,0,0,0,0,28000,0,0,0,0,0
3,3003,0,33,1,5003,6,1104,14,308,1,0,0,0,202,0,0,0,0,0,28000,0,0,0,0,0
3,3003,0,41,1,5003,6,1104,14,309,1,0,0,0,302,0,0,0,0,0,28000,0,0,0,0,0
3,3003,0,42,1,5003,6,1104,14,310,1,0,0,0,302,0,0,0,0,0,28000,0,0,0,0,0
3,3004,0,43,1,5003,6,1104,14,311,1,0,0,0,302,0,0,0,0,0,28000,0,0,0,0,0
3,3004,0,51,1,5003,6,1104,14,312,1,0,0,0,302,0,0,0,0,0,28000,0,0,0,0,0
3,3004,0,52,1,5003,6,1104,14,313,1,0,0,0,302,0,0,0,0,0,28000,0,0,0,0,0
3,3004,0,53,1,5003,6,1104,14,314,1,0,0,0,402,0,0,0,0,0,28000,0,0,0,0,0
3,3004,0,61,1,5003,6,1104,14,315,1,0,0,0,402,0,0,0,0,0,28000,0,0,0,0,0
3,3004,0,62,1,5003,6,1104,14,316,1,0,0,0,402,0,0,0,0,0,28000,0,0,0,0,0
3,3004,0,63,1,5003,6,1104,14,317,1,0,0,0,402,0,0,0,0,0,28000,0,0,0,0,0
3,3001,0,11,1,5004,6,1107,22,318,1,0,0,0,103,0,0,0,0,0,60000,0,0,0,0,0
3,3001,0,12,1,5004,6,1107,22,319,1,0,0,0,103,0,0,0,0,0,60000,0,0,0,0,0
3,3001,0,13,1,5004,6,1107,22,320,1,0,0,0,103,0,0,0,0,0,60000,0,0,0,0,0
3,3002,0,21,1,5004,6,1107,22,321,1,0,0,0,203,0,0,0,0,0,60000,0,0,0,0,0
3,3002,0,22,1,5004,6,1107,22,322,1,0,0,0,203,0,0,0,0,0,60000,0,0,0,0,0
3,3002,0,23,1,5004,6,1107,22,323,1,0,0,0,203,0,0,0,0,0,60000,0,0,0,0,0
3,3002,0,31,1,5004,6,1107,22,324,1,0,0,0,203,0,0,0,0,0,60000,0,0,0,0,0
3,3003,0,32,1,5004,6,1107,22,325,1,0,0,0,303,0,0,0,0,0,60000,0,0,0,0,0
3,3003,0,33,1,5004,6,1107,22,326,1,0,0,0,303,0,0,0,0,0,60000,0,0,0,0,0
3,3003,0,41,1,5004,6,1107,22,327,1,0,0,0,303,0,0,0,0,0,60000,0,0,0,0,0
3,3003,0,42,1,5004,6,1107,22,328,1,0,0,0,303,0,0,0,0,0,60000,0,0,0,0,0
3,3004,0,43,1,5004,6,1107,22,329,1,0,0,0,403,0,0,0,0,0,60000,0,0,0,0,0
3,3004,0,51,1,5004,6,1107,22,330,1,0,0,0,403,0,0,0,0,0,60000,0,0,0,0,0
3,3004,0,52,1,5004,6,1107,22,331,1,0,0,0,403,0,0,0,0,0,60000,0,0,0,0,0
3,3004,0,53,1,5004,6,1107,22,332,1,0,0,0,403,0,0,0,0,0,60000,0,0,0,0,0
3,3001,0,11,1,5005,6,1104,22,333,1,0,0,0,103,0,0,0,0,0,70000,0,0,0,0,0
3,3001,0,12,1,5005,6,1104,22,334,1,0,0,0,103,0,0,0,0,0,70000,0,0,0,0,0
3,3001,0,13,1,5005,6,1104,22,335,1,0,0,0,103,0,0,0,0,0,70000,0,0,0,0,0
3,3001,0,21,1,5005,6,1104,22,336,1,0,0,0,103,0,0,0,0,0,70000,0,0,0,0,0
3,3002,0,22,1,5005,6,1104,22,337,1,0,0,0,203,0,0,0,0,0,70000,0,0,0,0,0
3,3002,0,23,1,5005,6,1104,22,338,1,0,0,0,203,0,0,0,0,0,70000,0,0,0,0,0
3,3002,0,31,1,5005,6,1104,22,339,1,0,0,0,203,0,0,0,0,0,70000,0,0,0,0,0
3,3003,0,32,1,5005,6,1104,22,340,1,0,0,0,303,0,0,0,0,0,70000,0,0,0,0,0
3,3003,0,33,1,5005,6,1104,22,341,1,0,0,0,303,0,0,0,0,0,70000,0,0,0,0,0
3,3003,0,41,1,5005,6,1104,22,342,1,0,0,0,303,0,0,0,0,0,70000,0,0,0,0,0
3,3003,0,42,1,5005,6,1104,22,343,1,0,0,0,303,0,0,0,0,0,70000,0,0,0,0,0
3,3004,0,43,1,5005,6,1104,22,344,1,0,0,0,403,0,0,0,0,0,70000,0,0,0,0,0
3,3004,0,51,1,5005,6,1104,22,345,1,0,0,0,403,0,0,0,0,0,70000,0,0,0,0,0
3,3004,0,52,1,5005,6,1104,22,346,1,0,0,0,403,0,0,0,0,0,70000,0,0,0,0,0
3,3004,0,53,1,5005,6,1104,22,347,1,0,0,0,403,0,0,0,0,0,70000,0,0,0,0,0
3,3001,0,11,1,5006,6,1102,22,348,1,0,0,0,103,0,0,0,0,0,70000,0,0,0,0,0
3,3001,0,12,1,5006,6,1102,22,349,1,0,0,0,103,0,0,0,0,0,70000,0,0,0,0,0
3,3002,0,13,1,5006,6,1102,22,350,1,0,0,0,203,0,0,0,0,0,70000,0,0,0,0,0
3,3002,0,21,1,5006,6,1102,22,351,1,0,0,0,203,0,0,0,0,0,70000,0,0,0,0,0
3,3003,0,22,1,5006,6,1102,22,352,1,0,0,0,303,0,0,0,0,0,70000,0,0,0,0,0
3,3003,0,23,1,5006,6,1102,22,353,1,0,0,0,303,0,0,0,0,0,70000,0,0,0,0,0
3,3003,0,31,1,5006,6,1102,22,354,1,0,0,0,303,0,0,0,0,0,70000,0,0,0,0,0
3,3004,0,32,1,5006,6,1102,22,355,1,0,0,0,403,0,0,0,0,0,70000,0,0,0,0,0
3,3004,0,33,1,5006,6,1102,22,356,1,0,0,0,403,0,0,0,0,0,70000,0,0,0,0,0
3,3001,0,11,1,5007,6,1102,32,357,1,0,0,0,103,0,0,0,0,0,108000,0,0,0,0,0
3,3001,0,12,1,5007,6,1102,32,358,1,0,0,0,103,0,0,0,0,0,108000,0,0,0,0,0
3,3001,0,13,1,5007,6,1102,32,359,1,0,0,0,103,0,0,0,0,0,108000,0,0,0,0,0
3,3001,0,21,1,5007,6,1102,32,360,1,0,0,0,103,0,0,0,0,0,108000,0,0,0,0,0
3,3002,0,22,1,5007,6,1102,32,361,1,0,0,0,203,0,0,0,0,0,108000,0,0,0,0,0
3,3002,0,23,1,5007,6,1102,32,362,1,0,0,0,203,0,0,0,0,0,108000,0,0,0,0,0
3,3002,0,31,1,5007,6,1102,32,363,1,0,0,0,203,0,0,0,0,0,108000,0,0,0,0,0
3,3002,0,32,1,5007,6,1102,32,364,1,0,0,0,203,0,0,0,0,0,108000,0,0,0,0,0
3,3003,0,33,1,5007,6,1102,32,365,1,0,0,0,303,0,0,0,0,0,108000,0,0,0,0,0
3,3003,0,41,1,5007,6,1102,32,366,1,0,0,0,303,0,0,0,0,0,108000,0,0,0,0,0
3,3003,0,42,1,5007,6,1102,32,367,1,0,0,0,303,0,0,0,0,0,108000,0,0,0,0,0
3,3003,0,43,1,5007,6,1102,32,368,1,0,0,0,304,0,0,0,0,0,108000,0,0,0,0,0
3,3003,0,51,1,5007,6,1102,32,369,1,0,0,0,303,0,0,0,0,0,108000,0,0,0,0,0
3,3004,0,52,1,5007,6,1102,32,370,1,0,0,0,403,0,0,0,0,0,108000,0,0,0,0,0
3,3004,0,53,1,5007,6,1102,32,371,1,0,0,0,403,0,0,0,0,0,108000,0,0,0,0,0
3,3004,0,61,1,5007,6,1102,32,372,1,0,0,0,403,0,0,0,0,0,108000,0,0,0,0,0
3,3004,0,62,1,5007,6,1102,32,373,1,0,0,0,403,0,0,0,0,0,108000,0,0,0,0,0
3,3004,0,63,1,5007,6,1102,32,374,1,0,0,0,403,0,0,0,0,0,108000,0,0,0,0,0
3,3001,0,11,1,5008,6,1104,22,375,1,0,0,0,103,0,0,0,0,0,70000,0,0,0,0,0
3,3001,0,12,1,5008,6,1104,22,376,1,0,0,0,103,0,0,0,0,0,70000,0,0,0,0,0
3,3001,0,13,1,5008,6,1104,22,377,1,0,0,0,103,0,0,0,0,0,70000,0,0,0,0,0
3,3001,0,21,1,5008,6,1104,22,378,1,0,0,0,103,0,0,0,0,0,70000,0,0,0,0,0
3,3002,0,22,1,5008,6,1104,22,379,1,0,0,0,203,0,0,0,0,0,70000,0,0,0,0,0
3,3002,0,23,1,5008,6,1104,22,380,1,0,0,0,203,0,0,0,0,0,70000,0,0,0,0,0
3,3002,0,31,1,5008,6,1104,22,381,1,0,0,0,203,0,0,0,0,0,70000,0,0,0,0,0
3,3003,0,32,1,5008,6,1104,22,382,1,0,0,0,303,0,0,0,0,0,70000,0,0,0,0,0
3,3003,0,33,1,5008,6,1104,22,383,1,0,0,0,303,0,0,0,0,0,70000,0,0,0,0,0
3,3003,0,41,1,5008,6,1104,22,384,1,0,0,0,303,0,0,0,0,0,70000,0,0,0,0,0
3,3003,0,42,1,5008,6,1104,22,385,1,0,0,0,303,0,0,0,0,0,70000,0,0,0,0,0
3,3004,0,43,1,5008,6,1104,22,386,1,0,0,0,403,0,0,0,0,0,70000,0,0,0,0,0
3,3004,0,51,1,5008,6,1104,22,387,1,0,0,0,403,0,0,0,0,0,70000,0,0,0,0,0
3,3004,0,52,1,5008,6,1104,22,388,1,0,0,0,403,0,0,0,0,0,70000,0,0,0,0,0
3,3004,0,53,1,5008,6,1104,22,389,1,0,0,0,403,0,0,0,0,0,70000,0,0,0,0,0
3,3001,0,11,1,5009,6,1102,30,390,1,0,0,0,103,0,0,0,0,0,140000,0,0,0,0,0
3,3001,0,12,1,5009,6,1102,30,391,1,0,0,0,103,0,0,0,0,0,140000,0,0,0,0,0
3,3001,0,13,1,5009,6,1102,30,392,1,0,0,0,103,0,0,0,0,0,140000,0,0,0,0,0
3,3001,0,21,1,5009,6,1102,30,393,1,0,0,0,103,0,0,0,0,0,140000,0,0,0,0,0
3,3001,0,22,1,5009,6,1102,30,394,1,0,0,0,103,0,0,0,0,0,140000,0,0,0,0,0
3,3002,0,23,1,5009,6,1102,30,395,1,0,0,0,203,0,0,0,0,0,140000,0,0,0,0,0
3,3002,0,31,1,5009,6,1102,30,396,1,0,0,0,203,0,0,0,0,0,140000,0,0,0,0,0
3,3002,0,32,1,5009,6,1102,30,397,1,0,0,0,203,0,0,0,0,0,140000,0,0,0,0,0
3,3002,0,33,1,5009,6,1102,30,398,1,0,0,0,203,0,0,0,0,0,140000,0,0,0,0,0
3,3002,0,41,1,5009,6,1102,30,399,1,0,0,0,203,0,0,0,0,0,140000,0,0,0,0,0
3,3003,0,42,1,5009,6,1102,30,400,1,0,0,0,303,0,0,0,0,0,140000,0,0,0,0,0
3,3003,0,43,1,5009,6,1102,30,401,1,0,0,0,303,0,0,0,0,0,140000,0,0,0,0,0
3,3003,0,51,1,5009,6,1102,30,402,1,0,0,0,303,0,0,0,0,0,140000,0,0,0,0,0
3,3003,0,52,1,5009,6,1102,30,403,1,0,0,0,303,0,0,0,0,0,140000,0,0,0,0,0
3,3003,0,53,1,5009,6,1102,30,404,1,0,0,0,303,0,0,0,0,0,140000,0,0,0,0,0
3,3004,0,61,1,5009,6,1102,30,405,1,0,0,0,403,0,0,0,0,0,140000,0,0,0,0,0
3,3004,0,62,1,5009,6,1102,30,406,1,0,0,0,403,0,0,0,0,0,140000,0,0,0,0,0
3,3004,0,63,1,5009,6,1102,30,407,1,0,0,0,403,0,0,0,0,0,140000,0,0,0,0,0
3,3004,0,71,1,5009,6,1102,30,408,1,0,0,0,403,0,0,0,0,0,140000,0,0,0,0,0
3,3004,0,72,1,5009,6,1102,30,409,1,0,0,0,403,0,0,0,0,0,140000,0,0,0,0,0
3,3004,0,73,1,5009,6,1102,30,410,1,0,0,0,403,0,0,0,0,0,140000,0,0,0,0,0
3,3001,0,11,1,5010,6,1104,30,411,1,0,0,0,104,0,0,0,0,0,110000,0,0,0,0,0
3,3001,0,12,1,5010,6,1104,30,412,1,0,0,0,104,0,0,0,0,0,110000,0,0,0,0,0
3,3001,0,13,1,5010,6,1104,30,413,1,0,0,0,104,0,0,0,0,0,110000,0,0,0,0,0
3,3001,0,21,1,5010,6,1104,30,414,1,0,0,0,104,0,0,0,0,0,110000,0,0,0,0,0
3,3001,0,22,1,5010,6,1104,30,415,1,0,0,0,104,0,0,0,0,0,110000,0,0,0,0,0
3,3001,0,23,1,5010,6,1104,30,416,1,0,0,0,104,0,0,0,0,0,110000,0,0,0,0,0
3,3002,0,31,1,5010,6,1104,30,417,1,0,0,0,204,0,0,0,0,0,110000,0,0,0,0,0
3,3002,0,32,1,5010,6,1104,30,418,1,0,0,0,204,0,0,0,0,0,110000,0,0,0,0,0
3,3002,0,33,1,5010,6,1104,30,419,1,0,0,0,204,0,0,0,0,0,110000,0,0,0,0,0
3,3002,0,41,1,5010,6,1104,30,420,1,0,0,0,204,0,0,0,0,0,110000,0,0,0,0,0
3,3002,0,42,1,5010,6,1104,30,421,1,0,0,0,204,0,0,0,0,0,110000,0,0,0,0,0
3,3003,0,43,1,5010,6,1104,30,422,1,0,0,0,304,0,0,0,0,0,110000,0,0,0,0,0
3,3003,0,51,1,5010,6,1104,30,423,1,0,0,0,304,0,0,0,0,0,110000,0,0,0,0,0
3,3003,0,52,1,5010,6,1104,30,424,1,0,0,0,304,0,0,0,0,0,110000,0,0,0,0,0
3,3003,0,53,1,5010,6,1104,30,425,1,0,0,0,304,0,0,0,0,0,110000,0,0,0,0,0
3,3003,0,61,1,5010,6,1104,30,426,1,0,0,0,304,0,0,0,0,0,110000,0,0,0,0,0
3,3004,0,62,1,5010,6,1104,30,427,1,0,0,0,404,0,0,0,0,0,110000,0,0,0,0,0
3,3004,0,63,1,5010,6,1104,30,428,1,0,0,0,404,0,0,0,0,0,110000,0,0,0,0,0
3,3004,0,71,1,5010,6,1104,30,429,1,0,0,0,404,0,0,0,0,0,110000,0,0,0,0,0
3,3004,0,72,1,5010,6,1104,30,430,1,0,0,0,404,0,0,0,0,0,110000,0,0,0,0,0
3,3004,0,73,1,5010,6,1104,30,431,1,0,0,0,404,0,0,0,0,0,110000,0,0,0,0,0
3,3001,0,11,1,5011,6,1101,30,432,1,0,0,0,104,0,0,0,0,0,110000,0,0,0,0,0
3,3001,0,12,1,5011,6,1101,30,433,1,0,0,0,104,0,0,0,0,0,110000,0,0,0,0,0
3,3001,0,13,1,5011,6,1101,30,434,1,0,0,0,104,0,0,0,0,0,110000,0,0,0,0,0
3,3001,0,21,1,5011,6,1101,30,435,1,0,0,0,104,0,0,0,0,0,110000,0,0,0,0,0
3,3002,0,22,1,5011,6,1101,30,436,1,0,0,0,204,0,0,0,0,0,110000,0,0,0,0,0
3,3002,0,23,1,5011,6,1101,30,437,1,0,0,0,204,0,0,0,0,0,110000,0,0,0,0,0
3,3002,0,31,1,5011,6,1101,30,438,1,0,0,0,204,0,0,0,0,0,110000,0,0,0,0,0
3,3002,0,32,1,5011,6,1101,30,439,1,0,0,0,204,0,0,0,0,0,110000,0,0,0,0,0
3,3003,0,33,1,5011,6,1101,30,440,1,0,0,0,304,0,0,0,0,0,110000,0,0,0,0,0
3,3003,0,41,1,5011,6,1101,30,441,1,0,0,0,304,0,0,0,0,0,110000,0,0,0,0,0
3,3003,0,42,1,5011,6,1101,30,442,1,0,0,0,304,0,0,0,0,0,110000,0,0,0,0,0
3,3004,0,43,1,5011,6,1101,30,443,1,0,0,0,404,0,0,0,0,0,110000,0,0,0,0,0
3,3004,0,51,1,5011,6,1101,30,444,1,0,0,0,404,0,0,0,0,0,110000,0,0,0,0,0
3,3004,0,52,1,5011,6,1101,30,445,1,0,0,0,404,0,0,0,0,0,110000,0,0,0,0,0
3,3004,0,53,1,5011,6,1101,30,446,1,0,0,0,404,0,0,0,0,0,110000,0,0,0,0,0
3,3001,0,11,1,5012,6,1101,30,447,1,0,0,0,104,0,0,0,0,0,180000,0,0,0,0,0
3,3001,0,12,1,5012,6,1101,30,448,1,0,0,0,104,0,0,0,0,0,180000,0,0,0,0,0
3,3001,0,13,1,5012,6,1101,30,449,1,0,0,0,104,0,0,0,0,0,180000,0,0,0,0,0
3,3001,0,21,1,5012,6,1101,30,450,1,0,0,0,104,0,0,0,0,0,180000,0,0,0,0,0
3,3002,0,22,1,5012,6,1101,30,451,1,0,0,0,204,0,0,0,0,0,180000,0,0,0,0,0
3,3002,0,23,1,5012,6,1101,30,452,1,0,0,0,204,0,0,0,0,0,180000,0,0,0,0,0
3,3002,0,31,1,5012,6,1101,30,453,1,0,0,0,204,0,0,0,0,0,180000,0,0,0,0,0
3,3002,0,32,1,5012,6,1101,30,454,1,0,0,0,204,0,0,0,0,0,180000,0,0,0,0,0
3,3002,0,33,1,5012,6,1101,30,455,1,0,0,0,204,0,0,0,0,0,180000,0,0,0,0,0
3,3003,0,41,1,5012,6,1101,30,456,1,0,0,0,304,0,0,0,0,0,180000,0,0,0,0,0
3,3003,0,42,1,5012,6,1101,30,457,1,0,0,0,304,0,0,0,0,0,180000,0,0,0,0,0
3,3003,0,43,1,5012,6,1101,30,458,1,0,0,0,304,0,0,0,0,0,180000,0,0,0,0,0
3,3003,0,51,1,5012,6,1101,30,459,1,0,0,0,304,0,0,0,0,0,180000,0,0,0,0,0
3,3003,0,52,1,5012,6,1101,30,460,1,0,0,0,304,0,0,0,0,0,180000,0,0,0,0,0
3,3004,0,53,1,5012,6,1101,30,461,1,0,0,0,404,0,0,0,0,0,180000,0,0,0,0,0
3,3004,0,61,1,5012,6,1101,30,462,1,0,0,0,404,0,0,0,0,0,180000,0,0,0,0,0
3,3004,0,62,1,5012,6,1101,30,463,1,0,0,0,404,0,0,0,0,0,180000,0,0,0,0,0
3,3004,0,63,1,5012,6,1101,30,464,1,0,0,0,404,0,0,0,0,0,180000,0,0,0,0,0
3,3001,0,11,1,5013,6,1109,32,465,1,0,0,0,105,0,0,0,0,0,160000,0,0,0,0,0
3,3001,0,12,1,5013,6,1109,32,466,1,0,0,0,105,0,0,0,0,0,160000,0,0,0,0,0
3,3001,0,13,1,5013,6,1109,32,467,1,0,0,0,105,0,0,0,0,0,160000,0,0,0,0,0
3,3001,0,21,1,5013,6,1109,32,468,1,0,0,0,105,0,0,0,0,0,160000,0,0,0,0,0
3,3001,0,22,1,5013,6,1109,32,469,1,0,0,0,105,0,0,0,0,0,160000,0,0,0,0,0
3,3001,0,23,1,5013,6,1109,32,470,1,0,0,0,105,0,0,0,0,0,160000,0,0,0,0,0
3,3002,0,31,1,5013,6,1109,32,471,1,0,0,0,205,0,0,0,0,0,160000,0,0,0,0,0
3,3002,0,32,1,5013,6,1109,32,472,1,0,0,0,205,0,0,0,0,0,160000,0,0,0,0,0
3,3002,0,33,1,5013,6,1109,32,473,1,0,0,0,205,0,0,0,0,0,160000,0,0,0,0,0
3,3002,0,41,1,5013,6,1109,32,474,1,0,0,0,205,0,0,0,0,0,160000,0,0,0,0,0
3,3002,0,42,1,5013,6,1109,32,475,1,0,0,0,205,0,0,0,0,0,160000,0,0,0,0,0
3,3002,0,43,1,5013,6,1109,32,476,1,0,0,0,205,0,0,0,0,0,160000,0,0,0,0,0
3,3003,0,51,1,5013,6,1109,32,477,1,0,0,0,305,0,0,0,0,0,160000,0,0,0,0,0
3,3003,0,52,1,5013,6,1109,32,478,1,0,0,0,305,0,0,0,0,0,160000,0,0,0,0,0
3,3003,0,53,1,5013,6,1109,32,479,1,0,0,0,305,0,0,0,0,0,160000,0,0,0,0,0
3,3003,0,61,1,5013,6,1109,32,480,1,0,0,0,305,0,0,0,0,0,160000,0,0,0,0,0
3,3003,0,62,1,5013,6,1109,32,481,1,0,0,0,305,0,0,0,0,0,160000,0,0,0,0,0
3,3003,0,63,1,5013,6,1109,32,482,1,0,0,0,305,0,0,0,0,0,160000,0,0,0,0,0
3,3003,0,71,1,5013,6,1109,32,483,1,0,0,0,305,0,0,0,0,0,160000,0,0,0,0,0
3,3004,0,72,1,5013,6,1109,32,484,1,0,0,0,405,0,0,0,0,0,160000,0,0,0,0,0
3,3004,0,73,1,5013,6,1109,32,485,1,0,0,0,405,0,0,0,0,0,160000,0,0,0,0,0
3,3004,0,81,1,5013,6,1109,32,486,1,0,0,0,405,0,0,0,0,0,160000,0,0,0,0,0
3,3004,0,82,1,5013,6,1109,32,487,1,0,0,0,405,0,0,0,0,0,160000,0,0,0,0,0
3,3004,0,83,1,5013,6,1109,32,488,1,0,0,0,405,0,0,0,0,0,160000,0,0,0,0,0
3,3004,0,91,1,5013,6,1109,32,489,1,0,0,0,405,0,0,0,0,0,160000,0,0,0,0,0
3,3004,0,92,1,5013,6,1109,32,490,1,0,0,0,405,0,0,0,0,0,160000,0,0,0,0,0
3,3004,0,93,1,5013,6,1109,32,491,1,0,0,0,405,0,0,0,0,0,160000,0,0,0,0,0
1,3001,0,11,1,10101,1,1102,1,492,1,0,0,0,101,0,0,0,0,0,220,0,0,0,0,0
1,3002,0,11,1,10102,1,1102,3,493,1,0,0,0,201,0,0,0,0,0,440,0,0,0,0,0
1,3003,0,11,1,10103,1,1102,8,494,1,0,0,0,301,0,0,0,0,0,660,0,0,0,0,0
1,3004,0,11,1,10104,1,1102,12,495,1,0,0,0,401,0,0,0,0,0,1100,0,0,0,0,0
1,3001,0,11,1,10105,1,1102,17,496,1,0,0,0,101,0,0,0,0,0,2200,0,0,0,0,0
1,3002,0,11,1,10106,2,1102,20,497,1,0,0,0,201,0,0,0,0,0,3300,0,0,0,0,0
1,3003,0,11,1,10107,2,1102,22,498,1,0,0,0,301,0,0,0,0,0,4400,0,0,0,0,0
1,3001,0,11,1,10108,2,1102,22,499,1,0,0,0,101,0,0,0,0,0,2970,0,0,0,0,0
1,3002,0,12,1,10108,2,1102,22,500,1,0,0,0,201,0,0,0,0,0,2970,0,0,0,0,0
1,3002,0,11,1,10109,3,1102,24,501,1,0,0,0,202,0,0,0,0,0,1584,0,0,0,0,0
1,3003,0,12,1,10109,3,1102,24,502,1,0,0,0,302,0,0,0,0,0,1584,0,0,0,0,0
1,3003,0,11,1,10110,3,1102,30,503,1,0,0,0,302,0,0,0,0,0,2475,0,0,0,0,0
1,3004,0,12,1,10110,3,1102,30,504,1,0,0,0,402,0,0,0,0,0,2475,0,0,0,0,0
1,3001,0,11,1,10111,3,1102,32,505,1,0,0,0,402,0,0,0,0,0,3861,0,0,0,0,0
1,3003,0,12,1,10111,4,1102,32,506,1,0,0,0,302,0,0,0,0,0,3861,0,0,0,0,0
1,3001,0,11,1,10112,4,1102,32,507,1,0,0,0,402,0,0,0,0,0,5940,0,0,0,0,0
1,3004,0,12,1,10112,4,1102,32,508,1,0,0,0,402,0,0,0,0,0,5940,0,0,0,0,0
1,3002,0,11,1,10113,4,1102,34,509,1,0,0,0,202,0,0,0,0,0,8470,0,0,0,0,0
1,3004,0,12,1,10113,4,1102,34,510,1,0,0,0,402,0,0,0,0,0,8470,0,0,0,0,0
1,3003,0,11,1,10114,5,1102,36,511,1,0,0,0,302,0,0,0,0,0,11000,0,0,0,0,0
1,3004,0,12,1,10114,5,1102,36,512,1,0,0,0,402,0,0,0,0,0,11000,0,0,0,0,0
1,3001,0,11,1,10115,6,1102,38,513,1,0,0,0,102,0,0,0,0,0,11000,0,0,0,0,0
1,3002,0,12,1,10115,6,1102,38,514,1,0,0,0,202,0,0,0,0,0,11000,0,0,0,0,0
1,3003,0,21,1,10115,6,1102,38,515,1,0,0,0,302,0,0,0,0,0,11000,0,0,0,0,0
1,3001,0,11,1,10116,6,1102,38,516,1,0,0,0,102,0,0,0,0,0,16940,0,0,0,0,0
1,3002,0,12,1,10116,6,1102,38,517,1,0,0,0,202,0,0,0,0,0,18150,0,0,0,0,0
1,3004,0,21,1,10116,6,1102,38,518,1,0,0,0,402,0,0,0,0,0,16940,0,0,0,0,0
1,3001,0,11,1,10117,6,1102,40,519,1,0,0,0,102,0,0,0,0,0,24200,0,0,0,0,0
1,3003,0,12,1,10117,6,1102,40,520,1,0,0,0,302,0,0,0,0,0,24200,0,0,0,0,0
1,3004,0,13,1,10117,6,1102,40,521,1,0,0,0,402,0,0,0,0,0,24200,0,0,0,0,0
1,3002,0,11,1,10118,6,1102,40,522,1,0,0,0,202,0,0,0,0,0,32670,0,0,0,0,0
1,3003,0,12,1,10118,6,1102,40,523,1,0,0,0,302,0,0,0,0,0,31460,0,0,0,0,0
1,3004,0,13,1,10118,6,1102,40,524,1,0,0,0,402,0,0,0,0,0,32670,0,0,0,0,0
1,3001,0,11,1,10119,6,1102,40,525,1,0,0,0,103,0,0,0,0,0,30250,0,0,0,0,0
1,3002,0,12,1,10119,6,1102,40,526,1,0,0,0,203,0,0,0,0,0,30250,0,0,0,0,0
1,3004,0,13,1,10119,6,1102,40,527,1,0,0,0,403,0,0,0,0,0,30250,0,0,0,0,0
1,3001,0,11,1,10120,6,1102,42,528,1,0,0,0,103,0,0,0,0,0,31350,0,0,0,0,0
1,3002,0,12,1,10120,6,1102,42,529,1,0,0,0,203,0,0,0,0,0,31350,0,0,0,0,0
1,3003,0,13,1,10120,6,1102,42,530,1,0,0,0,303,0,0,0,0,0,31350,0,0,0,0,0
1,3004,0,21,1,10120,6,1102,42,531,1,0,0,0,403,0,0,0,0,0,31350,0,0,0,0,0
1,3001,0,11,1,10121,6,1102,42,532,1,0,0,0,103,0,0,0,0,0,37950,0,0,0,0,0
1,3002,0,12,1,10121,6,1102,42,533,1,0,0,0,203,0,0,0,0,0,37950,0,0,0,0,0
1,3003,0,13,1,10121,6,1102,42,534,1,0,0,0,303,0,0,0,0,0,37950,0,0,0,0,0
1,3004,0,21,1,10121,6,1102,42,535,1,0,0,0,403,0,0,0,0,0,37950,0,0,0,0,0
1,3001,0,11,1,10122,6,1102,42,536,1,0,0,0,103,0,0,0,0,0,35640,0,0,0,0,0
1,3002,0,12,1,10122,6,1102,42,537,1,0,0,0,203,0,0,0,0,0,35640,0,0,0,0,0
1,3002,0,13,1,10122,6,1102,42,538,1,0,0,0,203,0,0,0,0,0,35640,0,0,0,0,0
1,3003,0,21,1,10122,6,1102,42,539,1,0,0,0,303,0,0,0,0,0,35640,0,0,0,0,0
1,3004,0,22,1,10122,6,1102,42,540,1,0,0,0,403,0,0,0,0,0,35640,0,0,0,0,0
1,3001,0,11,1,10123,6,1102,42,541,1,0,0,0,103,0,0,0,0,0,40920,0,0,0,0,0
1,3002,0,12,1,10123,6,1102,42,542,1,0,0,0,203,0,0,0,0,0,40920,0,0,0,0,0
1,3003,0,13,1,10123,6,1102,42,543,1,0,0,0,303,0,0,0,0,0,40920,0,0,0,0,0
1,3003,0,21,1,10123,6,1102,42,544,1,0,0,0,303,0,0,0,0,0,40920,0,0,0,0,0
1,3004,0,22,1,10123,6,1102,42,545,1,0,0,0,403,0,0,0,0,0,40920,0,0,0,0,0
1,3001,0,11,1,10124,6,1102,42,546,1,0,0,0,103,0,0,0,0,0,46200,0,0,0,0,0
1,3002,0,12,1,10124,6,1102,42,547,1,0,0,0,203,0,0,0,0,0,46200,0,0,0,0,0
1,3003,0,13,1,10124,6,1102,42,548,1,0,0,0,303,0,0,0,0,0,46200,0,0,0,0,0
1,3004,0,21,1,10124,6,1102,42,549,1,0,0,0,403,0,0,0,0,0,46200,0,0,0,0,0
1,3004,0,22,1,10124,6,1102,42,550,1,0,0,0,403,0,0,0,0,0,46200,0,0,0,0,0
1,3001,0,11,1,10125,6,1102,42,551,1,0,0,0,103,0,0,0,0,0,44880,0,0,0,0,0
1,3001,0,12,1,10125,6,1102,42,552,1,0,0,0,103,0,0,0,0,0,44880,0,0,0,0,0
1,3002,0,13,1,10125,6,1102,42,553,1,0,0,0,203,0,0,0,0,0,44880,0,0,0,0,0
1,3002,0,21,1,10125,6,1102,42,554,1,0,0,0,203,0,0,0,0,0,44880,0,0,0,0,0
1,3003,0,22,1,10125,6,1102,42,555,1,0,0,0,303,0,0,0,0,0,44880,0,0,0,0,0
1,3004,0,23,1,10125,6,1102,42,556,1,0,0,0,403,0,0,0,0,0,44880,0,0,0,0,0
1,3001,0,11,1,10126,6,1102,42,557,1,0,0,0,103,0,0,0,0,0,48400,0,0,0,0,0
1,3001,0,12,1,10126,6,1102,42,558,1,0,0,0,103,0,0,0,0,0,48400,0,0,0,0,0
1,3002,0,13,1,10126,6,1102,42,559,1,0,0,0,203,0,0,0,0,0,48400,0,0,0,0,0
1,3003,0,21,1,10126,6,1102,42,560,1,0,0,0,303,0,0,0,0,0,48400,0,0,0,0,0
1,3003,0,22,1,10126,6,1102,42,561,1,0,0,0,303,0,0,0,0,0,48400,0,0,0,0,0
1,3004,0,23,1,10126,6,1102,42,562,1,0,0,0,403,0,0,0,0,0,48400,0,0,0,0,0
1,3001,0,11,1,10127,6,1102,45,563,1,0,0,0,103,0,0,0,0,0,54450,0,0,0,0,0
1,3001,0,12,1,10127,6,1102,45,564,1,0,0,0,103,0,0,0,0,0,54450,0,0,0,0,0
1,3002,0,13,1,10127,6,1102,45,565,1,0,0,0,203,0,0,0,0,0,54450,0,0,0,0,0
1,3003,0,21,1,10127,6,1102,45,566,1,0,0,0,303,0,0,0,0,0,54450,0,0,0,0,0
1,3004,0,22,1,10127,6,1102,45,567,1,0,0,0,403,0,0,0,0,0,54450,0,0,0,0,0
1,3004,0,23,1,10127,6,1102,45,568,1,0,0,0,403,0,0,0,0,0,54450,0,0,0,0,0
1,3001,0,11,1,10128,6,1102,45,569,1,0,0,0,103,0,0,0,0,0,60500,0,0,0,0,0
1,3002,0,12,1,10128,6,1102,45,570,1,0,0,0,203,0,0,0,0,0,60500,0,0,0,0,0
1,3002,0,13,1,10128,6,1102,45,571,1,0,0,0,203,0,0,0,0,0,60500,0,0,0,0,0
1,3003,0,21,1,10128,6,1102,45,572,1,0,0,0,303,0,0,0,0,0,60500,0,0,0,0,0
1,3003,0,22,1,10128,6,1102,45,573,1,0,0,0,303,0,0,0,0,0,60500,0,0,0,0,0
1,3004,0,23,1,10128,6,1102,45,574,1,0,0,0,403,0,0,0,0,0,60500,0,0,0,0,0
1,3001,0,11,1,10129,6,1102,45,575,1,0,0,0,104,0,0,0,0,0,55000,0,0,0,0,0
1,3002,0,12,1,10129,6,1102,45,576,1,0,0,0,204,0,0,0,0,0,55000,0,0,0,0,0
1,3002,0,13,1,10129,6,1102,45,577,1,0,0,0,204,0,0,0,0,0,55000,0,0,0,0,0
1,3003,0,21,1,10129,6,1102,45,578,1,0,0,0,304,0,0,0,0,0,55000,0,0,0,0,0
1,3004,0,22,1,10129,6,1102,45,579,1,0,0,0,404,0,0,0,0,0,55000,0,0,0,0,0
1,3004,0,23,1,10129,6,1102,45,580,1,0,0,0,404,0,0,0,0,0,55000,0,0,0,0,0
1,3001,0,11,1,10130,6,1102,45,581,1,0,0,0,104,0,0,0,0,0,66000,0,0,0,0,0
1,3002,0,12,1,10130,6,1102,45,582,1,0,0,0,204,0,0,0,0,0,66000,0,0,0,0,0
1,3002,0,13,1,10130,6,1102,45,583,1,0,0,0,204,0,0,0,0,0,66000,0,0,0,0,0
1,3003,0,21,1,10130,6,1102,45,584,1,0,0,0,304,0,0,0,0,0,66000,0,0,0,0,0
1,3004,0,22,1,10130,6,1102,45,585,1,0,0,0,404,0,0,0,0,0,66000,0,0,0,0,0
1,3004,0,23,1,10130,6,1102,45,586,1,0,0,0,404,0,0,0,0,0,66000,0,0,0,0,0
1,3001,0,11,1,10201,1,1102,1,587,1,0,0,0,101,0,0,0,0,0,240,0,0,0,0,0
1,3002,0,11,1,10202,1,1102,3,588,1,0,0,0,201,0,0,0,0,0,480,0,0,0,0,0
1,3003,0,11,1,10203,1,1102,8,589,1,0,0,0,301,0,0,0,0,0,720,0,0,0,0,0
1,3004,0,11,1,10204,1,1102,12,590,1,0,0,0,401,0,0,0,0,0,1200,0,0,0,0,0
1,3001,0,11,1,10205,1,1102,17,591,1,0,0,0,101,0,0,0,0,0,2400,0,0,0,0,0
1,3002,0,11,1,10206,2,1102,20,592,1,0,0,0,201,0,0,0,0,0,3600,0,0,0,0,0
1,3003,0,11,1,10207,2,1102,22,593,1,0,0,0,301,0,0,0,0,0,4800,0,0,0,0,0
1,3001,0,11,1,10208,2,1102,22,594,1,0,0,0,101,0,0,0,0,0,3240,0,0,0,0,0
1,3002,0,12,1,10208,2,1102,22,595,1,0,0,0,201,0,0,0,0,0,3240,0,0,0,0,0
1,3002,0,11,1,10209,3,1102,24,596,1,0,0,0,202,0,0,0,0,0,1728,0,0,0,0,0
1,3003,0,12,1,10209,3,1102,24,597,1,0,0,0,302,0,0,0,0,0,1728,0,0,0,0,0
1,3003,0,11,1,10210,3,1102,30,598,1,0,0,0,302,0,0,0,0,0,2700,0,0,0,0,0
1,3004,0,12,1,10210,3,1102,30,599,1,0,0,0,402,0,0,0,0,0,2700,0,0,0,0,0
1,3001,0,11,1,10211,3,1102,32,600,1,0,0,0,102,0,0,0,0,0,4212,0,0,0,0,0
1,3003,0,12,1,10211,4,1102,32,601,1,0,0,0,302,0,0,0,0,0,4212,0,0,0,0,0
1,3001,0,11,1,10212,4,1102,32,602,1,0,0,0,102,0,0,0,0,0,6480,0,0,0,0,0
1,3004,0,12,1,10212,4,1102,32,603,1,0,0,0,402,0,0,0,0,0,6480,0,0,0,0,0
1,3002,0,11,1,10213,4,1102,34,604,1,0,0,0,202,0,0,0,0,0,9240,0,0,0,0,0
1,3004,0,12,1,10213,4,1102,34,605,1,0,0,0,402,0,0,0,0,0,9240,0,0,0,0,0
1,3003,0,11,1,10214,5,1102,36,606,1,0,0,0,302,0,0,0,0,0,12000,0,0,0,0,0
1,3004,0,12,1,10214,5,1102,36,607,1,0,0,0,402,0,0,0,0,0,12000,0,0,0,0,0
1,3001,0,11,1,10215,6,1102,38,608,1,0,0,0,102,0,0,0,0,0,12000,0,0,0,0,0
1,3002,0,12,1,10215,6,1102,38,609,1,0,0,0,202,0,0,0,0,0,12000,0,0,0,0,0
1,3003,0,21,1,10215,6,1102,38,610,1,0,0,0,302,0,0,0,0,0,12000,0,0,0,0,0
1,3001,0,11,1,10216,6,1102,38,611,1,0,0,0,102,0,0,0,0,0,18480,0,0,0,0,0
1,3002,0,12,1,10216,6,1102,38,612,1,0,0,0,202,0,0,0,0,0,19800,0,0,0,0,0
1,3004,0,21,1,10216,6,1102,38,613,1,0,0,0,402,0,0,0,0,0,18480,0,0,0,0,0
1,3001,0,11,1,10217,6,1102,40,614,1,0,0,0,102,0,0,0,0,0,26400,0,0,0,0,0
1,3003,0,12,1,10217,6,1102,40,615,1,0,0,0,302,0,0,0,0,0,26400,0,0,0,0,0
1,3004,0,13,1,10217,6,1102,40,616,1,0,0,0,402,0,0,0,0,0,26400,0,0,0,0,0
1,3002,0,11,1,10218,6,1102,40,617,1,0,0,0,202,0,0,0,0,0,35640,0,0,0,0,0
1,3003,0,12,1,10218,6,1102,40,618,1,0,0,0,302,0,0,0,0,0,34320,0,0,0,0,0
1,3004,0,13,1,10218,6,1102,40,619,1,0,0,0,402,0,0,0,0,0,35640,0,0,0,0,0
1,3001,0,11,1,10219,6,1102,40,620,1,0,0,0,103,0,0,0,0,0,33000,0,0,0,0,0
1,3002,0,12,1,10219,6,1102,40,621,1,0,0,0,203,0,0,0,0,0,33000,0,0,0,0,0
1,3004,0,13,1,10219,6,1102,40,622,1,0,0,0,403,0,0,0,0,0,33000,0,0,0,0,0
1,3001,0,11,1,10220,6,1102,42,623,1,0,0,0,103,0,0,0,0,0,34200,0,0,0,0,0
1,3002,0,12,1,10220,6,1102,42,624,1,0,0,0,203,0,0,0,0,0,34200,0,0,0,0,0
1,3003,0,13,1,10220,6,1102,42,625,1,0,0,0,303,0,0,0,0,0,34200,0,0,0,0,0
1,3004,0,21,1,10220,6,1102,42,626,1,0,0,0,403,0,0,0,0,0,34200,0,0,0,0,0
1,3001,0,11,1,10221,6,1102,42,627,1,0,0,0,103,0,0,0,0,0,41400,0,0,0,0,0
1,3002,0,12,1,10221,6,1102,42,628,1,0,0,0,203,0,0,0,0,0,41400,0,0,0,0,0
1,3003,0,13,1,10221,6,1102,42,629,1,0,0,0,303,0,0,0,0,0,41400,0,0,0,0,0
1,3004,0,21,1,10221,6,1102,42,630,1,0,0,0,403,0,0,0,0,0,41400,0,0,0,0,0
1,3001,0,11,1,10222,6,1102,42,631,1,0,0,0,103,0,0,0,0,0,38880,0,0,0,0,0
1,3002,0,12,1,10222,6,1102,42,632,1,0,0,0,203,0,0,0,0,0,38880,0,0,0,0,0
1,3002,0,13,1,10222,6,1102,42,633,1,0,0,0,203,0,0,0,0,0,38880,0,0,0,0,0
1,3003,0,21,1,10222,6,1102,42,634,1,0,0,0,303,0,0,0,0,0,38880,0,0,0,0,0
1,3004,0,22,1,10222,6,1102,42,635,1,0,0,0,403,0,0,0,0,0,38880,0,0,0,0,0
1,3001,0,11,1,10223,6,1102,42,636,1,0,0,0,103,0,0,0,0,0,44640,0,0,0,0,0
1,3002,0,12,1,10223,6,1102,42,637,1,0,0,0,203,0,0,0,0,0,44640,0,0,0,0,0
1,3003,0,13,1,10223,6,1102,42,638,1,0,0,0,303,0,0,0,0,0,44640,0,0,0,0,0
1,3003,0,21,1,10223,6,1102,42,639,1,0,0,0,303,0,0,0,0,0,44640,0,0,0,0,0
1,3004,0,22,1,10223,6,1102,42,640,1,0,0,0,403,0,0,0,0,0,44640,0,0,0,0,0
1,3001,0,11,1,10224,6,1102,42,641,1,0,0,0,103,0,0,0,0,0,50400,0,0,0,0,0
1,3002,0,12,1,10224,6,1102,42,642,1,0,0,0,203,0,0,0,0,0,50400,0,0,0,0,0
1,3003,0,13,1,10224,6,1102,42,643,1,0,0,0,303,0,0,0,0,0,50400,0,0,0,0,0
1,3004,0,21,1,10224,6,1102,42,644,1,0,0,0,403,0,0,0,0,0,50400,0,0,0,0,0
1,3004,0,22,1,10224,6,1102,42,645,1,0,0,0,403,0,0,0,0,0,50400,0,0,0,0,0
1,3001,0,11,1,10225,6,1102,42,646,1,0,0,0,103,0,0,0,0,0,48960,0,0,0,0,0
1,3001,0,12,1,10225,6,1102,42,647,1,0,0,0,103,0,0,0,0,0,48960,0,0,0,0,0
1,3002,0,13,1,10225,6,1102,42,648,1,0,0,0,203,0,0,0,0,0,48960,0,0,0,0,0
1,3002,0,21,1,10225,6,1102,42,649,1,0,0,0,203,0,0,0,0,0,48960,0,0,0,0,0
1,3003,0,22,1,10225,6,1102,42,650,1,0,0,0,303,0,0,0,0,0,48960,0,0,0,0,0
1,3004,0,23,1,10225,6,1102,42,651,1,0,0,0,403,0,0,0,0,0,48960,0,0,0,0,0
1,3001,0,11,1,10226,6,1102,42,652,1,0,0,0,103,0,0,0,0,0,52800,0,0,0,0,0
1,3001,0,12,1,10226,6,1102,42,653,1,0,0,0,103,0,0,0,0,0,52800,0,0,0,0,0
1,3002,0,13,1,10226,6,1102,42,654,1,0,0,0,203,0,0,0,0,0,52800,0,0,0,0,0
1,3003,0,21,1,10226,6,1102,42,655,1,0,0,0,303,0,0,0,0,0,52800,0,0,0,0,0
1,3003,0,22,1,10226,6,1102,42,656,1,0,0,0,303,0,0,0,0,0,52800,0,0,0,0,0
1,3004,0,23,1,10226,6,1102,42,657,1,0,0,0,403,0,0,0,0,0,52800,0,0,0,0,0
1,3001,0,11,1,10227,6,1102,45,658,1,0,0,0,103,0,0,0,0,0,59400,0,0,0,0,0
1,3001,0,12,1,10227,6,1102,45,659,1,0,0,0,103,0,0,0,0,0,59400,0,0,0,0,0
1,3002,0,13,1,10227,6,1102,45,660,1,0,0,0,203,0,0,0,0,0,59400,0,0,0,0,0
1,3003,0,21,1,10227,6,1102,45,661,1,0,0,0,303,0,0,0,0,0,59400,0,0,0,0,0
1,3004,0,22,1,10227,6,1102,45,662,1,0,0,0,403,0,0,0,0,0,59400,0,0,0,0,0
1,3004,0,23,1,10227,6,1102,45,663,1,0,0,0,403,0,0,0,0,0,59400,0,0,0,0,0
1,3001,0,11,1,10228,6,1102,45,664,1,0,0,0,103,0,0,0,0,0,66000,0,0,0,0,0
1,3002,0,12,1,10228,6,1102,45,665,1,0,0,0,203,0,0,0,0,0,66000,0,0,0,0,0
1,3002,0,13,1,10228,6,1102,45,666,1,0,0,0,203,0,0,0,0,0,66000,0,0,0,0,0
1,3003,0,21,1,10228,6,1102,45,667,1,0,0,0,303,0,0,0,0,0,66000,0,0,0,0,0
1,3003,0,22,1,10228,6,1102,45,668,1,0,0,0,303,0,0,0,0,0,66000,0,0,0,0,0
1,3004,0,23,1,10228,6,1102,45,669,1,0,0,0,403,0,0,0,0,0,66000,0,0,0,0,0
1,3001,0,11,1,10229,6,1102,45,670,1,0,0,0,104,0,0,0,0,0,60000,0,0,0,0,0
1,3002,0,12,1,10229,6,1102,45,671,1,0,0,0,204,0,0,0,0,0,60000,0,0,0,0,0
1,3002,0,13,1,10229,6,1102,45,672,1,0,0,0,204,0,0,0,0,0,60000,0,0,0,0,0
1,3003,0,21,1,10229,6,1102,45,673,1,0,0,0,304,0,0,0,0,0,60000,0,0,0,0,0
1,3004,0,22,1,10229,6,1102,45,674,1,0,0,0,404,0,0,0,0,0,60000,0,0,0,0,0
1,3004,0,23,1,10229,6,1102,45,675,1,0,0,0,404,0,0,0,0,0,60000,0,0,0,0,0
1,3001,0,11,1,10230,6,1102,45,676,1,0,0,0,104,0,0,0,0,0,72000,0,0,0,0,0
1,3002,0,12,1,10230,6,1102,45,677,1,0,0,0,204,0,0,0,0,0,72000,0,0,0,0,0
1,3002,0,13,1,10230,6,1102,45,678,1,0,0,0,204,0,0,0,0,0,72000,0,0,0,0,0
1,3003,0,21,1,10230,6,1102,45,679,1,0,0,0,304,0,0,0,0,0,72000,0,0,0,0,0
1,3004,0,22,1,10230,6,1102,45,680,1,0,0,0,404,0,0,0,0,0,72000,0,0,0,0,0
1,3004,0,23,1,10230,6,1102,45,681,1,0,0,0,404,0,0,0,0,0,72000,0,0,0,0,0
1,3001,0,11,1,10301,1,1102,1,682,1,0,0,0,101,0,0,0,0,0,280,0,0,0,0,0
1,3002,0,11,1,10302,1,1102,3,683,1,0,0,0,201,0,0,0,0,0,560,0,0,0,0,0
1,3003,0,11,1,10303,1,1102,8,684,1,0,0,0,301,0,0,0,0,0,840,0,0,0,0,0
1,3004,0,11,1,10304,1,1102,12,685,1,0,0,0,401,0,0,0,0,0,1400,0,0,0,0,0
1,3001,0,11,1,10305,1,1102,17,686,1,0,0,0,101,0,0,0,0,0,2800,0,0,0,0,0
1,3002,0,11,1,10306,2,1102,20,687,1,0,0,0,201,0,0,0,0,0,4200,0,0,0,0,0
1,3003,0,11,1,10307,2,1102,22,688,1,0,0,0,301,0,0,0,0,0,5600,0,0,0,0,0
1,3001,0,11,1,10308,2,1102,22,689,1,0,0,0,101,0,0,0,0,0,3780,0,0,0,0,0
1,3002,0,12,1,10308,2,1102,22,690,1,0,0,0,201,0,0,0,0,0,3780,0,0,0,0,0
1,3002,0,11,1,10309,3,1102,24,691,1,0,0,0,202,0,0,0,0,0,2016,0,0,0,0,0
1,3003,0,12,1,10309,3,1102,24,692,1,0,0,0,302,0,0,0,0,0,2016,0,0,0,0,0
1,3003,0,11,1,10310,3,1102,30,693,1,0,0,0,302,0,0,0,0,0,3150,0,0,0,0,0
1,3004,0,12,1,10310,3,1102,30,694,1,0,0,0,402,0,0,0,0,0,3150,0,0,0,0,0
1,3001,0,11,1,10311,3,1102,32,695,1,0,0,0,102,0,0,0,0,0,4914,0,0,0,0,0
1,3003,0,12,1,10311,4,1102,32,696,1,0,0,0,302,0,0,0,0,0,4914,0,0,0,0,0
1,3001,0,11,1,10312,4,1102,32,697,1,0,0,0,102,0,0,0,0,0,7560,0,0,0,0,0
1,3004,0,12,1,10312,4,1102,32,698,1,0,0,0,402,0,0,0,0,0,7560,0,0,0,0,0
1,3002,0,11,1,10313,4,1102,34,699,1,0,0,0,302,0,0,0,0,0,10780,0,0,0,0,0
1,3004,0,12,1,10313,4,1102,34,700,1,0,0,0,402,0,0,0,0,0,10780,0,0,0,0,0
1,3003,0,11,1,10314,5,1102,36,701,1,0,0,0,302,0,0,0,0,0,14000,0,0,0,0,0
1,3004,0,12,1,10314,5,1102,36,702,1,0,0,0,402,0,0,0,0,0,14000,0,0,0,0,0
1,3001,0,11,1,10315,6,1102,38,703,1,0,0,0,102,0,0,0,0,0,14000,0,0,0,0,0
1,3002,0,12,1,10315,6,1102,38,704,1,0,0,0,202,0,0,0,0,0,14000,0,0,0,0,0
1,3003,0,21,1,10315,6,1102,38,705,1,0,0,0,302,0,0,0,0,0,14000,0,0,0,0,0
1,3001,0,11,1,10316,6,1102,38,706,1,0,0,0,102,0,0,0,0,0,21560,0,0,0,0,0
1,3002,0,12,1,10316,6,1102,38,707,1,0,0,0,202,0,0,0,0,0,23100,0,0,0,0,0
1,3004,0,21,1,10316,6,1102,38,708,1,0,0,0,402,0,0,0,0,0,21560,0,0,0,0,0
1,3001,0,11,1,10317,6,1102,40,709,1,0,0,0,102,0,0,0,0,0,30800,0,0,0,0,0
1,3003,0,12,1,10317,6,1102,40,710,1,0,0,0,302,0,0,0,0,0,30800,0,0,0,0,0
1,3004,0,13,1,10317,6,1102,40,711,1,0,0,0,402,0,0,0,0,0,30800,0,0,0,0,0
1,3002,0,11,1,10318,6,1102,40,712,1,0,0,0,202,0,0,0,0,0,41580,0,0,0,0,0
1,3003,0,12,1,10318,6,1102,40,713,1,0,0,0,302,0,0,0,0,0,40040,0,0,0,0,0
1,3004,0,13,1,10318,6,1102,40,714,1,0,0,0,402,0,0,0,0,0,41580,0,0,0,0,0
1,3001,0,11,1,10319,6,1102,40,715,1,0,0,0,103,0,0,0,0,0,38500,0,0,0,0,0
1,3002,0,12,1,10319,6,1102,40,716,1,0,0,0,203,0,0,0,0,0,38500,0,0,0,0,0
1,3004,0,13,1,10319,6,1102,40,717,1,0,0,0,403,0,0,0,0,0,38500,0,0,0,0,0
1,3001,0,11,1,10320,6,1102,42,718,1,0,0,0,103,0,0,0,0,0,39900,0,0,0,0,0
1,3002,0,12,1,10320,6,1102,42,719,1,0,0,0,203,0,0,0,0,0,39900,0,0,0,0,0
1,3003,0,13,1,10320,6,1102,42,720,1,0,0,0,303,0,0,0,0,0,39900,0,0,0,0,0
1,3004,0,21,1,10320,6,1102,42,721,1,0,0,0,403,0,0,0,0,0,39900,0,0,0,0,0
1,3001,0,11,1,10321,6,1102,42,722,1,0,0,0,103,0,0,0,0,0,48300,0,0,0,0,0
1,3002,0,12,1,10321,6,1102,42,723,1,0,0,0,203,0,0,0,0,0,48300,0,0,0,0,0
1,3003,0,13,1,10321,6,1102,42,724,1,0,0,0,303,0,0,0,0,0,48300,0,0,0,0,0
1,3004,0,21,1,10321,6,1102,42,725,1,0,0,0,403,0,0,0,0,0,48300,0,0,0,0,0
1,3001,0,11,1,10322,6,1102,42,726,1,0,0,0,103,0,0,0,0,0,45360,0,0,0,0,0
1,3002,0,12,1,10322,6,1102,42,727,1,0,0,0,203,0,0,0,0,0,45360,0,0,0,0,0
1,3002,0,13,1,10322,6,1102,42,728,1,0,0,0,203,0,0,0,0,0,45360,0,0,0,0,0
1,3003,0,21,1,10322,6,1102,42,729,1,0,0,0,303,0,0,0,0,0,45360,0,0,0,0,0
1,3004,0,22,1,10322,6,1102,42,730,1,0,0,0,403,0,0,0,0,0,45360,0,0,0,0,0
1,3001,0,11,1,10323,6,1102,42,731,1,0,0,0,103,0,0,0,0,0,52080,0,0,0,0,0
1,3002,0,12,1,10323,6,1102,42,732,1,0,0,0,203,0,0,0,0,0,52080,0,0,0,0,0
1,3003,0,13,1,10323,6,1102,42,733,1,0,0,0,303,0,0,0,0,0,52080,0,0,0,0,0
1,3003,0,21,1,10323,6,1102,42,734,1,0,0,0,303,0,0,0,0,0,52080,0,0,0,0,0
1,3004,0,22,1,10323,6,1102,42,735,1,0,0,0,403,0,0,0,0,0,52080,0,0,0,0,0
1,3001,0,11,1,10324,6,1102,42,736,1,0,0,0,103,0,0,0,0,0,58800,0,0,0,0,0
1,3002,0,12,1,10324,6,1102,42,737,1,0,0,0,203,0,0,0,0,0,58800,0,0,0,0,0
1,3003,0,13,1,10324,6,1102,42,738,1,0,0,0,303,0,0,0,0,0,58800,0,0,0,0,0
1,3004,0,21,1,10324,6,1102,42,739,1,0,0,0,403,0,0,0,0,0,58800,0,0,0,0,0
1,3004,0,22,1,10324,6,1102,42,740,1,0,0,0,403,0,0,0,0,0,58800,0,0,0,0,0
1,3001,0,11,1,10325,6,1102,42,741,1,0,0,0,103,0,0,0,0,0,57120,0,0,0,0,0
1,3001,0,12,1,10325,6,1102,42,742,1,0,0,0,103,0,0,0,0,0,57120,0,0,0,0,0
1,3002,0,13,1,10325,6,1102,42,743,1,0,0,0,203,0,0,0,0,0,57120,0,0,0,0,0
1,3002,0,21,1,10325,6,1102,42,744,1,0,0,0,203,0,0,0,0,0,57120,0,0,0,0,0
1,3003,0,22,1,10325,6,1102,42,745,1,0,0,0,303,0,0,0,0,0,57120,0,0,0,0,0
1,3004,0,23,1,10325,6,1102,42,746,1,0,0,0,403,0,0,0,0,0,57120,0,0,0,0,0
1,3001,0,11,1,10326,6,1102,42,747,1,0,0,0,103,0,0,0,0,0,61600,0,0,0,0,0
1,3001,0,12,1,10326,6,1102,42,748,1,0,0,0,103,0,0,0,0,0,61600,0,0,0,0,0
1,3002,0,13,1,10326,6,1102,42,749,1,0,0,0,203,0,0,0,0,0,61600,0,0,0,0,0
1,3003,0,21,1,10326,6,1102,42,750,1,0,0,0,303,0,0,0,0,0,61600,0,0,0,0,0
1,3003,0,22,1,10326,6,1102,42,751,1,0,0,0,303,0,0,0,0,0,61600,0,0,0,0,0
1,3004,0,23,1,10326,6,1102,42,752,1,0,0,0,403,0,0,0,0,0,61600,0,0,0,0,0
1,3001,0,11,1,10327,6,1102,45,753,1,0,0,0,103,0,0,0,0,0,69300,0,0,0,0,0
1,3001,0,12,1,10327,6,1102,45,754,1,0,0,0,103,0,0,0,0,0,69300,0,0,0,0,0
1,3002,0,13,1,10327,6,1102,45,755,1,0,0,0,203,0,0,0,0,0,69300,0,0,0,0,0
1,3003,0,21,1,10327,6,1102,45,756,1,0,0,0,303,0,0,0,0,0,69300,0,0,0,0,0
1,3004,0,22,1,10327,6,1102,45,757,1,0,0,0,403,0,0,0,0,0,69300,0,0,0,0,0
1,3004,0,23,1,10327,6,1102,45,758,1,0,0,0,403,0,0,0,0,0,69300,0,0,0,0,0
1,3001,0,11,1,10328,6,1102,45,759,1,0,0,0,103,0,0,0,0,0,77000,0,0,0,0,0
1,3002,0,12,1,10328,6,1102,45,760,1,0,0,0,203,0,0,0,0,0,77000,0,0,0,0,0
1,3002,0,13,1,10328,6,1102,45,761,1,0,0,0,203,0,0,0,0,0,77000,0,0,0,0,0
1,3003,0,21,1,10328,6,1102,45,762,1,0,0,0,303,0,0,0,0,0,77000,0,0,0,0,0
1,3003,0,22,1,10328,6,1102,45,763,1,0,0,0,303,0,0,0,0,0,77000,0,0,0,0,0
1,3004,0,23,1,10328,6,1102,45,764,1,0,0,0,403,0,0,0,0,0,77000,0,0,0,0,0
1,3001,0,11,1,10329,6,1102,45,765,1,0,0,0,104,0,0,0,0,0,70000,0,0,0,0,0
1,3002,0,12,1,10329,6,1102,45,766,1,0,0,0,204,0,0,0,0,0,70000,0,0,0,0,0
1,3002,0,13,1,10329,6,1102,45,767,1,0,0,0,204,0,0,0,0,0,70000,0,0,0,0,0
1,3003,0,21,1,10329,6,1102,45,768,1,0,0,0,304,0,0,0,0,0,70000,0,0,0,0,0
1,3004,0,22,1,10329,6,1102,45,769,1,0,0,0,404,0,0,0,0,0,70000,0,0,0,0,0
1,3004,0,23,1,10329,6,1102,45,770,1,0,0,0,404,0,0,0,0,0,70000,0,0,0,0,0
1,3001,0,11,1,10330,6,1102,45,771,1,0,0,0,104,0,0,0,0,0,84000,0,0,0,0,0
1,3002,0,12,1,10330,6,1102,45,772,1,0,0,0,204,0,0,0,0,0,84000,0,0,0,0,0
1,3002,0,13,1,10330,6,1102,45,773,1,0,0,0,204,0,0,0,0,0,84000,0,0,0,0,0
1,3003,0,21,1,10330,6,1102,45,774,1,0,0,0,304,0,0,0,0,0,84000,0,0,0,0,0
1,3004,0,22,1,10330,6,1102,45,775,1,0,0,0,404,0,0,0,0,0,84000,0,0,0,0,0
1,3004,0,23,1,10330,6,1102,45,776,1,0,0,0,404,0,0,0,0,0,84000,0,0,0,0,0
1,3001,0,11,1,10401,1,1102,1,777,1,0,0,0,101,0,0,0,0,0,320,0,0,0,0,0
1,3002,0,11,1,10402,1,1102,3,778,1,0,0,0,201,0,0,0,0,0,640,0,0,0,0,0
1,3003,0,11,1,10403,1,1102,8,779,1,0,0,0,301,0,0,0,0,0,960,0,0,0,0,0
1,3004,0,11,1,10404,1,1102,12,780,1,0,0,0,401,0,0,0,0,0,1600,0,0,0,0,0
1,3001,0,11,1,10405,1,1102,17,781,1,0,0,0,101,0,0,0,0,0,3200,0,0,0,0,0
1,3002,0,11,1,10406,2,1102,20,782,1,0,0,0,201,0,0,0,0,0,4800,0,0,0,0,0
1,3003,0,11,1,10407,2,1102,22,783,1,0,0,0,301,0,0,0,0,0,6400,0,0,0,0,0
1,3001,0,11,1,10408,2,1102,22,784,1,0,0,0,101,0,0,0,0,0,4320,0,0,0,0,0
1,3002,0,12,1,10408,2,1102,22,785,1,0,0,0,201,0,0,0,0,0,4320,0,0,0,0,0
1,3002,0,11,1,10409,3,1102,24,786,1,0,0,0,202,0,0,0,0,0,2304,0,0,0,0,0
1,3003,0,12,1,10409,3,1102,24,787,1,0,0,0,302,0,0,0,0,0,2304,0,0,0,0,0
1,3003,0,11,1,10410,3,1102,30,788,1,0,0,0,302,0,0,0,0,0,3600,0,0,0,0,0
1,3004,0,12,1,10410,3,1102,30,789,1,0,0,0,402,0,0,0,0,0,3600,0,0,0,0,0
1,3001,0,11,1,10411,3,1102,32,790,1,0,0,0,102,0,0,0,0,0,5616,0,0,0,0,0
1,3003,0,12,1,10411,4,1102,32,791,1,0,0,0,302,0,0,0,0,0,5616,0,0,0,0,0
1,3001,0,11,1,10412,4,1102,32,792,1,0,0,0,102,0,0,0,0,0,8640,0,0,0,0,0
1,3004,0,12,1,10412,4,1102,32,793,1,0,0,0,402,0,0,0,0,0,8640,0,0,0,0,0
1,3002,0,11,1,10413,4,1102,34,794,1,0,0,0,202,0,0,0,0,0,12320,0,0,0,0,0
1,3004,0,12,1,10413,4,1102,34,795,1,0,0,0,402,0,0,0,0,0,12320,0,0,0,0,0
1,3003,0,11,1,10414,5,1102,36,796,1,0,0,0,302,0,0,0,0,0,16000,0,0,0,0,0
1,3004,0,12,1,10414,5,1102,36,797,1,0,0,0,402,0,0,0,0,0,16000,0,0,0,0,0
1,3001,0,11,1,10415,6,1102,38,798,1,0,0,0,102,0,0,0,0,0,16000,0,0,0,0,0
1,3002,0,12,1,10415,6,1102,38,799,1,0,0,0,202,0,0,0,0,0,16000,0,0,0,0,0
1,3003,0,21,1,10415,6,1102,38,800,1,0,0,0,302,0,0,0,0,0,16000,0,0,0,0,0
1,3001,0,11,1,10416,6,1102,38,801,1,0,0,0,102,0,0,0,0,0,24640,0,0,0,0,0
1,3002,0,12,1,10416,6,1102,38,802,1,0,0,0,202,0,0,0,0,0,26400,0,0,0,0,0
1,3004,0,21,1,10416,6,1102,38,803,1,0,0,0,402,0,0,0,0,0,24640,0,0,0,0,0
1,3001,0,11,1,10417,6,1102,40,804,1,0,0,0,102,0,0,0,0,0,35200,0,0,0,0,0
1,3003,0,12,1,10417,6,1102,40,805,1,0,0,0,302,0,0,0,0,0,35200,0,0,0,0,0
1,3004,0,13,1,10417,6,1102,40,806,1,0,0,0,402,0,0,0,0,0,35200,0,0,0,0,0
1,3002,0,11,1,10418,6,1102,40,807,1,0,0,0,202,0,0,0,0,0,47520,0,0,0,0,0
1,3003,0,12,1,10418,6,1102,40,808,1,0,0,0,302,0,0,0,0,0,45760,0,0,0,0,0
1,3004,0,13,1,10418,6,1102,40,809,1,0,0,0,402,0,0,0,0,0,47520,0,0,0,0,0
1,3001,0,11,1,10419,6,1102,40,810,1,0,0,0,103,0,0,0,0,0,44000,0,0,0,0,0
1,3002,0,12,1,10419,6,1102,40,811,1,0,0,0,203,0,0,0,0,0,44000,0,0,0,0,0
1,3004,0,13,1,10419,6,1102,40,812,1,0,0,0,403,0,0,0,0,0,44000,0,0,0,0,0
1,3001,0,11,1,10420,6,1102,42,813,1,0,0,0,103,0,0,0,0,0,45600,0,0,0,0,0
1,3002,0,12,1,10420,6,1102,42,814,1,0,0,0,203,0,0,0,0,0,45600,0,0,0,0,0
1,3003,0,13,1,10420,6,1102,42,815,1,0,0,0,303,0,0,0,0,0,45600,0,0,0,0,0
1,3004,0,21,1,10420,6,1102,42,816,1,0,0,0,403,0,0,0,0,0,45600,0,0,0,0,0
1,3001,0,11,1,10421,6,1102,42,817,1,0,0,0,103,0,0,0,0,0,55200,0,0,0,0,0
1,3002,0,12,1,10421,6,1102,42,818,1,0,0,0,203,0,0,0,0,0,55200,0,0,0,0,0
1,3003,0,13,1,10421,6,1102,42,819,1,0,0,0,303,0,0,0,0,0,55200,0,0,0,0,0
1,3004,0,21,1,10421,6,1102,42,820,1,0,0,0,403,0,0,0,0,0,55200,0,0,0,0,0
1,3001,0,11,1,10422,6,1102,42,821,1,0,0,0,103,0,0,0,0,0,51840,0,0,0,0,0
1,3002,0,12,1,10422,6,1102,42,822,1,0,0,0,203,0,0,0,0,0,51840,0,0,0,0,0
1,3002,0,13,1,10422,6,1102,42,823,1,0,0,0,203,0,0,0,0,0,51840,0,0,0,0,0
1,3003,0,21,1,10422,6,1102,42,824,1,0,0,0,303,0,0,0,0,0,51840,0,0,0,0,0
1,3004,0,22,1,10422,6,1102,42,825,1,0,0,0,403,0,0,0,0,0,51840,0,0,0,0,0
1,3001,0,11,1,10423,6,1102,42,826,1,0,0,0,103,0,0,0,0,0,59520,0,0,0,0,0
1,3002,0,12,1,10423,6,1102,42,827,1,0,0,0,203,0,0,0,0,0,59520,0,0,0,0,0
1,3003,0,13,1,10423,6,1102,42,828,1,0,0,0,303,0,0,0,0,0,59520,0,0,0,0,0
1,3003,0,21,1,10423,6,1102,42,829,1,0,0,0,303,0,0,0,0,0,59520,0,0,0,0,0
1,3004,0,22,1,10423,6,1102,42,830,1,0,0,0,403,0,0,0,0,0,59520,0,0,0,0,0
1,3001,0,11,1,10424,6,1102,42,831,1,0,0,0,103,0,0,0,0,0,67200,0,0,0,0,0
1,3002,0,12,1,10424,6,1102,42,832,1,0,0,0,203,0,0,0,0,0,67200,0,0,0,0,0
1,3003,0,13,1,10424,6,1102,42,833,1,0,0,0,303,0,0,0,0,0,67200,0,0,0,0,0
1,3004,0,21,1,10424,6,1102,42,834,1,0,0,0,403,0,0,0,0,0,67200,0,0,0,0,0
1,3004,0,22,1,10424,6,1102,42,835,1,0,0,0,403,0,0,0,0,0,67200,0,0,0,0,0
1,3001,0,11,1,10425,6,1102,42,836,1,0,0,0,103,0,0,0,0,0,65280,0,0,0,0,0
1,3001,0,12,1,10425,6,1102,42,837,1,0,0,0,103,0,0,0,0,0,65280,0,0,0,0,0
1,3002,0,13,1,10425,6,1102,42,838,1,0,0,0,203,0,0,0,0,0,65280,0,0,0,0,0
1,3002,0,21,1,10425,6,1102,42,839,1,0,0,0,203,0,0,0,0,0,65280,0,0,0,0,0
1,3003,0,22,1,10425,6,1102,42,840,1,0,0,0,303,0,0,0,0,0,65280,0,0,0,0,0
1,3004,0,23,1,10425,6,1102,42,841,1,0,0,0,403,0,0,0,0,0,65280,0,0,0,0,0
1,3001,0,11,1,10426,6,1102,42,842,1,0,0,0,103,0,0,0,0,0,70400,0,0,0,0,0
1,3001,0,12,1,10426,6,1102,42,843,1,0,0,0,103,0,0,0,0,0,70400,0,0,0,0,0
1,3002,0,13,1,10426,6,1102,42,844,1,0,0,0,203,0,0,0,0,0,70400,0,0,0,0,0
1,3003,0,21,1,10426,6,1102,42,845,1,0,0,0,303,0,0,0,0,0,70400,0,0,0,0,0
1,3003,0,22,1,10426,6,1102,42,846,1,0,0,0,303,0,0,0,0,0,70400,0,0,0,0,0
1,3004,0,23,1,10426,6,1102,42,847,1,0,0,0,403,0,0,0,0,0,70400,0,0,0,0,0
1,3001,0,11,1,10427,6,1102,45,848,1,0,0,0,103,0,0,0,0,0,79200,0,0,0,0,0
1,3001,0,12,1,10427,6,1102,45,849,1,0,0,0,103,0,0,0,0,0,79200,0,0,0,0,0
1,3002,0,13,1,10427,6,1102,45,850,1,0,0,0,203,0,0,0,0,0,79200,0,0,0,0,0
1,3003,0,21,1,10427,6,1102,45,851,1,0,0,0,303,0,0,0,0,0,79200,0,0,0,0,0
1,3004,0,22,1,10427,6,1102,45,852,1,0,0,0,403,0,0,0,0,0,79200,0,0,0,0,0
1,3004,0,23,1,10427,6,1102,45,853,1,0,0,0,403,0,0,0,0,0,79200,0,0,0,0,0
1,3001,0,11,1,10428,6,1102,45,854,1,0,0,0,103,0,0,0,0,0,88000,0,0,0,0,0
1,3002,0,12,1,10428,6,1102,45,855,1,0,0,0,203,0,0,0,0,0,88000,0,0,0,0,0
1,3002,0,13,1,10428,6,1102,45,856,1,0,0,0,203,0,0,0,0,0,88000,0,0,0,0,0
1,3003,0,21,1,10428,6,1102,45,857,1,0,0,0,303,0,0,0,0,0,88000,0,0,0,0,0
1,3003,0,22,1,10428,6,1102,45,858,1,0,0,0,303,0,0,0,0,0,88000,0,0,0,0,0
1,3004,0,23,1,10428,6,1102,45,859,1,0,0,0,403,0,0,0,0,0,88000,0,0,0,0,0
1,3001,0,11,1,10429,6,1102,45,860,1,0,0,0,104,0,0,0,0,0,80000,0,0,0,0,0
1,3002,0,12,1,10429,6,1102,45,861,1,0,0,0,204,0,0,0,0,0,80000,0,0,0,0,0
1,3002,0,13,1,10429,6,1102,45,862,1,0,0,0,204,0,0,0,0,0,80000,0,0,0,0,0
1,3003,0,21,1,10429,6,1102,45,863,1,0,0,0,304,0,0,0,0,0,80000,0,0,0,0,0
1,3004,0,22,1,10429,6,1102,45,864,1,0,0,0,404,0,0,0,0,0,80000,0,0,0,0,0
1,3004,0,23,1,10429,6,1102,45,865,1,0,0,0,404,0,0,0,0,0,80000,0,0,0,0,0
1,3001,0,11,1,10430,6,1102,45,866,1,0,0,0,104,0,0,0,0,0,96000,0,0,0,0,0
1,3002,0,12,1,10430,6,1102,45,867,1,0,0,0,204,0,0,0,0,0,96000,0,0,0,0,0
1,3002,0,13,1,10430,6,1102,45,868,1,0,0,0,204,0,0,0,0,0,96000,0,0,0,0,0
1,3003,0,21,1,10430,6,1102,45,869,1,0,0,0,304,0,0,0,0,0,96000,0,0,0,0,0
1,3004,0,22,1,10430,6,1102,45,870,1,0,0,0,404,0,0,0,0,0,96000,0,0,0,0,0
1,3004,0,23,1,10430,6,1102,45,871,1,0,0,0,404,0,0,0,0,0,96000,0,0,0,0,0
1,3001,0,11,0,10501,1,1102,10,872,1,0,0,0,101,0,0,0,0,0,600,0,0,0,0,0
1,3002,0,11,0,10502,1,1102,10,873,1,0,0,0,201,0,0,0,0,0,1200,0,0,0,0,0
1,3003,0,11,0,10503,1,1102,10,874,1,0,0,0,301,0,0,0,0,0,1800,0,0,0,0,0
1,3004,0,11,0,10504,1,1102,10,875,1,0,0,0,401,0,0,0,0,0,3200,0,0,0,0,0
1,3001,0,11,0,10505,6,1102,20,876,1,0,0,0,101,0,0,0,0,0,6000,0,0,0,0,0
1,3002,0,12,0,10505,6,1102,20,877,1,0,0,0,201,0,0,0,0,0,6000,0,0,0,0,0
1,3003,0,11,0,10506,6,1102,20,878,1,0,0,0,302,0,0,0,0,0,6500,0,0,0,0,0
1,3004,0,12,0,10506,6,1102,20,879,1,0,0,0,402,0,0,0,0,0,6500,0,0,0,0,0
1,3001,0,11,0,10507,6,1102,20,880,1,0,0,0,102,0,0,0,0,0,19000,0,0,0,0,0
1,3002,0,12,0,10507,6,1102,20,881,1,0,0,0,202,0,0,0,0,0,19000,0,0,0,0,0
1,3003,0,11,0,10508,6,1102,20,882,1,0,0,0,302,0,0,0,0,0,40000,0,0,0,0,0
1,3004,0,12,0,10508,6,1102,20,883,1,0,0,0,402,0,0,0,0,0,40000,0,0,0,0,0
1,3001,0,11,0,10509,11,1102,30,884,1,0,0,0,102,0,0,0,0,0,75000,0,0,0,0,0
1,3002,0,12,0,10509,11,1102,30,885,1,0,0,0,202,0,0,0,0,0,75000,0,0,0,0,0
1,3003,0,11,0,10510,11,1102,30,886,1,0,0,0,303,0,0,0,0,0,85000,0,0,0,0,0
1,3004,0,12,0,10510,11,1102,30,887,1,0,0,0,403,0,0,0,0,0,85000,0,0,0,0,0
1,3001,0,11,0,10511,11,1102,30,888,1,0,0,0,103,0,0,0,0,0,60000,0,0,0,0,0
1,3002,0,12,0,10511,11,1102,30,889,1,0,0,0,203,0,0,0,0,0,60000,0,0,0,0,0
1,3003,0,13,0,10511,11,1102,30,890,1,0,0,0,303,0,0,0,0,0,60000,0,0,0,0,0
1,3004,0,11,0,10512,11,1102,30,891,1,0,0,0,403,0,0,0,0,0,80000,0,0,0,0,0
1,3001,0,12,0,10512,11,1102,30,892,1,0,0,0,103,0,0,0,0,0,80000,0,0,0,0,0
1,3002,0,13,0,10512,11,1102,30,893,1,0,0,0,203,0,0,0,0,0,80000,0,0,0,0,0
1,3003,0,11,0,10513,16,1102,40,894,1,0,0,0,303,0,0,0,0,0,95000,0,0,0,0,0
1,3004,0,12,0,10513,16,1102,40,895,1,0,0,0,403,0,0,0,0,0,95000,0,0,0,0,0
1,3001,0,13,0,10513,16,1102,40,896,1,0,0,0,103,0,0,0,0,0,95000,0,0,0,0,0
1,3002,0,11,0,10514,16,1102,40,897,1,0,0,0,203,0,0,0,0,0,107000,0,0,0,0,0
1,3003,0,12,0,10514,16,1102,40,898,1,0,0,0,303,0,0,0,0,0,107000,0,0,0,0,0
1,3004,0,13,0,10514,16,1102,40,899,1,0,0,0,403,0,0,0,0,0,107000,0,0,0,0,0
1,3001,0,11,0,10515,16,1102,40,900,1,0,0,0,103,0,0,0,0,0,89000,0,0,0,0,0
1,3002,0,12,0,10515,16,1102,40,901,1,0,0,0,203,0,0,0,0,0,89000,0,0,0,0,0
1,3003,0,13,0,10515,16,1102,40,902,1,0,0,0,303,0,0,0,0,0,89000,0,0,0,0,0
1,3004,0,21,0,10515,16,1102,40,903,1,0,0,0,403,0,0,0,0,0,89000,0,0,0,0,0
1,3001,0,11,0,10516,16,1102,40,904,1,0,0,0,104,0,0,0,0,0,86250,0,0,0,0,0
1,3002,0,12,0,10516,16,1102,40,905,1,0,0,0,204,0,0,0,0,0,86250,0,0,0,0,0
1,3003,0,13,0,10516,16,1102,40,906,1,0,0,0,304,0,0,0,0,0,86250,0,0,0,0,0
1,3004,0,21,0,10516,16,1102,40,907,1,0,0,0,404,0,0,0,0,0,86250,0,0,0,0,0
1,3001,0,11,0,10517,21,1102,50,908,1,0,0,0,104,0,0,0,0,0,92250,0,0,0,0,0
1,3002,0,12,0,10517,21,1102,50,909,1,0,0,0,204,0,0,0,0,0,92250,0,0,0,0,0
1,3003,0,13,0,10517,21,1102,50,910,1,0,0,0,304,0,0,0,0,0,92250,0,0,0,0,0
1,3004,0,21,0,10517,21,1102,50,911,1,0,0,0,404,0,0,0,0,0,92250,0,0,0,0,0
1,3001,0,11,0,10518,21,1102,50,912,1,0,0,0,104,0,0,0,0,0,101250,0,0,0,0,0
1,3002,0,12,0,10518,21,1102,50,913,1,0,0,0,204,0,0,0,0,0,101250,0,0,0,0,0
1,3003,0,13,0,10518,21,1102,50,914,1,0,0,0,304,0,0,0,0,0,101250,0,0,0,0,0
1,3004,0,21,0,10518,21,1102,50,915,1,0,0,0,404,0,0,0,0,0,101250,0,0,0,0,0
1,3001,0,11,0,10519,21,1102,50,916,1,0,0,0,104,0,0,0,0,0,110500,0,0,0,0,0
1,3002,0,12,0,10519,21,1102,50,917,1,0,0,0,204,0,0,0,0,0,110500,0,0,0,0,0
1,3003,0,13,0,10519,21,1102,50,918,1,0,0,0,304,0,0,0,0,0,110500,0,0,0,0,0
1,3004,0,21,0,10519,21,1102,50,919,1,0,0,0,404,0,0,0,0,0,110500,0,0,0,0,0
1,3001,0,11,0,10520,26,1102,50,920,1,0,0,0,104,0,0,0,0,0,96000,0,0,0,0,0
1,3002,0,12,0,10520,26,1102,50,921,1,0,0,0,204,0,0,0,0,0,96000,0,0,0,0,0
1,3003,0,13,0,10520,26,1102,50,922,1,0,0,0,304,0,0,0,0,0,96000,0,0,0,0,0
1,3004,0,21,0,10520,26,1102,50,923,1,0,0,0,404,0,0,0,0,0,96000,0,0,0,0,0
1,3001,0,22,0,10520,26,1102,50,924,1,0,0,0,104,0,0,0,0,0,96000,0,0,0,0,0
1,3002,0,11,0,10521,26,1102,50,925,1,0,0,0,204,0,0,0,0,0,104000,0,0,0,0,0
1,3003,0,12,0,10521,26,1102,50,926,1,0,0,0,304,0,0,0,0,0,104000,0,0,0,0,0
1,3004,0,13,0,10521,26,1102,50,927,1,0,0,0,404,0,0,0,0,0,104000,0,0,0,0,0
1,3001,0,21,0,10521,26,1102,50,928,1,0,0,0,104,0,0,0,0,0,104000,0,0,0,0,0
1,3002,0,22,0,10521,26,1102,50,929,1,0,0,0,204,0,0,0,0,0,104000,0,0,0,0,0
1,3003,0,11,0,10522,26,1102,50,930,1,0,0,0,304,0,0,0,0,0,112000,0,0,0,0,0
1,3004,0,12,0,10522,26,1102,50,931,1,0,0,0,404,0,0,0,0,0,112000,0,0,0,0,0
1,3001,0,13,0,10522,26,1102,50,932,1,0,0,0,104,0,0,0,0,0,112000,0,0,0,0,0
1,3002,0,21,0,10522,26,1102,50,933,1,0,0,0,204,0,0,0,0,0,112000,0,0,0,0,0
1,3003,0,22,0,10522,26,1102,50,934,1,0,0,0,304,0,0,0,0,0,112000,0,0,0,0,0
1,3004,0,11,0,10523,26,1102,50,935,1,0,0,0,405,0,0,0,0,0,112000,0,0,0,0,0
1,3001,0,12,0,10523,26,1102,50,936,1,0,0,0,105,0,0,0,0,0,112000,0,0,0,0,0
1,3002,0,13,0,10523,26,1102,50,937,1,0,0,0,205,0,0,0,0,0,112000,0,0,0,0,0
1,3003,0,21,0,10523,26,1102,50,938,1,0,0,0,305,0,0,0,0,0,112000,0,0,0,0,0
1,3004,0,22,0,10523,26,1102,50,939,1,0,0,0,405,0,0,0,0,0,112000,0,0,0,0,0
1,3001,0,11,0,10524,26,1102,50,940,1,0,0,0,105,0,0,0,0,0,126000,0,0,0,0,0
1,3002,0,12,0,10524,26,1102,50,941,1,0,0,0,205,0,0,0,0,0,126000,0,0,0,0,0
1,3003,0,13,0,10524,26,1102,50,942,1,0,0,0,305,0,0,0,0,0,126000,0,0,0,0,0
1,3004,0,21,0,10524,26,1102,50,943,1,0,0,0,405,0,0,0,0,0,126000,0,0,0,0,0
1,3001,0,22,0,10524,26,1102,50,944,1,0,0,0,105,0,0,0,0,0,126000,0,0,0,0,0
1,3002,0,11,0,10525,31,1102,60,945,1,0,0,0,205,0,0,0,0,0,120000,0,0,0,0,0
1,3003,0,12,0,10525,31,1102,60,946,1,0,0,0,305,0,0,0,0,0,120000,0,0,0,0,0
1,3004,0,13,0,10525,31,1102,60,947,1,0,0,0,405,0,0,0,0,0,120000,0,0,0,0,0
1,3001,0,21,0,10525,31,1102,60,948,1,0,0,0,105,0,0,0,0,0,120000,0,0,0,0,0
1,3002,0,22,0,10525,31,1102,60,949,1,0,0,0,205,0,0,0,0,0,120000,0,0,0,0,0
1,3003,0,23,0,10525,31,1102,60,950,1,0,0,0,305,0,0,0,0,0,120000,0,0,0,0,0
1,3004,0,11,0,10526,31,1102,60,951,1,0,0,0,405,0,0,0,0,0,140000,0,0,0,0,0
1,3001,0,12,0,10526,31,1102,60,952,1,0,0,0,105,0,0,0,0,0,140000,0,0,0,0,0
1,3002,0,13,0,10526,31,1102,60,953,1,0,0,0,205,0,0,0,0,0,140000,0,0,0,0,0
1,3003,0,21,0,10526,31,1102,60,954,1,0,0,0,305,0,0,0,0,0,140000,0,0,0,0,0
1,3004,0,22,0,10526,31,1102,60,955,1,0,0,0,405,0,0,0,0,0,140000,0,0,0,0,0
1,3001,0,23,0,10526,31,1102,60,956,1,0,0,0,105,0,0,0,0,0,140000,0,0,0,0,0
1,3002,0,11,0,10527,31,1102,60,957,1,0,0,0,205,0,0,0,0,0,158000,0,0,0,0,0
1,3003,0,12,0,10527,31,1102,60,958,1,0,0,0,305,0,0,0,0,0,158000,0,0,0,0,0
1,3004,0,13,0,10527,31,1102,60,959,1,0,0,0,405,0,0,0,0,0,158000,0,0,0,0,0
1,3001,0,21,0,10527,31,1102,60,960,1,0,0,0,105,0,0,0,0,0,158000,0,0,0,0,0
1,3002,0,22,0,10527,31,1102,60,961,1,0,0,0,205,0,0,0,0,0,158000,0,0,0,0,0
1,3003,0,23,0,10527,31,1102,60,962,1,0,0,0,305,0,0,0,0,0,158000,0,0,0,0,0
1,3004,0,11,0,10528,31,1102,60,963,1,0,0,0,405,0,0,0,0,0,170000,0,0,0,0,0
1,3001,0,12,0,10528,31,1102,60,964,1,0,0,0,105,0,0,0,0,0,170000,0,0,0,0,0
1,3002,0,13,0,10528,31,1102,60,965,1,0,0,0,205,0,0,0,0,0,170000,0,0,0,0,0
1,3003,0,21,0,10528,31,1102,60,966,1,0,0,0,305,0,0,0,0,0,170000,0,0,0,0,0
1,3004,0,22,0,10528,31,1102,60,967,1,0,0,0,405,0,0,0,0,0,170000,0,0,0,0,0
1,3001,0,23,0,10528,31,1102,60,968,1,0,0,0,105,0,0,0,0,0,170000,0,0,0,0,0
1,3002,0,11,0,10529,31,1102,60,969,1,0,0,0,205,0,0,0,0,0,200000,0,0,0,0,0
1,3003,0,12,0,10529,31,1102,60,970,1,0,0,0,305,0,0,0,0,0,200000,0,0,0,0,0
1,3004,0,13,0,10529,31,1102,60,971,1,0,0,0,405,0,0,0,0,0,200000,0,0,0,0,0
1,3001,0,21,0,10529,31,1102,60,972,1,0,0,0,105,0,0,0,0,0,200000,0,0,0,0,0
1,3002,0,22,0,10529,31,1102,60,973,1,0,0,0,205,0,0,0,0,0,200000,0,0,0,0,0
1,3003,0,23,0,10529,31,1102,60,974,1,0,0,0,305,0,0,0,0,0,200000,0,0,0,0,0
1,3004,0,11,0,10530,31,1102,60,975,1,0,0,0,405,0,0,0,0,0,225000,0,0,0,0,0
1,3001,0,12,0,10530,31,1102,60,976,1,0,0,0,105,0,0,0,0,0,225000,0,0,0,0,0
1,3002,0,13,0,10530,31,1102,60,977,1,0,0,0,205,0,0,0,0,0,225000,0,0,0,0,0
1,3003,0,21,0,10530,31,1102,60,978,1,0,0,0,305,0,0,0,0,0,225000,0,0,0,0,0
1,3004,0,22,0,10530,31,1102,60,979,1,0,0,0,405,0,0,0,0,0,225000,0,0,0,0,0
1,3001,0,23,0,10530,31,1102,60,980,1,0,0,0,105,0,0,0,0,0,225000,0,0,0,0,0
5,3001,0,11,1,20011,6,1201,1,981,1,1,1,0,101,0,0,0,0,0,100000000,0,0,0,0,0
5,3002,0,11,1,20012,6,1202,1,982,1,1,1,0,201,0,0,0,0,0,100000000,0,0,0,0,0
5,3003,0,11,1,20013,6,1203,1,983,1,1,1,0,301,0,0,0,0,0,100000000,0,0,0,0,0
5,3004,0,11,1,20014,6,1204,1,984,1,1,1,0,401,0,0,0,0,0,100000000,0,0,0,0,0
2,3001,0,11,1,2003,6,1401,22,985,1,0,0,0,102,0,0,0,0,0,1250,0,0,0,0,0
2,3001,0,12,1,2003,6,1401,22,986,1,0,0,0,102,0,0,0,0,0,1250,0,0,0,0,0
2,3001,0,13,1,2003,6,1401,22,987,1,0,0,0,102,0,0,0,0,0,1250,0,0,0,0,0
2,3002,0,21,1,2003,6,1401,22,988,1,0,0,0,202,0,0,0,0,0,1250,0,0,0,0,0
2,3002,0,22,1,2003,6,1401,22,989,1,0,0,0,202,0,0,0,0,0,1250,0,0,0,0,0
2,3003,0,23,1,2003,6,1401,22,990,1,0,0,0,302,0,0,0,0,0,1250,0,0,0,0,0
2,3003,0,31,1,2003,6,1401,22,991,1,0,0,0,302,0,0,0,0,0,1250,0,0,0,0,0
2,3003,0,32,1,2003,6,1401,22,992,1,0,0,0,302,0,0,0,0,0,1250,0,0,0,0,0
2,3004,0,33,1,2003,6,1401,22,993,1,0,0,0,402,0,0,0,0,0,1250,0,0,0,0,0
2,3004,0,41,1,2003,6,1401,22,994,1,0,0,0,402,0,0,0,0,0,1250,0,0,0,0,0
2,3001,0,11,1,2004,6,1309,22,995,1,0,0,0,102,0,0,0,0,0,1250,0,0,0,0,0
2,3001,0,12,1,2004,6,1309,22,996,1,0,0,0,102,0,0,0,0,0,1250,0,0,0,0,0
2,3001,0,13,1,2004,6,1309,22,997,1,0,0,0,102,0,0,0,0,0,1250,0,0,0,0,0
2,3002,0,21,1,2004,6,1309,22,998,1,0,0,0,202,0,0,0,0,0,1250,0,0,0,0,0
2,3002,0,22,1,2004,6,1309,22,999,1,0,0,0,202,0,0,0,0,0,1250,0,0,0,0,0
2,3003,0,23,1,2004,6,1309,22,1000,1,0,0,0,302,0,0,0,0,0,1250,0,0,0,0,0
2,3003,0,31,1,2004,6,1309,22,1001,1,0,0,0,302,0,0,0,0,0,1250,0,0,0,0,0
2,3003,0,32,1,2004,6,1309,22,1002,1,0,0,0,302,0,0,0,0,0,1250,0,0,0,0,0
2,3004,0,33,1,2004,6,1309,22,1003,1,0,0,0,402,0,0,0,0,0,1250,0,0,0,0,0
2,3004,0,41,1,2004,6,1309,22,1004,1,0,0,0,402,0,0,0,0,0,1250,0,0,0,0,0
