buff_id,buff_value,c_food,c_item_id,c_item_value,c_magicgem,c_stone,c_wood,id,idx,level,power,req1_building_id,req1_building_lv,req1_id,req1_lv,req2_building_id,req2_building_lv,req2_id,req2_lv,req3_building_id,req3_building_lv,req3_id,req3_lv,req4_building_id,req4_building_lv,req4_id,req4_lv,time,up_power
1001,50,1500,0,0,0,0,1500,1,101,1,9,106,1,0,0,0,0,0,0,0,0,0,0,0,0,0,0,10,9
1001,50,3000,0,0,0,0,3000,1,102,2,25,106,1,0,0,0,0,0,0,0,0,0,0,0,0,0,0,40,16
1001,100,6000,0,0,0,0,6000,1,103,3,56,106,2,0,0,0,0,0,0,0,0,0,0,0,0,0,0,60,31
1801,100,7500,0,0,0,0,7500,2,201,1,65,106,1,1,1,102,1,0,0,0,0,0,0,0,0,0,0,60,65
1801,200,15000,0,0,0,0,15000,2,202,2,177,106,2,1,1,102,1,0,0,0,0,0,0,0,0,0,0,90,112
1801,300,27500,0,0,0,0,27500,2,203,3,365,106,2,1,1,102,1,0,0,0,0,0,0,0,0,0,0,120,188
1801,400,55000,0,0,0,0,55000,2,204,4,706,106,3,1,2,102,1,0,0,0,0,0,0,0,0,0,0,150,341
1801,500,110000,0,0,0,110000,110000,2,205,5,1598,106,3,1,3,102,1,0,0,0,0,0,0,0,0,0,0,200,892
1901,100,5000,0,0,0,0,5000,3,301,1,54,106,1,1,1,103,1,0,0,0,0,0,0,0,0,0,0,60,54
1901,200,13800,0,0,0,0,13800,3,302,2,161,106,2,1,1,103,1,0,0,0,0,0,0,0,0,0,0,90,107
1901,300,27500,0,0,0,0,27500,3,303,3,349,106,2,1,1,103,1,0,0,0,0,0,0,0,0,0,0,120,188
1901,400,55000,0,0,0,0,55000,3,304,4,690,106,3,1,2,103,1,0,0,0,0,0,0,0,0,0,0,150,341
1901,500,110000,0,0,0,110000,110000,3,305,5,1582,106,3,1,3,103,1,0,0,0,0,0,0,0,0,0,0,200,892
0,0,15000,0,0,0,15000,15000,4,401,1,151,106,4,2,1,0,0,3,1,0,0,0,0,0,0,0,0,600,151
101,100,27500,0,0,0,27500,27500,5,501,1,374,106,4,4,1,0,0,2,1,0,0,3,1,0,0,0,0,180,374
101,100,41300,0,0,0,41300,41300,5,502,2,917,106,4,4,1,0,0,2,2,0,0,3,2,0,0,0,0,240,543
101,200,68800,0,0,0,68800,68800,5,503,3,1755,106,5,4,1,0,0,2,3,0,0,3,3,0,0,0,0,300,838
101,200,96300,0,0,0,96300,96300,5,504,4,2929,106,5,4,1,0,0,2,4,0,0,3,4,0,0,0,0,600,1174
101,400,137500,0,0,0,137500,137500,5,505,5,4591,106,6,4,1,0,0,2,5,0,0,3,5,0,0,0,0,900,1662
2301,100,27500,0,0,0,27500,27500,6,601,1,354,106,5,5,1,102,1,0,0,0,0,0,0,0,0,0,0,240,354
2301,100,55000,0,0,0,55000,55000,6,602,2,966,106,5,5,2,102,1,0,0,0,0,0,0,0,0,0,0,300,612
2301,200,110000,0,0,0,110000,110000,6,603,3,2056,106,6,5,3,102,1,0,0,0,0,0,0,0,0,0,0,360,1090
2301,200,220000,0,0,0,220000,220000,6,604,4,4048,106,6,5,4,102,1,0,0,0,0,0,0,0,0,0,0,720,1992
2301,400,440000,0,0,0,440000,440000,6,605,5,7769,106,7,5,5,102,1,0,0,0,0,0,0,0,0,0,0,1440,3721
2501,100,27500,0,0,0,27500,27500,7,701,1,354,106,5,5,1,103,1,0,0,0,0,0,0,0,0,0,0,240,354
2501,100,55000,0,0,0,55000,55000,7,702,2,966,106,5,5,2,103,1,0,0,0,0,0,0,0,0,0,0,300,612
2501,200,110000,0,0,0,110000,110000,7,703,3,2056,106,6,5,3,103,1,0,0,0,0,0,0,0,0,0,0,360,1090
2501,200,220000,0,0,0,220000,220000,7,704,4,4048,106,6,5,4,103,1,0,0,0,0,0,0,0,0,0,0,720,1992
2501,400,440000,0,0,0,440000,440000,7,705,5,7769,106,7,5,5,103,1,0,0,0,0,0,0,0,0,0,0,1440,3721
2401,100,27500,0,0,0,27500,27500,8,801,1,354,106,5,5,1,103,1,0,0,0,0,0,0,0,0,0,0,240,354
2401,100,55000,0,0,0,55000,55000,8,802,2,966,106,5,5,2,103,1,0,0,0,0,0,0,0,0,0,0,300,612
2401,200,110000,0,0,0,110000,110000,8,803,3,2056,106,6,5,3,103,1,0,0,0,0,0,0,0,0,0,0,360,1090
2401,200,220000,0,0,0,220000,220000,8,804,4,4048,106,6,5,4,103,1,0,0,0,0,0,0,0,0,0,0,720,1992
2401,400,440000,0,0,0,440000,440000,8,805,5,7769,106,7,5,5,103,1,0,0,0,0,0,0,0,0,0,0,1440,3721
0,0,237500,0,0,0,237500,237500,9,901,1,1796,106,7,6,3,0,0,8,3,0,0,7,3,0,0,0,0,3600,1796
1001,50,68800,0,0,41300,68800,68800,10,1001,1,1040,106,7,9,1,0,0,0,0,0,0,0,0,0,0,0,0,4320,1040
1001,100,137500,0,0,82500,137500,137500,10,1002,2,2903,106,8,9,1,0,0,0,0,0,0,0,0,0,0,0,0,6050,1863
1001,150,275000,0,0,165100,275000,275000,10,1003,3,6327,106,8,9,1,0,0,0,0,0,0,0,0,0,0,0,0,8470,3424
1001,200,550000,0,0,330000,550000,550000,10,1004,4,12750,106,9,9,1,0,0,6,4,0,0,7,4,0,0,8,4,11850,6423
1001,300,1100000,0,0,660100,1100000,1100000,10,1005,5,25004,106,9,9,1,0,0,6,5,0,0,7,5,0,0,8,5,16590,12254
2001,100,41300,0,0,24800,41300,41300,11,1101,1,568,106,8,10,1,104,1,0,0,0,0,0,0,0,0,0,0,1920,568
2001,200,82500,0,0,49500,82500,82500,11,1102,2,1607,106,8,10,2,104,1,0,0,0,0,0,0,0,0,0,0,2690,1039
2001,300,165000,0,0,99000,165000,165000,11,1103,3,3551,106,9,10,3,104,1,0,0,0,0,0,0,0,0,0,0,3760,1944
2001,400,330000,0,0,198000,330000,330000,11,1104,4,7251,106,9,10,4,104,1,0,0,0,0,0,0,0,0,0,0,5270,3700
2001,500,660000,0,0,396000,660000,660000,11,1105,5,14388,106,10,10,5,104,1,0,0,0,0,0,0,0,0,0,0,7380,7137
2101,100,41300,0,0,24800,41300,41300,12,1201,1,568,106,8,10,1,105,1,0,0,0,0,0,0,0,0,0,0,1920,568
2101,200,82500,0,0,49500,82500,82500,12,1202,2,1607,106,8,10,2,105,1,0,0,0,0,0,0,0,0,0,0,2690,1039
2101,300,165000,0,0,99000,165000,165000,12,1203,3,3551,106,9,10,3,105,1,0,0,0,0,0,0,0,0,0,0,3760,1944
2101,400,330000,0,0,198000,330000,330000,12,1204,4,7251,106,9,10,4,105,1,0,0,0,0,0,0,0,0,0,0,5270,3700
2101,500,660000,0,0,396000,660000,660000,12,1205,5,14388,106,10,10,5,105,1,0,0,0,0,0,0,0,0,0,0,7380,7137
2501,100,68800,0,0,41300,68800,68800,13,1301,1,860,106,10,11,1,104,1,0,0,0,0,0,0,0,0,0,0,1440,860
2501,100,137500,0,0,82500,137500,137500,13,1302,2,2471,106,10,11,2,104,1,0,0,0,0,0,0,0,0,0,0,2020,1611
2501,200,275000,0,0,165100,275000,275000,13,1303,3,5542,106,11,11,3,104,1,0,0,0,0,0,0,0,0,0,0,2820,3071
2501,200,550000,0,0,330000,550000,550000,13,1304,4,11471,106,11,11,4,104,1,0,0,0,0,0,0,0,0,0,0,3950,5929
2501,400,1100000,0,0,660100,1100000,1100000,13,1305,5,23034,106,12,11,5,104,1,0,0,0,0,0,0,0,0,0,0,6450,11563
2601,100,68800,0,0,41300,68800,68800,14,1401,1,860,106,10,12,1,105,1,0,0,0,0,0,0,0,0,0,0,1440,860
2601,100,137500,0,0,82500,137500,137500,14,1402,2,2471,106,10,12,2,105,1,0,0,0,0,0,0,0,0,0,0,2020,1611
2601,200,275000,0,0,165100,275000,275000,14,1403,3,5542,106,11,12,3,105,1,0,0,0,0,0,0,0,0,0,0,2820,3071
2601,200,550000,0,0,330000,550000,550000,14,1404,4,11471,106,11,12,4,105,1,0,0,0,0,0,0,0,0,0,0,3950,5929
2601,400,1100000,0,0,660100,1100000,1100000,14,1405,5,23034,106,12,12,5,105,1,0,0,0,0,0,0,0,0,0,0,5530,11563
21701,50,82500,0,0,49500,82500,82500,15,1501,1,995,106,11,13,1,0,0,14,1,0,0,0,0,0,0,0,0,2160,995
21701,50,165000,0,0,99000,165000,165000,15,1502,2,2877,106,11,13,2,0,0,14,2,0,0,0,0,0,0,0,0,3020,1882
21701,100,330000,0,0,198000,330000,330000,15,1503,3,6491,106,12,13,3,0,0,14,3,0,0,0,0,0,0,0,0,4940,3614
21701,100,660000,0,0,396000,660000,660000,15,1504,4,13507,106,12,13,4,0,0,14,4,0,0,0,0,0,0,0,0,6910,7016
21701,200,1320000,0,0,792000,1320000,1320000,15,1505,5,27243,106,13,13,5,0,0,14,5,0,0,0,0,0,0,0,0,9680,13736
1801,100,137500,0,0,82500,137500,137500,16,1601,1,2799,106,13,15,1,102,1,0,0,0,0,0,0,0,0,0,0,20160,2799
1801,200,206500,0,0,123900,206500,206500,16,1602,2,6856,106,13,15,1,102,1,0,0,0,0,0,0,0,0,0,0,28220,4057
1801,200,310000,0,0,186000,310000,310000,16,1603,3,12742,106,13,15,1,102,1,0,0,0,0,0,0,0,0,0,0,39510,5886
1801,400,465500,0,0,279400,465500,465500,16,1604,4,21294,106,14,15,2,102,1,0,0,0,0,0,0,0,0,0,0,55320,8552
1801,400,698500,0,0,419100,698500,698500,16,1605,5,33729,106,14,15,2,102,1,0,0,0,0,0,0,0,0,0,0,77450,12435
1801,600,1048500,0,0,629100,1048500,1048500,16,1606,6,51835,106,14,15,3,102,1,0,0,0,0,0,0,0,0,0,0,108430,18106
1801,600,1573500,0,0,944100,1573500,1573500,16,1607,7,78227,106,15,15,3,102,1,0,0,0,0,0,0,0,0,0,0,151800,26392
1801,700,2363000,0,0,1417900,2363000,2363000,16,1608,8,116759,106,15,15,4,102,1,0,0,0,0,0,0,0,0,0,0,212520,38532
1801,800,3540000,0,0,2124000,3540000,3540000,16,1609,9,172994,106,15,15,4,102,1,0,0,0,0,0,0,0,0,0,0,297520,56235
1801,1000,5320000,0,0,3192000,5320000,5320000,16,1610,10,255320,106,16,15,5,102,1,0,0,0,0,0,0,0,0,0,0,476040,82326
1901,100,137500,0,0,82500,137500,137500,17,1701,1,2799,106,13,15,1,103,1,0,0,0,0,0,0,0,0,0,0,20160,2799
1901,200,206500,0,0,123900,206500,206500,17,1702,2,6856,106,13,15,1,103,1,0,0,0,0,0,0,0,0,0,0,28220,4057
1901,200,310000,0,0,186000,310000,310000,17,1703,3,12742,106,13,15,1,103,1,0,0,0,0,0,0,0,0,0,0,39510,5886
1901,400,465500,0,0,279400,465500,465500,17,1704,4,21294,106,14,15,2,103,1,0,0,0,0,0,0,0,0,0,0,55320,8552
1901,400,698500,0,0,419100,698500,698500,17,1705,5,33729,106,14,15,2,103,1,0,0,0,0,0,0,0,0,0,0,77450,12435
1901,600,1048500,0,0,629100,1048500,1048500,17,1706,6,51835,106,14,15,3,103,1,0,0,0,0,0,0,0,0,0,0,108430,18106
1901,600,1571500,0,0,942900,1571500,1571500,17,1707,7,78208,106,15,15,3,103,1,0,0,0,0,0,0,0,0,0,0,151800,26373
1901,700,2355000,0,0,1413000,2355000,2355000,17,1708,8,116660,106,15,15,4,103,1,0,0,0,0,0,0,0,0,0,0,212520,38452
1901,800,3540000,0,0,2124000,3540000,3540000,17,1709,9,172895,106,15,15,4,103,1,0,0,0,0,0,0,0,0,0,0,297520,56235
1901,1000,5315000,0,0,3189100,5315000,5315000,17,1710,10,255172,106,16,15,5,103,1,0,0,0,0,0,0,0,0,0,0,476040,82277
101,100,344000,0,0,206500,344000,344000,18,1801,1,5200,106,14,16,1,0,0,17,1,0,0,0,0,0,0,0,0,25200,5200
101,100,516000,0,0,309600,516000,516000,18,1802,2,12819,106,14,16,2,0,0,17,2,0,0,0,0,0,0,0,0,35280,7619
101,200,774500,0,0,464800,774500,774500,18,1803,3,24001,106,15,16,3,0,0,17,3,0,0,0,0,0,0,0,0,49390,11182
101,200,1162500,0,0,697500,1162500,1162500,18,1804,4,40428,106,15,16,4,0,0,17,4,0,0,0,0,0,0,0,0,69150,16427
101,300,1744500,0,0,1046700,1744500,1744500,18,1805,5,64583,106,16,16,5,0,0,17,5,0,0,0,0,0,0,0,0,110640,24155
101,400,2617000,0,0,1570200,2617000,2617000,18,1806,6,100126,106,16,16,6,0,0,17,6,0,0,0,0,0,0,0,0,154890,35543
101,400,3925500,0,0,2355300,3925500,3925500,18,1807,7,152472,106,17,16,7,0,0,17,7,0,0,0,0,0,0,0,0,216850,52346
101,500,5889000,0,0,3533400,5889000,5889000,18,1808,8,229644,106,17,16,8,0,0,17,8,0,0,0,0,0,0,0,0,303590,77172
101,600,8833500,0,0,5300100,8833500,8833500,18,1809,9,343504,106,18,16,9,0,0,17,9,0,0,0,0,0,0,0,0,425030,113860
101,700,13250500,0,0,7950300,13250500,13250500,18,1810,10,511640,106,19,16,10,0,0,17,10,0,0,0,0,0,0,0,0,595040,168136
2301,100,275000,0,0,165100,275000,275000,19,1901,1,4318,106,16,18,1,102,1,0,0,0,0,0,0,0,0,0,0,25600,4318
2301,100,412500,0,0,247500,412500,412500,19,1902,2,10634,106,16,18,2,102,1,0,0,0,0,0,0,0,0,0,0,35840,6316
2301,100,619000,0,0,371400,619000,619000,19,1903,3,19887,106,17,18,3,102,1,0,0,0,0,0,0,0,0,0,0,50180,9253
2301,200,928500,0,0,557100,928500,928500,19,1904,4,33453,106,17,18,4,102,1,0,0,0,0,0,0,0,0,0,0,70250,13566
2301,300,1393500,0,0,836100,1393500,1393500,19,1905,5,53371,106,18,18,5,102,1,0,0,0,0,0,0,0,0,0,0,98350,19918
2301,300,2091000,0,0,1254600,2091000,2091000,19,1906,6,82640,106,18,18,6,102,1,0,0,0,0,0,0,0,0,0,0,137680,29269
2301,400,3136500,0,0,1881900,3136500,3136500,19,1907,7,125683,106,19,18,7,102,1,0,0,0,0,0,0,0,0,0,0,192760,43043
2301,400,4705000,0,0,2823000,4705000,4705000,19,1908,8,189046,106,19,18,8,102,1,0,0,0,0,0,0,0,0,0,0,269860,63363
2301,500,7057500,0,0,4234500,7057500,7057500,19,1909,9,282403,106,20,18,9,102,1,0,0,0,0,0,0,0,0,0,0,377800,93357
2301,600,10586500,0,0,6351900,10586500,10586500,19,1910,10,420080,106,21,18,10,102,1,0,0,0,0,0,0,0,0,0,0,528920,137677
2501,100,275000,0,0,165100,275000,275000,20,2001,1,4318,106,16,18,1,103,1,0,0,0,0,0,0,0,0,0,0,12800,4318
2501,100,412500,0,0,247500,412500,412500,20,2002,2,10634,106,16,18,2,103,1,0,0,0,0,0,0,0,0,0,0,17920,6316
2501,100,619000,0,0,371400,619000,619000,20,2003,3,19887,106,17,18,3,103,1,0,0,0,0,0,0,0,0,0,0,25090,9253
2501,200,928500,0,0,557100,928500,928500,20,2004,4,33453,106,17,18,4,103,1,0,0,0,0,0,0,0,0,0,0,35120,13566
2501,300,1393500,0,0,836100,1393500,1393500,20,2005,5,53371,106,18,18,5,103,1,0,0,0,0,0,0,0,0,0,0,49170,19918
2501,300,2091000,0,0,1254600,2091000,2091000,20,2006,6,82640,106,18,18,6,103,1,0,0,0,0,0,0,0,0,0,0,68840,29269
2501,400,3136500,0,0,1881900,3136500,3136500,20,2007,7,125683,106,19,18,7,103,1,0,0,0,0,0,0,0,0,0,0,96380,43043
2501,400,4705000,0,0,2823000,4705000,4705000,20,2008,8,189046,106,19,18,8,103,1,0,0,0,0,0,0,0,0,0,0,134930,63363
2501,500,7057500,0,0,4234500,7057500,7057500,20,2009,9,282403,106,20,18,9,103,1,0,0,0,0,0,0,0,0,0,0,188900,93357
2501,600,10586500,0,0,6351900,10586500,10586500,20,2010,10,420080,106,21,18,10,103,1,0,0,0,0,0,0,0,0,0,0,264460,137677
2401,100,275000,0,0,165100,275000,275000,21,2101,1,4318,106,16,18,1,103,1,0,0,0,0,0,0,0,0,0,0,32000,4318
2401,100,412500,0,0,247500,412500,412500,21,2102,2,10634,106,16,18,2,103,1,0,0,0,0,0,0,0,0,0,0,44800,6316
2401,100,619000,0,0,371400,619000,619000,21,2103,3,19887,106,17,18,3,103,1,0,0,0,0,0,0,0,0,0,0,62720,9253
2401,200,928500,0,0,557100,928500,928500,21,2104,4,33453,106,17,18,4,103,1,0,0,0,0,0,0,0,0,0,0,87810,13566
2401,300,1393500,0,0,836100,1393500,1393500,21,2105,5,53371,106,18,18,5,103,1,0,0,0,0,0,0,0,0,0,0,122930,19918
2401,300,2091000,0,0,1254600,2091000,2091000,21,2106,6,82640,106,18,18,6,103,1,0,0,0,0,0,0,0,0,0,0,172100,29269
2401,400,3136500,0,0,1881900,3136500,3136500,21,2107,7,125683,106,19,18,7,103,1,0,0,0,0,0,0,0,0,0,0,240950,43043
2401,400,4705000,0,0,2823000,4705000,4705000,21,2108,8,189046,106,19,18,8,103,1,0,0,0,0,0,0,0,0,0,0,337320,63363
2401,500,7057500,0,0,4234500,7057500,7057500,21,2109,9,282403,106,20,18,9,103,1,0,0,0,0,0,0,0,0,0,0,472250,93357
2401,600,10586500,0,0,6351900,10586500,10586500,21,2110,10,420080,106,21,18,10,103,1,0,0,0,0,0,0,0,0,0,0,661150,137677
1001,50,344000,0,0,206500,344000,344000,22,2201,1,5560,106,17,19,1,0,0,21,1,0,0,20,1,0,0,0,0,34560,5560
1001,50,516000,0,0,309600,516000,516000,22,2202,2,13683,106,17,19,2,0,0,21,2,0,0,20,2,0,0,0,0,48380,8123
1001,100,774500,0,0,464800,774500,774500,22,2203,3,25571,106,18,19,3,0,0,21,3,0,0,20,3,0,0,0,0,67740,11888
1001,100,1162500,0,0,697500,1162500,1162500,22,2204,4,42986,106,18,19,4,0,0,21,4,0,0,20,4,0,0,0,0,94830,17415
1001,100,1744500,0,0,1046700,1744500,1744500,22,2205,5,68524,106,19,19,5,0,0,21,5,0,0,20,5,0,0,0,0,132760,25538
1001,100,2617000,0,0,1570200,2617000,2617000,22,2206,6,106003,106,19,19,6,0,0,21,6,0,0,20,6,0,0,0,0,185870,37479
1001,100,3925500,0,0,2355300,3925500,3925500,22,2207,7,161060,106,20,19,7,0,0,21,7,0,0,20,7,0,0,0,0,260220,55057
1001,200,5889000,0,0,3533400,5889000,5889000,22,2208,8,242027,106,20,19,8,0,0,21,8,0,0,20,8,0,0,0,0,364310,80967
1001,300,8833500,0,0,5300100,8833500,8833500,22,2209,9,361200,106,21,19,9,0,0,21,9,0,0,20,9,0,0,0,0,510030,119173
1001,400,13250500,0,0,7950300,13250500,13250500,22,2210,10,536774,106,22,19,10,0,0,21,10,0,0,20,10,0,0,0,0,714040,175574
2001,100,275000,0,0,165100,275000,275000,23,2301,1,4418,106,20,22,1,104,1,0,0,0,0,0,0,0,0,0,0,27200,4418
2001,200,412500,0,0,247500,412500,412500,23,2302,2,10874,106,20,22,1,104,1,0,0,0,0,0,0,0,0,0,0,38080,6456
2001,200,619000,0,0,371400,619000,619000,23,2303,3,20323,106,21,22,2,104,1,0,0,0,0,0,0,0,0,0,0,53310,9449
2001,400,928500,0,0,557100,928500,928500,23,2304,4,34163,106,21,22,3,104,1,0,0,0,0,0,0,0,0,0,0,74640,13840
2001,400,1393500,0,0,836100,1393500,1393500,23,2305,5,54465,106,22,22,4,104,1,0,0,0,0,0,0,0,0,0,0,104490,20302
2001,600,2091000,0,0,1254600,2091000,2091000,23,2306,6,84272,106,22,22,5,104,1,0,0,0,0,0,0,0,0,0,0,146290,29807
2001,600,3136500,0,0,1881900,3136500,3136500,23,2307,7,128068,106,23,22,6,104,1,0,0,0,0,0,0,0,0,0,0,204800,43796
2001,700,4705000,0,0,2823000,4705000,4705000,23,2308,8,192485,106,23,22,7,104,1,0,0,0,0,0,0,0,0,0,0,286720,64417
2001,800,7057500,0,0,4234500,7057500,7057500,23,2309,9,287318,106,24,22,8,104,1,0,0,0,0,0,0,0,0,0,0,401410,94833
2001,1000,10586500,0,0,6351900,10586500,10586500,23,2310,10,427061,106,25,22,9,104,1,0,0,0,0,0,0,0,0,0,0,561980,139743
2101,100,275000,0,0,165600,275000,275000,24,2401,1,4420,106,20,22,1,105,1,0,0,0,0,0,0,0,0,0,0,27200,4420
2101,200,412500,0,0,248400,412500,412500,24,2402,2,10881,106,20,22,1,105,1,0,0,0,0,0,0,0,0,0,0,38080,6461
2101,200,619000,0,0,370800,619000,619000,24,2403,3,20327,106,21,22,2,105,1,0,0,0,0,0,0,0,0,0,0,53310,9446
2101,400,928500,0,0,558000,928500,928500,24,2404,4,34172,106,21,22,3,105,1,0,0,0,0,0,0,0,0,0,0,74640,13845
2101,400,1393500,0,0,837000,1393500,1393500,24,2405,5,54478,106,22,22,4,105,1,0,0,0,0,0,0,0,0,0,0,104490,20306
2101,600,2091000,0,0,1254600,2091000,2091000,24,2406,6,84285,106,22,22,5,105,1,0,0,0,0,0,0,0,0,0,0,146290,29807
2101,600,3136500,0,0,1882800,3136500,3136500,24,2407,7,128086,106,23,22,6,105,1,0,0,0,0,0,0,0,0,0,0,204800,43801
2101,700,4705000,0,0,2822400,4705000,4705000,24,2408,8,192500,106,23,22,7,105,1,0,0,0,0,0,0,0,0,0,0,286720,64414
2101,800,7057500,0,0,4235400,7057500,7057500,24,2409,9,287337,106,24,22,8,105,1,0,0,0,0,0,0,0,0,0,0,401410,94837
2101,1000,10586500,0,0,6352200,10586500,10586500,24,2410,10,427082,106,25,22,9,105,1,0,0,0,0,0,0,0,0,0,0,561980,139745
2601,100,481300,0,0,322200,481300,481300,26,2601,1,6453,106,22,23,1,105,1,24,1,0,0,0,0,0,0,0,0,27200,6453
2601,100,722000,0,0,484200,722000,722000,26,2602,2,15971,106,22,23,2,105,1,24,2,0,0,0,0,0,0,0,0,38080,9518
2601,100,1083500,0,0,725400,1083500,1083500,26,2603,3,30009,106,23,23,3,105,1,24,3,0,0,0,0,0,0,0,0,53310,14038
2601,200,1625500,0,0,1089000,1625500,1625500,26,2604,4,50739,106,23,23,4,105,1,24,4,0,0,0,0,0,0,0,0,74640,20730
2601,300,2438500,0,0,1634400,2438500,2438500,26,2605,5,81369,106,24,23,5,105,1,24,5,0,0,0,0,0,0,0,0,104490,30630
2601,300,3658500,0,0,2451600,3658500,3658500,26,2606,6,126671,106,24,23,6,105,1,24,6,0,0,0,0,0,0,0,0,146290,45302
2601,400,5488000,0,0,3677400,5488000,5488000,26,2607,7,193703,106,25,23,7,105,1,24,7,0,0,0,0,0,0,0,0,204800,67032
2601,400,8232000,0,0,5515200,8232000,8232000,26,2608,8,292975,106,25,23,8,105,1,24,8,0,0,0,0,0,0,0,0,286720,99272
2601,500,12348500,0,0,8274600,12348500,12348500,26,2609,9,440094,106,26,23,9,105,1,24,9,0,0,0,0,0,0,0,0,401410,147119
2601,600,18523000,0,0,12411000,18523000,18523000,26,2610,10,673319,106,27,23,10,105,1,24,10,0,0,0,0,0,0,0,0,802830,233225
2801,100,550000,0,0,338400,550000,550000,27,2701,1,7132,106,23,26,1,0,0,0,0,0,0,0,0,0,0,0,0,27200,7132
2801,100,825000,0,0,505800,825000,825000,27,2702,2,17665,106,23,26,2,0,0,0,0,0,0,0,0,0,0,0,0,38080,10533
2801,100,1237500,0,0,759600,1237500,1237500,27,2703,3,33231,106,24,26,3,0,0,0,0,0,0,0,0,0,0,0,0,53310,15566
2801,100,1856500,0,0,1139400,1856500,1856500,27,2704,4,56244,106,24,26,4,0,0,0,0,0,0,0,0,0,0,0,0,74640,23013
2801,200,2785000,0,0,1710000,2785000,2785000,27,2705,5,90294,106,25,26,5,0,0,0,0,0,0,0,0,0,0,0,0,104490,34050
2801,200,4178000,0,0,2565000,4178000,4178000,27,2706,6,140728,106,25,26,6,0,0,0,0,0,0,0,0,0,0,0,0,146290,50434
2801,200,6267000,0,0,3846600,6267000,6267000,27,2707,7,215461,106,26,26,7,0,0,0,0,0,0,0,0,0,0,0,0,204800,74733
2801,300,9401000,0,0,5770800,9401000,9401000,27,2708,8,326288,106,26,26,8,0,0,0,0,0,0,0,0,0,0,0,0,286720,110827
2801,300,14101500,0,0,8656200,14101500,14101500,27,2709,9,490737,106,27,26,9,0,0,0,0,0,0,0,0,0,0,0,0,401410,164449
2801,400,21152500,0,0,12985200,21152500,21152500,27,2710,10,749952,106,28,26,10,0,0,0,0,0,0,0,0,0,0,0,0,802830,259215
21701,100,756300,0,0,480600,756300,756300,28,2801,1,9723,106,24,27,1,0,0,0,0,0,0,0,0,0,0,0,0,36000,9723
21701,100,1134500,0,0,720000,1134500,1134500,28,2802,2,24083,106,24,27,2,0,0,0,0,0,0,0,0,0,0,0,0,50400,14360
21701,100,1702500,0,0,1080000,1702500,1702500,28,2803,3,45322,106,25,27,3,0,0,0,0,0,0,0,0,0,0,0,0,70560,21239
21701,100,2554000,0,0,1620000,2554000,2554000,28,2804,4,76733,106,25,27,4,0,0,0,0,0,0,0,0,0,0,0,0,98780,31411
21701,200,3831500,0,0,2431800,3831500,3831500,28,2805,5,123240,106,26,27,5,0,0,0,0,0,0,0,0,0,0,0,0,138300,46507
21701,200,5747500,0,0,3646800,5747500,5747500,28,2806,6,192141,106,26,27,6,0,0,0,0,0,0,0,0,0,0,0,0,193620,68901
21701,200,8622000,0,0,5470200,8622000,8622000,28,2807,7,294288,106,27,27,7,0,0,0,0,0,0,0,0,0,0,0,0,271060,102147
21701,300,12933500,0,0,8206200,12933500,12933500,28,2808,8,445818,106,27,27,8,0,0,0,0,0,0,0,0,0,0,0,0,379490,151530
21701,300,19400500,0,0,12310200,19400500,19400500,28,2809,9,670747,106,28,27,9,0,0,0,0,0,0,0,0,0,0,0,0,531280,224929
21701,400,29101000,0,0,18464400,29101000,29101000,28,2810,10,1024741,106,29,27,10,0,0,22,10,0,0,0,0,0,0,0,0,1062570,353994
3901,100,7500,0,0,0,0,7500,201,20101,1,58,106,1,0,0,0,0,0,0,0,0,0,0,0,0,0,0,60,58
3901,150,15000,0,0,0,0,15000,201,20102,2,162,106,2,0,0,0,0,0,0,0,0,0,0,0,0,0,0,90,104
3901,250,30000,0,0,0,0,30000,201,20103,3,354,106,3,0,0,0,0,0,0,0,0,0,0,0,0,0,0,120,192
20101,100,15000,0,0,0,15000,15000,202,20201,1,286,106,1,201,1,202,1,0,0,0,0,0,0,0,0,0,0,70,286
20101,100,30000,0,0,0,30000,30000,202,20202,2,768,106,2,201,1,202,1,0,0,0,0,0,0,0,0,0,0,140,482
20101,200,55000,0,0,0,55000,55000,202,20203,3,1561,106,3,201,2,202,1,0,0,0,0,0,0,0,0,0,0,250,793
20101,200,110000,0,0,0,110000,110000,202,20204,4,2945,106,4,201,2,202,1,0,0,0,0,0,0,0,0,0,0,600,1384
20101,400,220000,0,0,0,220000,220000,202,20205,5,5409,106,5,201,3,202,1,0,0,0,0,0,0,0,0,0,0,1200,2464
20201,100,15000,0,0,0,15000,15000,203,20301,1,286,106,1,201,1,203,1,0,0,0,0,0,0,0,0,0,0,70,286
20201,100,30000,0,0,0,30000,30000,203,20302,2,768,106,2,201,1,203,1,0,0,0,0,0,0,0,0,0,0,140,482
20201,200,55000,0,0,0,55000,55000,203,20303,3,1561,106,3,201,2,203,1,0,0,0,0,0,0,0,0,0,0,250,793
20201,200,110000,0,0,0,110000,110000,203,20304,4,2945,106,4,201,2,203,1,0,0,0,0,0,0,0,0,0,0,600,1384
20201,400,220000,0,0,0,220000,220000,203,20305,5,5409,106,5,201,3,203,1,0,0,0,0,0,0,0,0,0,0,1200,2464
20301,100,15000,0,0,0,15000,15000,204,20401,1,286,106,1,201,1,204,1,0,0,0,0,0,0,0,0,0,0,70,286
20301,100,30000,0,0,0,30000,30000,204,20402,2,768,106,2,201,1,204,1,0,0,0,0,0,0,0,0,0,0,140,482
20301,200,55000,0,0,0,55000,55000,204,20403,3,1561,106,3,201,2,204,1,0,0,0,0,0,0,0,0,0,0,250,793
20301,200,110000,0,0,0,110000,110000,204,20404,4,2945,106,4,201,2,204,1,0,0,0,0,0,0,0,0,0,0,600,1384
20301,400,220000,0,0,0,220000,220000,204,20405,5,5409,106,5,201,3,204,1,0,0,0,0,0,0,0,0,0,0,1200,2464
20401,100,15000,0,0,0,15000,15000,205,20501,1,286,106,1,201,1,205,1,0,0,0,0,0,0,0,0,0,0,70,286
20401,100,30000,0,0,0,30000,30000,205,20502,2,768,106,2,201,1,205,1,0,0,0,0,0,0,0,0,0,0,140,482
20401,200,55000,0,0,0,55000,55000,205,20503,3,1561,106,3,201,2,205,1,0,0,0,0,0,0,0,0,0,0,250,793
20401,200,110000,0,0,0,110000,110000,205,20504,4,2945,106,4,201,2,205,1,0,0,0,0,0,0,0,0,0,0,600,1384
20401,400,220000,0,0,0,220000,220000,205,20505,5,5409,106,5,201,3,205,1,0,0,0,0,0,0,0,0,0,0,1200,2464
0,0,300000,0,0,0,300000,300000,206,20601,1,3318,106,8,202,3,0,0,0,0,0,0,0,0,0,0,0,0,15000,3318
0,0,300000,0,0,0,300000,300000,207,20701,1,3318,106,8,203,3,0,0,0,0,0,0,0,0,0,0,0,0,15000,3318
0,0,300000,0,0,0,300000,300000,208,20801,1,3318,106,8,204,3,0,0,0,0,0,0,0,0,0,0,0,0,15000,3318
0,0,300000,0,0,0,300000,300000,209,20901,1,3318,106,8,205,3,0,0,0,0,0,0,0,0,0,0,0,0,15000,3318
21601,100,22500,0,0,0,22500,22500,210,21001,1,519,106,9,206,1,0,0,207,1,0,0,208,1,0,0,209,1,4320,519
21601,100,45000,0,0,27000,45000,45000,210,21002,2,2044,106,10,206,1,0,0,207,1,0,0,208,1,0,0,209,1,6480,1525
21601,200,90000,0,0,54000,90000,90000,210,21003,3,6173,106,11,206,1,0,0,207,1,0,0,208,1,0,0,209,1,9720,4129
21601,200,180000,0,0,108000,180000,180000,210,21004,4,17672,106,12,206,1,0,0,207,1,0,0,208,1,0,0,209,1,14580,11499
21601,400,360000,0,0,216000,360000,360000,210,21005,5,50390,106,13,206,1,0,0,207,1,0,0,208,1,0,0,209,1,21870,32718
20601,100,30000,0,0,18000,30000,30000,211,21101,1,1046,106,9,210,1,202,1,0,0,0,0,0,0,0,0,0,0,9000,1046
20601,100,60000,0,0,36000,60000,60000,211,21102,2,2764,106,10,210,2,202,1,0,0,0,0,0,0,0,0,0,0,13500,1718
20601,200,120000,0,0,72000,120000,120000,211,21103,3,5637,106,11,210,3,202,1,0,0,0,0,0,0,0,0,0,0,20250,2873
20601,200,240000,0,0,144000,240000,240000,211,21104,4,10540,106,12,210,4,202,1,202,4,0,0,0,0,0,0,0,0,30380,4903
20601,400,480000,0,0,288000,480000,480000,211,21105,5,19080,106,13,210,5,202,1,202,5,0,0,0,0,0,0,0,0,45560,8540
20701,100,30000,0,0,18000,30000,30000,212,21201,1,1046,106,9,210,1,203,1,0,0,0,0,0,0,0,0,0,0,9000,1046
20701,100,60000,0,0,36000,60000,60000,212,21202,2,2764,106,10,210,2,203,1,0,0,0,0,0,0,0,0,0,0,13500,1718
20701,200,120000,0,0,72000,120000,120000,212,21203,3,5637,106,11,210,3,203,1,0,0,0,0,0,0,0,0,0,0,20250,2873
20701,200,240000,0,0,144000,240000,240000,212,21204,4,10540,106,12,210,4,203,1,203,4,0,0,0,0,0,0,0,0,32910,4903
20701,400,480000,0,0,288000,480000,480000,212,21205,5,19080,106,13,210,5,203,1,203,5,0,0,0,0,0,0,0,0,49360,8540
20801,100,30000,0,0,18000,30000,30000,213,21301,1,1046,106,9,210,1,204,1,0,0,0,0,0,0,0,0,0,0,9000,1046
20801,100,60000,0,0,36000,60000,60000,213,21302,2,2764,106,10,210,2,204,1,0,0,0,0,0,0,0,0,0,0,13500,1718
20801,200,120000,0,0,72000,120000,120000,213,21303,3,5637,106,11,210,3,204,1,0,0,0,0,0,0,0,0,0,0,20250,2873
20801,200,240000,0,0,144000,240000,240000,213,21304,4,10540,106,12,210,4,204,1,204,4,0,0,0,0,0,0,0,0,32910,4903
20801,400,480000,0,0,288000,480000,480000,213,21305,5,19080,106,13,210,5,204,1,204,5,0,0,0,0,0,0,0,0,49360,8540
20901,100,30000,0,0,18000,30000,30000,214,21401,1,1046,106,9,210,1,205,1,0,0,0,0,0,0,0,0,0,0,9000,1046
20901,100,60000,0,0,36000,60000,60000,214,21402,2,2764,106,10,210,2,205,1,0,0,0,0,0,0,0,0,0,0,13500,1718
20901,200,120000,0,0,72000,120000,120000,214,21403,3,5637,106,11,210,3,205,1,0,0,0,0,0,0,0,0,0,0,20250,2873
20901,200,240000,0,0,144000,240000,240000,214,21404,4,10540,106,12,210,4,205,1,205,4,0,0,0,0,0,0,0,0,32910,4903
20901,400,480000,0,0,288000,480000,480000,214,21405,5,19080,106,13,210,5,205,1,205,5,0,0,0,0,0,0,0,0,49360,8540
0,0,1080000,0,0,648000,1080000,1080000,215,21501,1,19313,106,15,211,3,0,0,0,0,0,0,0,0,0,0,0,0,224640,19313
0,0,1080000,0,0,648000,1080000,1080000,216,21601,1,19313,106,15,212,3,0,0,0,0,0,0,0,0,0,0,0,0,224640,19313
0,0,1080000,0,0,648000,1080000,1080000,217,21701,1,19313,106,15,213,3,0,0,0,0,0,0,0,0,0,0,0,0,224640,19313
0,0,1080000,0,0,648000,1080000,1080000,218,21801,1,19313,106,15,214,3,0,0,0,0,0,0,0,0,0,0,0,0,224640,19313
3401,100,120000,0,0,70000,120000,120000,219,21901,1,1776,106,16,215,1,0,0,216,1,0,0,217,1,0,0,218,1,7800,1776
3401,100,180000,0,0,110000,180000,180000,219,21902,2,5364,106,17,215,1,0,0,216,1,0,0,217,1,0,0,218,1,10140,3588
3401,100,270000,0,0,160000,270000,270000,219,21903,3,13423,106,18,215,1,0,0,216,1,0,0,217,1,0,0,218,1,13180,8059
3401,200,410000,0,0,240000,410000,410000,219,21904,4,33647,106,19,215,1,0,0,216,1,0,0,217,1,0,0,218,1,17140,20224
3401,200,610000,0,0,370000,610000,610000,219,21905,5,88294,106,20,215,1,0,0,216,1,0,0,217,1,0,0,218,1,22280,54647
21101,100,230000,0,0,140000,230000,230000,220,22001,1,3132,106,16,219,1,202,1,0,0,0,0,0,0,0,0,0,0,11050,3132
21101,100,340000,0,0,200000,340000,340000,220,22002,2,7748,106,17,219,2,202,1,0,0,0,0,0,0,0,0,0,0,16580,4616
21101,200,510000,0,0,300000,510000,510000,220,22003,3,14672,106,18,219,3,202,1,0,0,0,0,0,0,0,0,0,0,24860,6924
21101,200,760000,0,0,460000,760000,760000,220,22004,4,25070,106,19,219,4,202,1,211,4,0,0,0,0,0,0,0,0,37290,10398
21101,400,1140000,0,0,680000,1140000,1140000,220,22005,5,40620,106,20,219,5,202,1,211,5,0,0,0,0,0,0,0,0,64550,15550
21201,100,230000,0,0,140000,230000,230000,221,22101,1,3132,106,16,219,1,203,1,0,0,0,0,0,0,0,0,0,0,11050,3132
21201,100,340000,0,0,200000,340000,340000,221,22102,2,7748,106,17,219,2,203,1,0,0,0,0,0,0,0,0,0,0,16580,4616
21201,200,510000,0,0,300000,510000,510000,221,22103,3,14672,106,18,219,3,203,1,0,0,0,0,0,0,0,0,0,0,24860,6924
21201,200,760000,0,0,460000,760000,760000,221,22104,4,25070,106,19,219,4,203,1,212,4,0,0,0,0,0,0,0,0,37290,10398
21201,400,1140000,0,0,680000,1140000,1140000,221,22105,5,40620,106,20,219,5,203,1,212,5,0,0,0,0,0,0,0,0,64550,15550
21301,100,230000,0,0,140000,230000,230000,222,22201,1,3132,106,16,219,1,204,1,0,0,0,0,0,0,0,0,0,0,11050,3132
21301,100,340000,0,0,200000,340000,340000,222,22202,2,7748,106,17,219,2,204,1,0,0,0,0,0,0,0,0,0,0,16580,4616
21301,200,510000,0,0,300000,510000,510000,222,22203,3,14672,106,18,219,3,204,1,0,0,0,0,0,0,0,0,0,0,24860,6924
21301,200,760000,0,0,460000,760000,760000,222,22204,4,25070,106,19,219,4,204,1,213,4,0,0,0,0,0,0,0,0,37290,10398
21301,400,1140000,0,0,680000,1140000,1140000,222,22205,5,40620,106,20,219,5,204,1,213,5,0,0,0,0,0,0,0,0,64550,15550
21401,100,230000,0,0,140000,230000,230000,223,22301,1,3132,106,16,219,1,205,1,0,0,0,0,0,0,0,0,0,0,11050,3132
21401,100,340000,0,0,200000,340000,340000,223,22302,2,7748,106,17,219,2,205,1,0,0,0,0,0,0,0,0,0,0,16580,4616
21401,200,510000,0,0,300000,510000,510000,223,22303,3,14672,106,18,219,3,205,1,0,0,0,0,0,0,0,0,0,0,24860,6924
21401,200,760000,0,0,460000,760000,760000,223,22304,4,25070,106,19,219,4,205,1,214,4,0,0,0,0,0,0,0,0,37290,10398
21401,400,1140000,0,0,680000,1140000,1140000,223,22305,5,40620,106,20,219,5,205,1,214,5,0,0,0,0,0,0,0,0,64550,15550
0,0,1500000,0,0,900000,1500000,1500000,224,22401,1,58024,106,21,220,3,0,0,0,0,0,0,0,0,0,0,0,0,1382400,58024
0,0,1500000,0,0,900000,1500000,1500000,225,22501,1,58024,106,21,221,3,0,0,0,0,0,0,0,0,0,0,0,0,1382400,58024
0,0,1500000,0,0,900000,1500000,1500000,226,22601,1,58024,106,21,222,3,0,0,0,0,0,0,0,0,0,0,0,0,1382400,58024
0,0,1500000,0,0,900000,1500000,1500000,227,22701,1,58024,106,21,223,3,0,0,0,0,0,0,0,0,0,0,0,0,1382400,58024
3901,100,280000,0,0,200000,280000,280000,228,22801,1,3718,106,21,224,1,0,0,225,1,0,0,226,1,0,0,227,1,12800,3718
3901,100,390000,0,0,280000,390000,390000,228,22802,2,8989,106,21,224,1,0,0,225,1,0,0,226,1,0,0,227,1,19200,5271
3901,100,550000,0,0,390000,550000,550000,228,22803,3,16507,106,21,224,1,0,0,225,1,0,0,226,1,0,0,227,1,28800,7518
3901,100,770000,0,0,550000,770000,770000,228,22804,4,27231,106,21,224,1,0,0,225,1,0,0,226,1,0,0,227,1,43200,10724
3901,200,1080000,0,0,770000,1080000,1080000,228,22805,5,42528,106,22,224,1,0,0,225,1,0,0,226,1,0,0,227,1,64800,15297
3901,200,1510000,0,0,1080000,1510000,1510000,228,22806,6,64344,106,22,224,1,0,0,225,1,0,0,226,1,0,0,227,1,97200,21816
3901,200,2110000,0,0,1510000,2110000,2110000,228,22807,7,95457,106,22,224,1,0,0,225,1,0,0,226,1,0,0,227,1,145800,31113
3901,300,2950000,0,0,2110000,2950000,2950000,228,22808,8,139879,106,22,224,1,0,0,225,1,0,0,226,1,0,0,227,1,218700,44422
3901,300,4130000,0,0,2950000,4130000,4130000,228,22809,9,203417,106,22,224,1,0,0,225,1,0,0,226,1,0,0,227,1,328050,63538
3901,400,5790000,0,0,4130000,5790000,5790000,228,22810,10,294478,106,23,224,1,0,0,225,1,0,0,226,1,0,0,227,1,492080,91061
20520,100,420000,0,0,300000,420000,420000,229,22901,1,6026,106,22,228,1,0,0,0,0,0,0,0,0,0,0,0,0,26400,6026
20520,100,590000,0,0,420000,590000,590000,229,22902,2,15467,106,22,228,2,0,0,0,0,0,0,0,0,0,0,0,0,52800,9441
20520,100,820000,0,0,590000,820000,820000,229,22903,3,30632,106,22,228,3,0,0,0,0,0,0,0,0,0,0,0,0,105600,15165
20520,100,1150000,0,0,820000,1150000,1150000,229,22904,4,55808,106,22,228,4,0,0,0,0,0,0,0,0,0,0,0,0,211200,25176
20520,200,1610000,0,0,1150000,1610000,1610000,229,22905,5,98984,106,23,228,5,0,0,0,0,0,0,0,0,0,0,0,0,422400,43176
20520,200,2260000,0,0,1610000,2260000,2260000,229,22906,6,175313,106,23,228,6,0,0,0,0,0,0,0,0,0,0,0,0,844800,76329
20520,200,3160000,0,0,2260000,3160000,3160000,229,22907,7,313854,106,23,228,7,0,0,0,0,0,0,0,0,0,0,0,0,1689600,138541
20520,300,4430000,0,0,3160000,4430000,4430000,229,22908,8,571195,106,23,228,8,0,0,0,0,0,0,0,0,0,0,0,0,3379200,257341
20520,300,6200000,0,0,4430000,6200000,6200000,229,22909,9,1058207,106,23,228,9,0,0,0,0,0,0,0,0,0,0,0,0,6758400,487012
20520,400,8680000,0,0,6200000,8680000,8680000,229,22910,10,1993454,106,24,228,10,0,0,0,0,0,0,0,0,0,0,0,0,13516800,935247
21021,100,420000,0,0,300000,420000,420000,230,23001,1,6026,106,22,228,1,0,0,0,0,0,0,0,0,0,0,0,0,26400,6026
21021,100,590000,0,0,420000,590000,590000,230,23002,2,15467,106,22,228,2,0,0,0,0,0,0,0,0,0,0,0,0,52800,9441
21021,100,820000,0,0,590000,820000,820000,230,23003,3,30632,106,22,228,3,0,0,0,0,0,0,0,0,0,0,0,0,105600,15165
21021,100,1150000,0,0,820000,1150000,1150000,230,23004,4,55808,106,22,228,4,0,0,0,0,0,0,0,0,0,0,0,0,211200,25176
21021,200,1610000,0,0,1150000,1610000,1610000,230,23005,5,98984,106,23,228,5,0,0,0,0,0,0,0,0,0,0,0,0,422400,43176
21021,200,2260000,0,0,1610000,2260000,2260000,230,23006,6,175313,106,23,228,6,0,0,0,0,0,0,0,0,0,0,0,0,844800,76329
21021,200,3160000,0,0,2260000,3160000,3160000,230,23007,7,313854,106,23,228,7,0,0,0,0,0,0,0,0,0,0,0,0,1689600,138541
21021,300,4430000,0,0,3160000,4430000,4430000,230,23008,8,571195,106,23,228,8,0,0,0,0,0,0,0,0,0,0,0,0,3379200,257341
21021,300,6200000,0,0,4430000,6200000,6200000,230,23009,9,1058207,106,23,228,9,0,0,0,0,0,0,0,0,0,0,0,0,6758400,487012
21021,400,8680000,0,0,6200000,8680000,8680000,230,23010,10,1993454,106,24,228,10,0,0,0,0,0,0,0,0,0,0,0,0,13516800,935247
21601,100,490000,0,0,350000,490000,490000,231,23101,1,6056,106,23,229,1,0,0,230,1,0,0,0,0,0,0,0,0,15200,6056
21601,100,690000,0,0,490000,690000,690000,231,23102,2,14657,106,23,229,2,0,0,230,2,0,0,0,0,0,0,0,0,22800,8601
21601,100,960000,0,0,690000,960000,960000,231,23103,3,26818,106,23,229,3,0,0,230,3,0,0,0,0,0,0,0,0,34200,12161
21601,100,1340000,0,0,960000,1340000,1340000,231,23104,4,44001,106,23,229,4,0,0,230,4,0,0,0,0,0,0,0,0,51300,17183
21601,200,1880000,0,0,1340000,1880000,1880000,231,23105,5,68387,106,23,229,5,0,0,230,5,0,0,0,0,0,0,0,0,76950,24386
21601,200,2640000,0,0,1880000,2640000,2640000,231,23106,6,103083,106,23,229,6,0,0,230,6,0,0,0,0,0,0,0,0,115430,34696
21601,200,3690000,0,0,2640000,3690000,3690000,231,23107,7,152375,106,24,229,7,0,0,230,7,0,0,0,0,0,0,0,0,173140,49292
21601,300,5170000,0,0,3690000,5170000,5170000,231,23108,8,222466,106,24,229,8,0,0,230,8,0,0,0,0,0,0,0,0,259720,70091
21601,300,7230000,0,0,5170000,7230000,7230000,231,23109,9,322178,106,24,229,9,0,0,230,9,0,0,0,0,0,0,0,0,389580,99712
21601,400,10120000,0,0,7230000,10120000,10120000,231,23110,10,464158,106,24,229,10,0,0,230,10,0,0,0,0,0,0,0,0,584360,141980
0,0,7500000,0,0,5000000,7500000,7500000,232,23201,1,162871,106,25,231,5,0,0,0,0,0,0,0,0,0,0,0,0,2764800,162871
0,0,7500000,0,0,5000000,7500000,7500000,233,23301,1,162871,106,25,231,5,0,0,0,0,0,0,0,0,0,0,0,0,2764800,162871
0,0,7500000,0,0,5000000,7500000,7500000,234,23401,1,162871,106,25,231,5,0,0,0,0,0,0,0,0,0,0,0,0,2764800,162871
0,0,7500000,0,0,5000000,7500000,7500000,235,23501,1,162871,106,25,231,5,0,0,0,0,0,0,0,0,0,0,0,0,2764800,162871
5001,100,600000,0,0,400000,600000,600000,236,23601,1,7168,106,26,232,1,0,0,233,1,0,0,234,1,0,0,235,1,16800,7168
5001,100,840000,0,0,560000,840000,840000,236,23602,2,17833,106,26,232,1,0,0,233,1,0,0,234,1,0,0,235,1,33600,10665
5001,100,1180000,0,0,780000,1180000,1180000,236,23603,3,34033,106,26,232,1,0,0,233,1,0,0,234,1,0,0,235,1,67200,16200
5001,100,1650000,0,0,1100000,1650000,1650000,236,23604,4,59257,106,27,232,1,0,0,233,1,0,0,234,1,0,0,235,1,134400,25224
5001,200,2300000,0,0,1540000,2300000,2300000,236,23605,5,99539,106,27,232,1,0,0,233,1,0,0,234,1,0,0,235,1,268800,40282
5001,200,3230000,0,0,2150000,3230000,3230000,236,23606,6,166057,106,27,232,1,0,0,233,1,0,0,234,1,0,0,235,1,537600,66518
5001,200,4520000,0,0,3010000,4520000,4520000,236,23607,7,279328,106,28,232,1,0,0,233,1,0,0,234,1,0,0,235,1,1075200,113271
5001,300,6320000,0,0,4220000,6320000,6320000,236,23608,8,478199,106,28,232,1,0,0,233,1,0,0,234,1,0,0,235,1,2150400,198871
5001,300,8850000,0,0,5900000,8850000,8850000,236,23609,9,837234,106,28,232,1,0,0,233,1,0,0,234,1,0,0,235,1,4300800,359035
5001,400,12400000,0,0,8260000,12400000,12400000,236,23610,10,1501234,106,29,232,1,0,0,233,1,0,0,234,1,0,0,235,1,8601600,664000
20101,100,650000,0,0,450000,650000,650000,237,23701,1,7806,106,26,236,1,202,1,231,6,0,0,0,0,0,0,0,0,16800,7806
20101,100,950000,0,0,650000,950000,950000,237,23702,2,19771,106,26,236,1,202,1,231,7,0,0,0,0,0,0,0,0,33600,11965
20101,200,1370000,0,0,950000,1370000,1370000,237,23703,3,38312,106,26,236,2,202,1,231,8,0,0,0,0,0,0,0,0,67200,18541
20101,200,1990000,0,0,1370000,1990000,1990000,237,23704,4,67606,106,27,236,2,202,1,231,9,0,0,0,0,0,0,0,0,134400,29294
20101,300,2880000,0,0,1990000,2880000,2880000,237,23705,5,114900,106,27,236,3,202,1,231,10,0,0,0,0,0,0,0,0,268800,47294
20101,400,4180000,0,0,2880000,4180000,4180000,237,23706,6,193159,106,27,236,4,202,1,0,0,0,0,0,0,0,0,0,0,537600,78259
20101,400,6060000,0,0,4180000,6060000,6060000,237,23707,7,326006,106,28,236,5,202,1,0,0,0,0,0,0,0,0,0,0,1075200,132847
20101,500,8790000,0,0,6060000,8790000,8790000,237,23708,8,557371,106,28,236,6,202,1,0,0,0,0,0,0,0,0,0,0,2150400,231365
20101,600,12750000,0,0,8790000,12750000,12750000,237,23709,9,970336,106,28,236,7,202,1,220,4,0,0,0,0,0,0,0,0,4300800,412965
20101,700,18490000,0,0,12750000,18490000,18490000,237,23710,10,1667734,106,29,236,8,202,1,220,5,0,0,0,0,0,0,0,0,7741440,697398
20201,100,650000,0,0,450000,650000,650000,238,23801,1,7806,106,26,236,1,203,1,231,6,0,0,0,0,0,0,0,0,16800,7806
20201,100,950000,0,0,650000,950000,950000,238,23802,2,19771,106,26,236,1,203,1,231,7,0,0,0,0,0,0,0,0,33600,11965
20201,200,1370000,0,0,950000,1370000,1370000,238,23803,3,38312,106,26,236,2,203,1,231,8,0,0,0,0,0,0,0,0,67200,18541
20201,200,1990000,0,0,1370000,1990000,1990000,238,23804,4,67606,106,27,236,2,203,1,231,9,0,0,0,0,0,0,0,0,134400,29294
20201,300,2880000,0,0,1990000,2880000,2880000,238,23805,5,114900,106,27,236,3,203,1,231,10,0,0,0,0,0,0,0,0,268800,47294
20201,400,4180000,0,0,2880000,4180000,4180000,238,23806,6,193159,106,27,236,4,203,1,0,0,0,0,0,0,0,0,0,0,537600,78259
20201,400,6060000,0,0,4180000,6060000,6060000,238,23807,7,326006,106,28,236,5,203,1,0,0,0,0,0,0,0,0,0,0,1075200,132847
20201,500,8790000,0,0,6060000,8790000,8790000,238,23808,8,557371,106,28,236,6,203,1,0,0,0,0,0,0,0,0,0,0,2150400,231365
20201,600,12750000,0,0,8790000,12750000,12750000,238,23809,9,970336,106,28,236,7,203,1,221,4,0,0,0,0,0,0,0,0,4300800,412965
20201,700,18490000,0,0,12750000,18490000,18490000,238,23810,10,1667734,106,29,236,8,203,1,221,5,0,0,0,0,0,0,0,0,7741440,697398
20301,100,650000,0,0,450000,650000,650000,239,23901,1,7806,106,26,236,1,204,1,231,6,0,0,0,0,0,0,0,0,16800,7806
20301,100,950000,0,0,650000,950000,950000,239,23902,2,19771,106,26,236,1,204,1,231,7,0,0,0,0,0,0,0,0,33600,11965
20301,200,1370000,0,0,950000,1370000,1370000,239,23903,3,38312,106,26,236,2,204,1,231,8,0,0,0,0,0,0,0,0,67200,18541
20301,200,1990000,0,0,1370000,1990000,1990000,239,23904,4,67606,106,27,236,2,204,1,231,9,0,0,0,0,0,0,0,0,134400,29294
20301,300,2880000,0,0,1990000,2880000,2880000,239,23905,5,114900,106,27,236,3,204,1,231,10,0,0,0,0,0,0,0,0,268800,47294
20301,400,4180000,0,0,2880000,4180000,4180000,239,23906,6,193159,106,27,236,4,204,1,0,0,0,0,0,0,0,0,0,0,537600,78259
20301,400,6060000,0,0,4180000,6060000,6060000,239,23907,7,326006,106,28,236,5,204,1,0,0,0,0,0,0,0,0,0,0,1075200,132847
20301,500,8790000,0,0,6060000,8790000,8790000,239,23908,8,557371,106,28,236,6,204,1,0,0,0,0,0,0,0,0,0,0,2150400,231365
20301,600,12750000,0,0,8790000,12750000,12750000,239,23909,9,970336,106,28,236,7,204,1,222,4,0,0,0,0,0,0,0,0,4300800,412965
20301,700,18490000,0,0,12750000,18490000,18490000,239,23910,10,1667734,106,29,236,8,204,1,222,5,0,0,0,0,0,0,0,0,7741440,697398
20401,100,650000,0,0,450000,650000,650000,240,24001,1,7806,106,26,236,1,205,1,231,6,0,0,0,0,0,0,0,0,16800,7806
20401,100,950000,0,0,650000,950000,950000,240,24002,2,19771,106,26,236,1,205,1,231,7,0,0,0,0,0,0,0,0,33600,11965
20401,200,1370000,0,0,950000,1370000,1370000,240,24003,3,38312,106,26,236,2,205,1,231,8,0,0,0,0,0,0,0,0,67200,18541
20401,200,1990000,0,0,1370000,1990000,1990000,240,24004,4,67606,106,27,236,2,205,1,231,9,0,0,0,0,0,0,0,0,134400,29294
20401,300,2880000,0,0,1990000,2880000,2880000,240,24005,5,114900,106,27,236,3,205,1,231,10,0,0,0,0,0,0,0,0,268800,47294
20401,400,4180000,0,0,2880000,4180000,4180000,240,24006,6,193159,106,27,236,4,205,1,0,0,0,0,0,0,0,0,0,0,537600,78259
20401,400,6060000,0,0,4180000,6060000,6060000,240,24007,7,326006,106,28,236,5,205,1,0,0,0,0,0,0,0,0,0,0,1075200,132847
20401,500,8790000,0,0,6060000,8790000,8790000,240,24008,8,557371,106,28,236,6,205,1,0,0,0,0,0,0,0,0,0,0,2150400,231365
20401,600,12750000,0,0,8790000,12750000,12750000,240,24009,9,970336,106,28,236,7,205,1,223,4,0,0,0,0,0,0,0,0,4300800,412965
20401,700,18490000,0,0,12750000,18490000,18490000,240,24010,10,1667734,106,29,236,8,205,1,223,5,0,0,0,0,0,0,0,0,7741440,697398
20601,100,650000,0,0,450000,650000,650000,241,24101,1,7806,106,26,237,1,202,1,0,0,0,0,0,0,0,0,0,0,16800,7806
20601,100,950000,0,0,650000,950000,950000,241,24102,2,19771,106,26,237,1,202,1,0,0,0,0,0,0,0,0,0,0,33600,11965
20601,200,1370000,0,0,950000,1370000,1370000,241,24103,3,38312,106,26,237,1,202,1,0,0,0,0,0,0,0,0,0,0,67200,18541
20601,200,1990000,0,0,1370000,1990000,1990000,241,24104,4,67606,106,27,237,2,202,1,0,0,0,0,0,0,0,0,0,0,134400,29294
20601,300,2880000,0,0,1990000,2880000,2880000,241,24105,5,114900,106,27,237,2,202,1,0,0,0,0,0,0,0,0,0,0,268800,47294
20601,400,4180000,0,0,2880000,4180000,4180000,241,24106,6,193159,106,27,237,3,202,1,0,0,0,0,0,0,0,0,0,0,537600,78259
20601,400,6060000,0,0,4180000,6060000,6060000,241,24107,7,326006,106,28,237,4,202,1,0,0,0,0,0,0,0,0,0,0,1075200,132847
20601,500,8790000,0,0,6060000,8790000,8790000,241,24108,8,557371,106,28,237,5,202,1,0,0,0,0,0,0,0,0,0,0,2150400,231365
20601,600,12750000,0,0,8790000,12750000,12750000,241,24109,9,970336,106,28,237,6,202,1,236,9,0,0,0,0,0,0,0,0,4300800,412965
20601,700,18490000,0,0,12750000,18490000,18490000,241,24110,10,1667734,106,29,237,7,202,1,236,10,0,0,0,0,0,0,0,0,7741440,697398
20701,100,650000,0,0,450000,650000,650000,242,24201,1,7806,106,26,238,1,203,1,0,0,0,0,0,0,0,0,0,0,16800,7806
20701,100,950000,0,0,650000,950000,950000,242,24202,2,19771,106,26,238,1,203,1,0,0,0,0,0,0,0,0,0,0,33600,11965
20701,200,1370000,0,0,950000,1370000,1370000,242,24203,3,38312,106,26,238,1,203,1,0,0,0,0,0,0,0,0,0,0,67200,18541
20701,200,1990000,0,0,1370000,1990000,1990000,242,24204,4,67606,106,27,238,2,203,1,0,0,0,0,0,0,0,0,0,0,134400,29294
20701,300,2880000,0,0,1990000,2880000,2880000,242,24205,5,114900,106,27,238,2,203,1,0,0,0,0,0,0,0,0,0,0,268800,47294
20701,400,4180000,0,0,2880000,4180000,4180000,242,24206,6,193159,106,27,238,3,203,1,0,0,0,0,0,0,0,0,0,0,537600,78259
20701,400,6060000,0,0,4180000,6060000,6060000,242,24207,7,326006,106,28,238,4,203,1,0,0,0,0,0,0,0,0,0,0,1075200,132847
20701,500,8790000,0,0,6060000,8790000,8790000,242,24208,8,557371,106,28,238,5,203,1,0,0,0,0,0,0,0,0,0,0,2150400,231365
20701,600,12750000,0,0,8790000,12750000,12750000,242,24209,9,970336,106,28,238,6,203,1,236,9,0,0,0,0,0,0,0,0,4300800,412965
20701,700,18490000,0,0,12750000,18490000,18490000,242,24210,10,1667734,106,29,238,7,203,1,236,10,0,0,0,0,0,0,0,0,7741440,697398
20801,100,650000,0,0,450000,650000,650000,243,24301,1,7806,106,26,239,1,204,1,0,0,0,0,0,0,0,0,0,0,16800,7806
20801,100,950000,0,0,650000,950000,950000,243,24302,2,19771,106,26,239,1,204,1,0,0,0,0,0,0,0,0,0,0,33600,11965
20801,200,1370000,0,0,950000,1370000,1370000,243,24303,3,38312,106,26,239,1,204,1,0,0,0,0,0,0,0,0,0,0,67200,18541
20801,200,1990000,0,0,1370000,1990000,1990000,243,24304,4,67606,106,27,239,2,204,1,0,0,0,0,0,0,0,0,0,0,134400,29294
20801,300,2880000,0,0,1990000,2880000,2880000,243,24305,5,114900,106,27,239,2,204,1,0,0,0,0,0,0,0,0,0,0,268800,47294
20801,400,4180000,0,0,2880000,4180000,4180000,243,24306,6,193159,106,27,239,3,204,1,0,0,0,0,0,0,0,0,0,0,537600,78259
20801,400,6060000,0,0,4180000,6060000,6060000,243,24307,7,326006,106,28,239,4,204,1,0,0,0,0,0,0,0,0,0,0,1075200,132847
20801,500,8790000,0,0,6060000,8790000,8790000,243,24308,8,557371,106,28,239,5,204,1,0,0,0,0,0,0,0,0,0,0,2150400,231365
20801,600,12750000,0,0,8790000,12750000,12750000,243,24309,9,970336,106,28,239,6,204,1,236,9,0,0,0,0,0,0,0,0,4300800,412965
20801,700,18490000,0,0,12750000,18490000,18490000,243,24310,10,1667734,106,29,239,7,204,1,236,10,0,0,0,0,0,0,0,0,7741440,697398
20901,100,650000,0,0,450000,650000,650000,244,24401,1,7806,106,26,240,1,205,1,0,0,0,0,0,0,0,0,0,0,16800,7806
20901,100,950000,0,0,650000,950000,950000,244,24402,2,19771,106,26,240,1,205,1,0,0,0,0,0,0,0,0,0,0,33600,11965
20901,200,1370000,0,0,950000,1370000,1370000,244,24403,3,38312,106,26,240,1,205,1,0,0,0,0,0,0,0,0,0,0,67200,18541
20901,200,1990000,0,0,1370000,1990000,1990000,244,24404,4,67606,106,27,240,2,205,1,0,0,0,0,0,0,0,0,0,0,134400,29294
20901,300,2880000,0,0,1990000,2880000,2880000,244,24405,5,114900,106,27,240,2,205,1,0,0,0,0,0,0,0,0,0,0,268800,47294
20901,400,4180000,0,0,2880000,4180000,4180000,244,24406,6,193159,106,27,240,3,205,1,0,0,0,0,0,0,0,0,0,0,537600,78259
20901,400,6060000,0,0,4180000,6060000,6060000,244,24407,7,326006,106,28,240,4,205,1,0,0,0,0,0,0,0,0,0,0,1075200,132847
20901,500,8790000,0,0,6060000,8790000,8790000,244,24408,8,557371,106,28,240,5,205,1,0,0,0,0,0,0,0,0,0,0,2150400,231365
20901,600,12750000,0,0,8790000,12750000,12750000,244,24409,9,970336,106,28,240,6,205,1,236,9,0,0,0,0,0,0,0,0,4300800,412965
20901,700,18490000,0,0,12750000,18490000,18490000,244,24410,10,1667734,106,29,240,7,205,1,236,10,0,0,0,0,0,0,0,0,7741440,697398
21101,100,650000,0,0,450000,650000,650000,245,24501,1,7806,106,27,241,1,202,1,0,0,0,0,0,0,0,0,0,0,19200,7806
21101,100,950000,0,0,650000,950000,950000,245,24502,2,19771,106,27,241,2,202,1,0,0,0,0,0,0,0,0,0,0,38400,11965
21101,100,1370000,0,0,950000,1370000,1370000,245,24503,3,38312,106,27,241,3,202,1,0,0,0,0,0,0,0,0,0,0,76800,18541
21101,200,1990000,0,0,1370000,1990000,1990000,245,24504,4,67606,106,28,241,4,202,1,0,0,0,0,0,0,0,0,0,0,153600,29294
21101,300,2880000,0,0,1990000,2880000,2880000,245,24505,5,114900,106,28,241,5,202,1,0,0,0,0,0,0,0,0,0,0,307200,47294
21101,300,4180000,0,0,2880000,4180000,4180000,245,24506,6,193159,106,28,241,6,202,1,0,0,0,0,0,0,0,0,0,0,614400,78259
21101,400,6060000,0,0,4180000,6060000,6060000,245,24507,7,326006,106,29,241,7,202,1,0,0,0,0,0,0,0,0,0,0,1228800,132847
21101,400,8790000,0,0,6060000,8790000,8790000,245,24508,8,557371,106,29,241,8,202,1,237,8,0,0,0,0,0,0,0,0,2457600,231365
21101,500,12750000,0,0,8790000,12750000,12750000,245,24509,9,970336,106,29,241,9,202,1,237,9,0,0,0,0,0,0,0,0,4915200,412965
21101,600,18490000,0,0,12750000,18490000,18490000,245,24510,10,1667734,106,30,241,10,202,1,237,10,0,0,28,10,0,0,0,0,8847360,697398
21201,100,650000,0,0,450000,650000,650000,246,24601,1,7806,106,27,242,1,203,1,0,0,0,0,0,0,0,0,0,0,19200,7806
21201,100,950000,0,0,650000,950000,950000,246,24602,2,19771,106,27,242,2,203,1,0,0,0,0,0,0,0,0,0,0,38400,11965
21201,100,1370000,0,0,950000,1370000,1370000,246,24603,3,38312,106,27,242,3,203,1,0,0,0,0,0,0,0,0,0,0,76800,18541
21201,200,1990000,0,0,1370000,1990000,1990000,246,24604,4,67606,106,28,242,4,203,1,0,0,0,0,0,0,0,0,0,0,153600,29294
21201,300,2880000,0,0,1990000,2880000,2880000,246,24605,5,114900,106,28,242,5,203,1,0,0,0,0,0,0,0,0,0,0,307200,47294
21201,300,4180000,0,0,2880000,4180000,4180000,246,24606,6,193159,106,28,242,6,203,1,0,0,0,0,0,0,0,0,0,0,614400,78259
21201,400,6060000,0,0,4180000,6060000,6060000,246,24607,7,326006,106,29,242,7,203,1,0,0,0,0,0,0,0,0,0,0,1228800,132847
21201,400,8790000,0,0,6060000,8790000,8790000,246,24608,8,557371,106,29,242,8,203,1,238,8,0,0,0,0,0,0,0,0,2457600,231365
21201,500,12750000,0,0,8790000,12750000,12750000,246,24609,9,970336,106,29,242,9,203,1,238,9,0,0,0,0,0,0,0,0,4915200,412965
21201,600,18490000,0,0,12750000,18490000,18490000,246,24610,10,1667734,106,30,242,10,203,1,238,10,0,0,28,10,0,0,0,0,8847360,697398
21301,100,650000,0,0,450000,650000,650000,247,24701,1,7806,106,27,243,1,204,1,0,0,0,0,0,0,0,0,0,0,19200,7806
21301,100,950000,0,0,650000,950000,950000,247,24702,2,19771,106,27,243,2,204,1,0,0,0,0,0,0,0,0,0,0,38400,11965
21301,100,1370000,0,0,950000,1370000,1370000,247,24703,3,38312,106,27,243,3,204,1,0,0,0,0,0,0,0,0,0,0,76800,18541
21301,200,1990000,0,0,1370000,1990000,1990000,247,24704,4,67606,106,28,243,4,204,1,0,0,0,0,0,0,0,0,0,0,153600,29294
21301,300,2880000,0,0,1990000,2880000,2880000,247,24705,5,114900,106,28,243,5,204,1,0,0,0,0,0,0,0,0,0,0,307200,47294
21301,300,4180000,0,0,2880000,4180000,4180000,247,24706,6,193159,106,28,243,6,204,1,0,0,0,0,0,0,0,0,0,0,614400,78259
21301,400,6060000,0,0,4180000,6060000,6060000,247,24707,7,326006,106,29,243,7,204,1,0,0,0,0,0,0,0,0,0,0,1228800,132847
21301,400,8790000,0,0,6060000,8790000,8790000,247,24708,8,557371,106,29,243,8,204,1,239,8,0,0,0,0,0,0,0,0,2457600,231365
21301,500,12750000,0,0,8790000,12750000,12750000,247,24709,9,970336,106,29,243,9,204,1,239,9,0,0,0,0,0,0,0,0,4915200,412965
21301,600,18490000,0,0,12750000,18490000,18490000,247,24710,10,1667734,106,30,243,10,204,1,239,10,0,0,28,10,0,0,0,0,8847360,697398
21401,100,650000,0,0,450000,650000,650000,248,24801,1,7806,106,27,244,1,205,1,0,0,0,0,0,0,0,0,0,0,19200,7806
21401,100,950000,0,0,650000,950000,950000,248,24802,2,19771,106,27,244,2,205,1,0,0,0,0,0,0,0,0,0,0,38400,11965
21401,100,1370000,0,0,950000,1370000,1370000,248,24803,3,38312,106,27,244,3,205,1,0,0,0,0,0,0,0,0,0,0,76800,18541
21401,200,1990000,0,0,1370000,1990000,1990000,248,24804,4,67606,106,28,244,4,205,1,0,0,0,0,0,0,0,0,0,0,153600,29294
21401,300,2880000,0,0,1990000,2880000,2880000,248,24805,5,114900,106,28,244,5,205,1,0,0,0,0,0,0,0,0,0,0,307200,47294
21401,300,4180000,0,0,2880000,4180000,4180000,248,24806,6,193159,106,28,244,6,205,1,0,0,0,0,0,0,0,0,0,0,614400,78259
21401,400,6060000,0,0,4180000,6060000,6060000,248,24807,7,326006,106,29,244,7,205,1,0,0,0,0,0,0,0,0,0,0,1228800,132847
21401,400,8790000,0,0,6060000,8790000,8790000,248,24808,8,557371,106,29,244,8,205,1,240,8,0,0,0,0,0,0,0,0,2457600,231365
21401,500,12750000,0,0,8790000,12750000,12750000,248,24809,9,970336,106,29,244,9,205,1,240,9,0,0,0,0,0,0,0,0,4915200,412965
21401,600,18490000,0,0,12750000,18490000,18490000,248,24810,10,1667734,106,30,244,10,205,1,240,10,0,0,28,10,0,0,0,0,8847360,697398
0,0,15000000,0,0,10000000,15000000,15000000,249,24901,1,639144,106,30,245,10,0,0,0,0,0,0,0,0,0,0,0,0,8000000,639144
0,0,15000000,0,0,10000000,15000000,15000000,250,25001,1,639144,106,30,246,10,0,0,0,0,0,0,0,0,0,0,0,0,8000000,639144
0,0,15000000,0,0,10000000,15000000,15000000,251,25101,1,639144,106,30,247,10,0,0,0,0,0,0,0,0,0,0,0,0,8000000,639144
0,0,15000000,0,0,10000000,15000000,15000000,252,25201,1,639144,106,30,248,10,0,0,0,0,0,0,0,0,0,0,0,0,8000000,639144
