category,clear_limit_type,clear_limit_value,event_id,goal_id,goal_tab,goal_type,goal_value,param_type1,param_type2,param_val1,param_val2,point_base_val,point_group_id,rank_type,success_rate,type,user_group_id
4,2,1,110001,11000101,0,0,1000,0,0,0,0,1,1,0,100,2,0
4,2,1,110001,11000102,0,0,3000,0,0,0,0,1,1,0,100,2,0
4,2,1,110001,11000103,0,0,6000,0,0,0,0,1,1,0,100,2,0
4,2,1,110001,11000104,0,0,12000,0,0,0,0,1,1,0,100,2,0
8,2,1,110001,11000105,0,0,5,0,0,0,0,1,1,0,100,15,0
8,2,1,110001,11000106,0,0,10,0,0,0,0,1,1,0,100,15,0
8,2,1,110001,11000107,0,0,15,0,0,0,0,1,1,0,100,15,0
5,2,1,110002,11000201,0,0,5,1,11,1,1,1,1,0,100,2,0
5,2,1,110002,11000202,0,0,10,1,11,1,1,1,1,0,100,2,0
5,2,1,110002,11000203,0,0,15,1,11,1,1,1,1,0,100,2,0
19,2,1,110002,11000204,0,0,1,0,0,0,0,1,1,0,100,1,0
19,2,1,110002,11000205,0,0,3,0,0,0,0,1,1,0,100,1,0
19,2,1,110002,11000206,0,0,2,0,0,0,0,1,1,0,100,2,0
7,2,1,110003,11000301,0,0,100000,0,0,0,0,1,1,0,100,5,0
7,2,1,110003,11000302,0,0,300000,0,0,0,0,1,1,0,100,5,0
7,2,1,110003,11000303,0,0,500000,0,0,0,0,1,1,0,100,5,0
11,2,1,110003,11000304,0,0,3,0,0,0,0,1,1,0,100,2,0
11,2,1,110003,11000305,0,0,10,0,0,0,0,1,1,0,100,2,0
11,2,1,110003,11000306,0,0,15,0,0,0,0,1,1,0,100,2,0
9,2,1,110004,11000401,0,0,5,0,0,0,0,1,1,0,100,8,0
9,2,1,110004,11000402,0,0,20,0,0,0,0,1,1,0,100,8,0
9,2,1,110004,11000403,0,0,40,0,0,0,0,1,1,0,100,8,0
5,2,1,110004,11000404,0,0,1,1,11,11,1,1,1,0,100,2,0
5,2,1,110004,11000405,0,0,3,1,11,11,1,1,1,0,100,2,0
5,2,1,110004,11000406,0,0,5,1,11,11,1,1,1,0,100,2,0
1,2,1,110005,11000501,0,0,1000,7,0,0,0,1,1,0,100,2,1101
1,2,1,110005,11000502,0,0,2000,7,0,0,0,1,1,0,100,2,1101
1,2,1,110005,11000503,0,0,3000,7,0,0,0,1,1,0,100,2,1101
1,2,1,110005,11000504,0,0,4000,7,0,0,0,1,1,0,100,2,1101
1,2,1,110005,11000505,0,0,6000,7,0,0,0,1,1,0,100,2,1101
1,2,1,110005,11000506,0,0,9000,7,0,0,0,1,1,0,100,2,1101
1,2,1,110005,11000507,0,0,6000,7,0,0,0,1,1,0,100,2,1102
1,2,1,110005,11000508,0,0,12000,7,0,0,0,1,1,0,100,2,1102
1,2,1,110005,11000509,0,0,18000,7,0,0,0,1,1,0,100,2,1102
1,2,1,110005,11000510,0,0,24000,7,0,0,0,1,1,0,100,2,1102
1,2,1,110005,11000511,0,0,36000,7,0,0,0,1,1,0,100,2,1102
1,2,1,110005,11000512,0,0,54000,7,0,0,0,1,1,0,100,2,1102
1,2,1,110005,11000513,0,0,10000,7,0,0,0,1,1,0,100,2,1103
1,2,1,110005,11000514,0,0,20000,7,0,0,0,1,1,0,100,2,1103
1,2,1,110005,11000515,0,0,30000,7,0,0,0,1,1,0,100,2,1103
1,2,1,110005,11000516,0,0,40000,7,0,0,0,1,1,0,100,2,1103
1,2,1,110005,11000517,0,0,60000,7,0,0,0,1,1,0,100,2,1103
1,2,1,110005,11000518,0,0,90000,7,0,0,0,1,1,0,100,2,1103
1,2,1,110005,11000519,0,0,20000,7,0,0,0,1,1,0,100,2,1104
1,2,1,110005,11000520,0,0,40000,7,0,0,0,1,1,0,100,2,1104
1,2,1,110005,11000521,0,0,60000,7,0,0,0,1,1,0,100,2,1104
1,2,1,110005,11000522,0,0,90000,7,0,0,0,1,1,0,100,2,1104
1,2,1,110005,11000523,0,0,120000,7,0,0,0,1,1,0,100,2,1104
1,2,1,110005,11000524,0,0,180000,7,0,0,0,1,1,0,100,2,1104
1,2,1,110005,11000525,0,0,40000,7,0,0,0,1,1,0,100,2,1105
1,2,1,110005,11000526,0,0,80000,7,0,0,0,1,1,0,100,2,1105
1,2,1,110005,11000527,0,0,120000,7,0,0,0,1,1,0,100,2,1105
1,2,1,110005,11000528,0,0,180000,7,0,0,0,1,1,0,100,2,1105
1,2,1,110005,11000529,0,0,240000,7,0,0,0,1,1,0,100,2,1105
1,2,1,110005,11000530,0,0,360000,7,0,0,0,1,1,0,100,2,1105
1,2,1,110006,11000601,0,0,3000,7,0,0,0,1,1,0,100,2,1101
1,2,1,110006,11000602,0,0,6000,7,0,0,0,1,1,0,100,2,1101
1,2,1,110006,11000603,0,0,9000,7,0,0,0,1,1,0,100,2,1101
1,2,1,110006,11000604,0,0,12000,7,0,0,0,1,1,0,100,2,1101
1,2,1,110006,11000605,0,0,15000,7,0,0,0,1,1,0,100,2,1101
1,2,1,110006,11000606,0,0,18000,7,0,0,0,1,1,0,100,2,1102
1,2,1,110006,11000607,0,0,36000,7,0,0,0,1,1,0,100,2,1102
1,2,1,110006,11000608,0,0,54000,7,0,0,0,1,1,0,100,2,1102
1,2,1,110006,11000609,0,0,72000,7,0,0,0,1,1,0,100,2,1102
1,2,1,110006,11000610,0,0,90000,7,0,0,0,1,1,0,100,2,1102
1,2,1,110006,11000611,0,0,30000,7,0,0,0,1,1,0,100,2,1103
1,2,1,110006,11000612,0,0,60000,7,0,0,0,1,1,0,100,2,1103
1,2,1,110006,11000613,0,0,90000,7,0,0,0,1,1,0,100,2,1103
1,2,1,110006,11000614,0,0,120000,7,0,0,0,1,1,0,100,2,1103
1,2,1,110006,11000615,0,0,150000,7,0,0,0,1,1,0,100,2,1103
1,2,1,110006,11000616,0,0,60000,7,0,0,0,1,1,0,100,2,1104
1,2,1,110006,11000617,0,0,120000,7,0,0,0,1,1,0,100,2,1104
1,2,1,110006,11000618,0,0,180000,7,0,0,0,1,1,0,100,2,1104
1,2,1,110006,11000619,0,0,240000,7,0,0,0,1,1,0,100,2,1104
1,2,1,110006,11000620,0,0,300000,7,0,0,0,1,1,0,100,2,1104
1,2,1,110006,11000621,0,0,120000,7,0,0,0,1,1,0,100,2,1105
1,2,1,110006,11000622,0,0,240000,7,0,0,0,1,1,0,100,2,1105
1,2,1,110006,11000623,0,0,360000,7,0,0,0,1,1,0,100,2,1105
1,2,1,110006,11000624,0,0,480000,7,0,0,0,1,1,0,100,2,1105
1,2,1,110006,11000625,0,0,600000,7,0,0,0,1,1,0,100,2,1105
1,0,0,110006,11000626,0,0,0,7,0,0,0,1,1,1,100,2,1101
1,0,0,110006,11000627,0,0,0,7,0,0,0,1,1,1,100,2,1102
1,0,0,110006,11000628,0,0,0,7,0,0,0,1,1,1,100,2,1103
1,0,0,110006,11000629,0,0,0,7,0,0,0,1,1,1,100,2,1104
1,0,0,110006,11000630,0,0,0,7,0,0,0,1,1,1,100,2,1105
1,2,1,110007,11000701,0,0,200,0,0,0,0,60,1,0,100,10,0
1,2,1,110007,11000702,0,0,1000,0,0,0,0,60,1,0,100,10,0
1,2,1,110007,11000703,0,0,3000,0,0,0,0,60,1,0,100,10,0
1,2,1,110007,11000704,0,0,6000,0,0,0,0,60,1,0,100,10,0
1,2,1,110007,11000705,0,0,12000,0,0,0,0,60,1,0,100,10,0
1,0,0,110007,11000706,0,0,0,0,0,0,0,60,1,1,100,10,0
1,2,1,110008,11000801,0,0,1500,7,0,0,0,1,1,0,100,2,1101
1,2,1,110008,11000802,0,0,3000,7,0,0,0,1,1,0,100,2,1101
1,2,1,110008,11000803,0,0,6000,7,0,0,0,1,1,0,100,2,1101
1,2,1,110008,11000804,0,0,9000,7,0,0,0,1,1,0,100,2,1101
1,2,1,110008,11000805,0,0,12000,7,0,0,0,1,1,0,100,2,1101
1,2,1,110008,11000806,0,0,15000,7,0,0,0,1,1,0,100,2,1101
1,2,1,110008,11000807,0,0,9000,7,0,0,0,1,1,0,100,2,1102
1,2,1,110008,11000808,0,0,18000,7,0,0,0,1,1,0,100,2,1102
1,2,1,110008,11000809,0,0,36000,7,0,0,0,1,1,0,100,2,1102
1,2,1,110008,11000810,0,0,54000,7,0,0,0,1,1,0,100,2,1102
1,2,1,110008,11000811,0,0,72000,7,0,0,0,1,1,0,100,2,1102
1,2,1,110008,11000812,0,0,90000,7,0,0,0,1,1,0,100,2,1102
1,2,1,110008,11000813,0,0,15000,7,0,0,0,1,1,0,100,2,1103
1,2,1,110008,11000814,0,0,30000,7,0,0,0,1,1,0,100,2,1103
1,2,1,110008,11000815,0,0,60000,7,0,0,0,1,1,0,100,2,1103
1,2,1,110008,11000816,0,0,90000,7,0,0,0,1,1,0,100,2,1103
1,2,1,110008,11000817,0,0,120000,7,0,0,0,1,1,0,100,2,1103
1,2,1,110008,11000818,0,0,150000,7,0,0,0,1,1,0,100,2,1103
1,2,1,110008,11000819,0,0,30000,7,0,0,0,1,1,0,100,2,1104
1,2,1,110008,11000820,0,0,60000,7,0,0,0,1,1,0,100,2,1104
1,2,1,110008,11000821,0,0,120000,7,0,0,0,1,1,0,100,2,1104
1,2,1,110008,11000822,0,0,180000,7,0,0,0,1,1,0,100,2,1104
1,2,1,110008,11000823,0,0,240000,7,0,0,0,1,1,0,100,2,1104
1,2,1,110008,11000824,0,0,300000,7,0,0,0,1,1,0,100,2,1104
1,2,1,110008,11000825,0,0,60000,7,0,0,0,1,1,0,100,2,1105
1,2,1,110008,11000826,0,0,120000,7,0,0,0,1,1,0,100,2,1105
1,2,1,110008,11000827,0,0,240000,7,0,0,0,1,1,0,100,2,1105
1,2,1,110008,11000828,0,0,360000,7,0,0,0,1,1,0,100,2,1105
1,2,1,110008,11000829,0,0,480000,7,0,0,0,1,1,0,100,2,1105
1,2,1,110008,11000830,0,0,600000,7,0,0,0,1,1,0,100,2,1105
1,2,1,110009,11000901,0,0,200,0,0,0,0,60,1,0,100,10,0
1,2,1,110009,11000902,0,0,1000,0,0,0,0,60,1,0,100,10,0
1,2,1,110009,11000903,0,0,3000,0,0,0,0,60,1,0,100,10,0
1,2,1,110009,11000904,0,0,6000,0,0,0,0,60,1,0,100,10,0
1,2,1,110009,11000905,0,0,12000,0,0,0,0,60,1,0,100,10,0
1,2,1,110010,11001001,0,0,200,1,1,1,5,1,1,0,100,18,0
1,2,1,110010,11001002,0,0,500,1,1,1,5,1,1,0,100,18,0
1,2,1,110010,11001003,0,0,1500,1,1,1,5,1,1,0,100,18,0
1,2,1,110010,11001004,0,0,4000,1,1,1,5,1,1,0,100,18,0
1,2,1,110010,11001005,0,0,8000,1,1,1,5,1,1,0,100,18,0
1,2,1,110010,11001006,0,0,12000,1,1,1,5,1,1,0,100,18,0
1,2,1,110010,11001007,0,0,18000,1,1,1,5,1,1,0,100,18,0
1,2,1,110010,11001008,0,0,25000,1,1,1,5,1,1,0,100,18,0
7,2,1,110011,11001101,0,0,200000,0,0,0,0,1,1,0,100,5,0
7,2,1,110011,11001102,0,0,500000,0,0,0,0,1,1,0,100,5,0
7,2,1,110011,11001103,0,0,1000000,0,0,0,0,1,1,0,100,5,0
11,2,1,110011,11001104,0,0,5,0,0,0,0,1,1,0,100,2,0
11,2,1,110011,11001105,0,0,15,0,0,0,0,1,1,0,100,2,0
11,2,1,110011,11001106,0,0,30,0,0,0,0,1,1,0,100,2,0
8,2,1,110012,11001201,0,0,5,1,0,0,0,1,1,0,100,15,0
8,2,1,110012,11001202,0,0,15,1,0,0,0,1,1,0,100,15,0
8,2,1,110012,11001203,0,0,5,2,0,0,0,1,1,0,100,15,0
8,2,1,110012,11001204,0,0,15,2,0,0,0,1,1,0,100,15,0
7,2,1,110012,11001205,0,0,200000,0,0,0,0,1,1,0,100,5,0
7,2,1,110012,11001206,0,0,500000,0,0,0,0,1,1,0,100,5,0
7,2,1,110012,11001207,0,0,1000000,0,0,0,0,1,1,0,100,5,0
7,2,1,110013,11001301,0,0,200000,0,0,0,0,1,1,0,100,5,0
7,2,1,110013,11001302,0,0,500000,0,0,0,0,1,1,0,100,5,0
7,2,1,110013,11001303,0,0,1000000,0,0,0,0,1,1,0,100,5,0
14,2,1,110013,11001304,0,0,5,0,0,0,0,1,1,0,100,1,0
14,2,1,110013,11001305,0,0,10,0,0,0,0,1,1,0,100,1,0
14,2,1,110013,11001306,0,0,20,0,0,0,0,1,1,0,100,1,0
9,2,1,110014,11001401,0,0,10,0,0,0,0,1,1,0,100,2,0
9,2,1,110014,11001402,0,0,20,0,0,0,0,1,1,0,100,2,0
9,2,1,110014,11001403,0,0,40,0,0,0,0,1,1,0,100,2,0
9,2,1,110014,11001404,0,0,10,0,0,0,0,1,1,0,100,8,0
9,2,1,110014,11001405,0,0,30,0,0,0,0,1,1,0,100,8,0
9,2,1,110014,11001406,0,0,60,0,0,0,0,1,1,0,100,8,0
1,1,1,110015,11001501,0,0,300,1,1,1,6,1,1,0,100,18,0
1,1,1,110015,11001502,0,0,1000,1,1,1,6,1,1,0,100,18,0
7,1,1,110015,11001503,0,0,20000,0,0,0,0,1,1,0,100,2,0
7,1,1,110015,11001504,0,0,100000,0,0,0,0,1,1,0,100,2,0
4,1,1,110015,11001505,0,0,1000,0,0,0,0,1,1,0,100,2,0
4,1,1,110015,11001506,0,0,2000,0,0,0,0,1,1,0,100,2,0
4,1,1,110015,11001507,0,0,6000,0,0,0,0,1,1,0,100,2,0
7,1,1,110016,11001601,0,0,100000,0,0,0,0,1,1,0,100,5,0
7,1,1,110016,11001602,0,0,300000,0,0,0,0,1,1,0,100,5,0
5,1,1,110016,11001603,0,0,3,1,11,1,1,1,1,0,100,2,0
5,1,1,110016,11001604,0,0,10,1,11,1,1,1,1,0,100,2,0
4,1,1,110016,11001605,0,0,2000,0,0,0,0,1,1,0,100,2,0
4,1,1,110016,11001606,0,0,6000,0,0,0,0,1,1,0,100,2,0
1,2,1,110017,11001701,0,0,1000,1,0,0,0,1,1,0,100,2,1101
1,2,1,110017,11001702,0,0,2000,1,0,0,0,1,1,0,100,2,1101
1,2,1,110017,11001703,0,0,3000,1,0,0,0,1,1,0,100,2,1101
1,2,1,110017,11001704,0,0,6000,1,0,0,0,1,1,0,100,2,1102
1,2,1,110017,11001705,0,0,12000,1,0,0,0,1,1,0,100,2,1102
1,2,1,110017,11001706,0,0,18000,1,0,0,0,1,1,0,100,2,1102
1,2,1,110017,11001707,0,0,10000,1,0,0,0,1,1,0,100,2,1103
1,2,1,110017,11001708,0,0,20000,1,0,0,0,1,1,0,100,2,1103
1,2,1,110017,11001709,0,0,30000,1,0,0,0,1,1,0,100,2,1103
1,2,1,110017,11001710,0,0,20000,1,0,0,0,1,1,0,100,2,1104
1,2,1,110017,11001711,0,0,40000,1,0,0,0,1,1,0,100,2,1104
1,2,1,110017,11001712,0,0,60000,1,0,0,0,1,1,0,100,2,1104
1,2,1,110017,11001713,0,0,40000,1,0,0,0,1,1,0,100,2,1105
1,2,1,110017,11001714,0,0,80000,1,0,0,0,1,1,0,100,2,1105
1,2,1,110017,11001715,0,0,120000,1,0,0,0,1,1,0,100,2,1105
14,2,1,110017,11001716,0,0,5,0,0,0,0,1,1,0,100,1,1101
14,2,1,110017,11001717,0,0,10,0,0,0,0,1,1,0,100,1,1101
14,2,1,110017,11001718,0,0,20,0,0,0,0,1,1,0,100,1,1101
14,2,1,110017,11001719,0,0,5,0,0,0,0,1,1,0,100,1,1102
14,2,1,110017,11001720,0,0,10,0,0,0,0,1,1,0,100,1,1102
14,2,1,110017,11001721,0,0,20,0,0,0,0,1,1,0,100,1,1102
14,2,1,110017,11001722,0,0,5,0,0,0,0,1,1,0,100,1,1103
14,2,1,110017,11001723,0,0,10,0,0,0,0,1,1,0,100,1,1103
14,2,1,110017,11001724,0,0,20,0,0,0,0,1,1,0,100,1,1103
14,2,1,110017,11001725,0,0,5,0,0,0,0,1,1,0,100,1,1104
14,2,1,110017,11001726,0,0,10,0,0,0,0,1,1,0,100,1,1104
14,2,1,110017,11001727,0,0,20,0,0,0,0,1,1,0,100,1,1104
14,2,1,110017,11001728,0,0,5,0,0,0,0,1,1,0,100,1,1105
14,2,1,110017,11001729,0,0,10,0,0,0,0,1,1,0,100,1,1105
14,2,1,110017,11001730,0,0,20,0,0,0,0,1,1,0,100,1,1105
8,2,1,110018,11001801,0,0,5,1,0,0,0,1,1,0,100,15,0
8,2,1,110018,11001802,0,0,20,1,0,0,0,1,1,0,100,15,0
8,2,1,110018,11001803,0,0,5,2,0,0,0,1,1,0,100,15,0
8,2,1,110018,11001804,0,0,20,2,0,0,0,1,1,0,100,15,0
19,2,1,110018,11001805,0,0,4,0,0,0,0,1,1,0,100,1,0
19,2,1,110018,11001806,0,0,4,0,0,0,0,1,1,0,100,2,0
5,2,1,120001,12000101,0,0,200,1,11,1,1,1,12,0,100,2,0
5,2,1,120001,12000102,0,0,400,1,11,1,1,1,12,0,100,2,0
5,2,1,120001,12000103,0,0,600,1,11,1,1,1,12,0,100,2,0
5,2,1,120001,12000104,0,0,800,1,11,1,1,1,12,0,100,2,0
5,0,0,120001,12000105,0,0,0,1,11,1,1,1,12,1,100,2,0
5,2,1,120002,12000201,0,0,30,1,11,11,1,1,15,0,100,2,0
5,2,1,120002,12000202,0,0,70,1,11,11,1,1,15,0,100,2,0
5,2,1,120002,12000203,0,0,120,1,11,11,1,1,15,0,100,2,0
5,2,1,120002,12000204,0,0,200,1,11,11,1,1,15,0,100,2,0
5,0,0,120002,12000205,0,0,0,1,11,11,1,1,15,2,100,2,0
18,2,1,120003,12000301,0,0,1,0,0,0,0,1,1,0,100,1,0
18,2,1,120003,12000302,0,0,3,0,0,0,0,1,1,0,100,1,0
18,2,1,120003,12000303,0,0,5,0,0,0,0,1,1,0,100,1,0
5,2,1,140001,14000101,0,0,1,1,11,1,1,1,1,0,100,2,0
5,2,1,140001,14000102,0,0,1,1,11,1,2,1,1,0,100,2,0
5,2,1,140001,14000103,0,0,1,1,11,1,3,1,1,0,100,2,0
5,2,1,140001,14000104,0,0,1,1,11,1,4,1,1,0,100,2,0
5,2,1,140001,14000105,0,0,1,1,11,1,5,1,1,0,100,2,0
5,2,1,140001,14000106,0,0,1,1,11,1,6,1,1,0,100,2,0
5,2,1,140001,14000107,0,0,1,1,11,1,7,1,1,0,100,2,0
5,2,1,140001,14000108,0,0,1,1,11,1,8,1,1,0,100,2,0
5,2,1,140001,14000109,0,0,1,1,11,1,9,1,1,0,100,2,0
5,2,1,140001,14000110,0,0,1,1,11,1,10,1,1,0,100,2,0
5,2,1,140001,14000111,0,0,1,1,11,1,11,1,1,0,100,2,0
5,2,1,140001,14000112,0,0,1,1,11,1,12,1,1,0,100,2,0
5,2,1,140001,14000113,0,0,1,1,11,1,13,1,1,0,100,2,0
5,2,1,140001,14000114,0,0,1,1,11,1,14,1,1,0,100,2,0
5,2,1,140001,14000115,0,0,1,1,11,1,15,1,1,0,100,2,0
5,2,1,140001,14000116,0,0,1,1,11,1,16,1,1,0,100,2,0
5,2,1,140001,14000117,0,0,1,1,11,1,17,1,1,0,100,2,0
5,2,1,140001,14000118,0,0,1,1,11,1,18,1,1,0,100,2,0
5,2,1,140001,14000119,0,0,1,1,11,1,19,1,1,0,100,2,0
5,2,1,140001,14000120,0,0,1,1,11,1,20,1,1,0,100,2,0
5,2,1,140001,14000121,0,0,1,1,11,1,21,1,1,0,100,2,0
5,2,1,140001,14000122,0,0,1,1,11,1,22,1,1,0,100,2,0
5,2,1,140001,14000123,0,0,1,1,11,1,23,1,1,0,100,2,0
5,2,1,140001,14000124,0,0,1,1,11,1,24,1,1,0,100,2,0
5,2,1,140001,14000125,0,0,1,1,11,1,25,1,1,0,100,2,0
5,2,1,140001,14000126,0,0,1,1,11,1,26,1,1,0,100,2,0
5,2,1,140001,14000127,0,0,1,1,11,1,27,1,1,0,100,2,0
5,2,1,140001,14000128,0,0,1,1,11,1,28,1,1,0,100,2,0
5,2,1,140001,14000129,0,0,1,1,11,1,29,1,1,0,100,2,0
5,2,1,140001,14000130,0,0,1,1,11,1,30,1,1,0,100,2,0
2,2,1,140002,14000201,0,0,1,1,11,101,5,1,1,0,100,2,0
2,2,1,140002,14000202,0,0,1,1,11,101,8,1,1,0,100,2,0
2,2,1,140002,14000203,0,0,1,1,11,101,11,1,1,0,100,2,0
2,2,1,140002,14000204,0,0,1,1,11,101,14,1,1,0,100,2,0
2,2,1,140002,14000205,0,0,1,1,11,101,17,1,1,0,100,2,0
2,2,1,140002,14000206,0,0,1,1,11,101,20,1,1,0,100,2,0
2,2,1,140002,14000207,0,0,1,1,11,101,22,1,1,0,100,2,0
2,2,1,140002,14000208,0,0,1,1,11,101,24,1,1,0,100,2,0
2,2,1,140002,14000209,0,0,1,1,11,101,27,1,1,0,100,2,0
2,2,1,140002,14000210,0,0,1,1,11,101,30,1,1,0,100,2,0
1,2,1,150001,15000101,0,0,30000,0,0,0,0,1,1,0,100,9,0
1,2,1,150001,15000102,0,0,80000,0,0,0,0,1,1,0,100,9,0
1,2,1,150001,15000103,0,0,150000,0,0,0,0,1,1,0,100,9,0
1,2,1,150001,15000104,0,0,300000,0,0,0,0,1,1,0,100,9,0
1,2,1,150001,15000105,0,0,600000,0,0,0,0,1,1,0,100,9,0
1,2,1,150001,15000106,0,0,1000000,0,0,0,0,1,1,0,100,9,0
1,2,1,150001,15000107,0,0,1500000,0,0,0,0,1,1,0,100,9,0
1,2,1,150001,15000108,0,0,2000000,0,0,0,0,1,1,0,100,9,0
1,2,1,150001,15000109,0,0,2500000,0,0,0,0,1,1,0,100,9,0
6,2,1,150002,15000201,0,0,10000,0,0,0,0,1,1,0,100,1,0
6,2,1,150002,15000202,0,0,30000,0,0,0,0,1,1,0,100,1,0
6,2,1,150002,15000203,0,0,50000,0,0,0,0,1,1,0,100,1,0
6,2,1,150002,15000204,0,0,70000,0,0,0,0,1,1,0,100,1,0
6,2,1,150002,15000205,0,0,100000,0,0,0,0,1,1,0,100,1,0
19,2,1,150003,15000301,0,0,1,0,0,0,0,1,1,0,100,1,0
19,2,1,150003,15000302,0,0,3,0,0,0,0,1,1,0,100,1,0
19,2,1,150003,15000303,0,0,5,0,0,0,0,1,1,0,100,1,0
19,2,1,150003,15000304,0,0,10,0,0,0,0,1,1,0,100,1,0
19,2,1,150003,15000305,0,0,1,0,0,0,0,1,1,0,100,2,0
19,2,1,150003,15000306,0,0,3,0,0,0,0,1,1,0,100,2,0
19,2,1,150003,15000307,0,0,5,0,0,0,0,1,1,0,100,2,0
19,2,1,150003,15000308,0,0,10,0,0,0,0,1,1,0,100,2,0
101,2,1,200001,20000101,0,0,2,1,0,20000101,0,1,1,0,100,1,0
101,2,1,200001,20000102,0,0,2,1,0,20000102,0,1,1,0,100,1,0
101,2,1,200001,20000103,0,0,10,1,0,20000103,0,1,1,0,100,1,0
101,2,1,200001,20000104,0,0,10,1,0,20000104,0,1,1,0,100,1,0
101,2,1,200001,20000105,0,0,10,1,0,20000105,0,1,1,0,100,1,0
101,2,1,200001,20000106,0,0,10,1,0,20000106,0,1,1,0,100,1,0
101,2,1,200001,20000107,0,0,10,1,0,20000107,0,1,1,0,100,1,0
101,2,1,200001,20000108,0,0,10,1,0,20000108,0,1,1,0,100,1,0
101,2,1,200001,20000109,0,0,10,1,0,20000109,0,1,1,0,100,1,0
101,2,1,200001,20000110,0,0,10,1,0,20000110,0,1,1,0,100,1,0
101,2,1,200001,20000111,0,0,10,1,0,20000111,0,1,1,0,100,1,0
101,2,1,200001,20000112,0,0,10,1,0,20000112,0,1,1,0,100,1,0
101,2,1,200001,20000113,0,0,10,1,0,20000113,0,1,1,0,100,1,0
101,2,1,200001,20000114,0,0,1,1,0,20000114,0,1,1,0,100,1,0
101,2,1,200002,20000201,0,0,2,1,0,20000201,0,1,1,0,100,1,0
101,2,1,200002,20000202,0,0,2,1,0,20000202,0,1,1,0,100,1,0
101,2,1,200002,20000203,0,0,10,1,0,20000203,0,1,1,0,100,1,0
101,2,1,200002,20000204,0,0,10,1,0,20000204,0,1,1,0,100,1,0
101,2,1,200002,20000205,0,0,10,1,0,20000205,0,1,1,0,100,1,0
101,2,1,200002,20000206,0,0,10,1,0,20000206,0,1,1,0,100,1,0
101,2,1,200002,20000207,0,0,10,1,0,20000207,0,1,1,0,100,1,0
101,2,1,200002,20000208,0,0,10,1,0,20000208,0,1,1,0,100,1,0
101,2,1,200002,20000209,0,0,10,1,0,20000209,0,1,1,0,100,1,0
101,2,1,200002,20000210,0,0,10,1,0,20000210,0,1,1,0,100,1,0
101,2,1,200002,20000211,0,0,10,1,0,20000211,0,1,1,0,100,1,0
101,2,1,200002,20000212,0,0,10,1,0,20000212,0,1,1,0,100,1,0
101,2,1,200002,20000213,0,0,10,1,0,20000213,0,1,1,0,100,1,0
101,2,1,200002,20000214,0,0,10,1,0,20000214,0,1,1,0,100,1,0
101,2,1,200002,20000215,0,0,10,1,0,20000215,0,1,1,0,100,1,0
101,2,1,200002,20000216,0,0,1,1,0,20000216,0,1,1,0,100,1,0
1,2,1,300001,30000101,0,0,1,0,0,0,0,1,1,0,100,3,0
1,2,1,300001,30000102,0,0,2,0,0,0,0,1,1,0,100,3,0
1,2,1,300001,30000103,0,0,3,0,0,0,0,1,1,0,100,3,0
1,2,1,300001,30000104,0,0,4,0,0,0,0,1,1,0,100,3,0
1,2,1,300001,30000105,0,0,5,0,0,0,0,1,1,0,100,3,0
1,2,1,300001,30000106,0,0,6,0,0,0,0,1,1,0,100,3,0
1,2,1,300001,30000107,0,0,7,0,0,0,0,1,1,0,100,3,0
0,2,1,420001,42000101,0,0,0,0,0,0,0,0,1,0,0,0,0
1,2,1,420002,42000201,1,0,1,0,0,0,0,1,1,0,100,3,0
1,2,1,420002,42000202,1,0,2,0,0,0,0,1,1,0,100,3,0
1,2,1,420002,42000203,1,0,3,0,0,0,0,1,1,0,100,3,0
1,2,1,420002,42000204,1,0,4,0,0,0,0,1,1,0,100,3,0
1,2,1,420002,42000205,1,0,5,0,0,0,0,1,1,0,100,3,0
4,2,1,420002,42000206,2,0,3000,0,0,0,0,1,1,0,100,2,0
4,2,1,420002,42000207,2,0,6000,0,0,0,0,1,1,0,100,2,0
4,2,1,420002,42000208,2,0,12000,0,0,0,0,1,1,0,100,2,0
4,2,1,420002,42000209,2,0,20000,0,0,0,0,1,1,0,100,2,0
1,2,1,420003,42000301,1,0,500,1,1,1,6,1,1,0,100,18,0
1,2,1,420003,42000302,1,0,1000,1,1,1,6,1,1,0,100,18,0
1,2,1,420003,42000303,1,0,2000,1,1,1,6,1,1,0,100,18,0
7,2,1,420003,42000304,2,0,100000,0,0,0,0,1,1,0,100,5,0
7,2,1,420003,42000305,2,0,200000,0,0,0,0,1,1,0,100,5,0
7,2,1,420003,42000306,2,0,400000,0,0,0,0,1,1,0,100,5,0
7,2,1,420003,42000307,2,0,800000,0,0,0,0,1,1,0,100,5,0
1,2,1,420004,42000401,1,0,1000,1,0,0,0,1,1,0,100,2,1101
1,2,1,420004,42000402,1,0,2000,1,0,0,0,1,1,0,100,2,1101
1,2,1,420004,42000403,1,0,3000,1,0,0,0,1,1,0,100,2,1101
1,2,1,420004,42000404,1,0,6000,1,0,0,0,1,1,0,100,2,1102
1,2,1,420004,42000405,1,0,12000,1,0,0,0,1,1,0,100,2,1102
1,2,1,420004,42000406,1,0,18000,1,0,0,0,1,1,0,100,2,1102
1,2,1,420004,42000407,1,0,10000,1,0,0,0,1,1,0,100,2,1103
1,2,1,420004,42000408,1,0,20000,1,0,0,0,1,1,0,100,2,1103
1,2,1,420004,42000409,1,0,30000,1,0,0,0,1,1,0,100,2,1103
1,2,1,420004,42000410,1,0,20000,1,0,0,0,1,1,0,100,2,1104
1,2,1,420004,42000411,1,0,40000,1,0,0,0,1,1,0,100,2,1104
1,2,1,420004,42000412,1,0,60000,1,0,0,0,1,1,0,100,2,1104
1,2,1,420004,42000413,1,0,40000,1,0,0,0,1,1,0,100,2,1105
1,2,1,420004,42000414,1,0,80000,1,0,0,0,1,1,0,100,2,1105
1,2,1,420004,42000415,1,0,120000,1,0,0,0,1,1,0,100,2,1105
14,2,1,420004,42000416,2,0,10,0,0,0,0,1,1,0,100,1,1101
14,2,1,420004,42000417,2,0,20,0,0,0,0,1,1,0,100,1,1101
14,2,1,420004,42000418,2,0,30,0,0,0,0,1,1,0,100,1,1101
14,2,1,420004,42000419,2,0,10,0,0,0,0,1,1,0,100,1,1102
14,2,1,420004,42000420,2,0,20,0,0,0,0,1,1,0,100,1,1102
14,2,1,420004,42000421,2,0,30,0,0,0,0,1,1,0,100,1,1102
14,2,1,420004,42000422,2,0,10,0,0,0,0,1,1,0,100,1,1103
14,2,1,420004,42000423,2,0,20,0,0,0,0,1,1,0,100,1,1103
14,2,1,420004,42000424,2,0,30,0,0,0,0,1,1,0,100,1,1103
14,2,1,420004,42000425,2,0,10,0,0,0,0,1,1,0,100,1,1104
14,2,1,420004,42000426,2,0,20,0,0,0,0,1,1,0,100,1,1104
14,2,1,420004,42000427,2,0,30,0,0,0,0,1,1,0,100,1,1104
14,2,1,420004,42000428,2,0,10,0,0,0,0,1,1,0,100,1,1105
14,2,1,420004,42000429,2,0,20,0,0,0,0,1,1,0,100,1,1105
14,2,1,420004,42000430,2,0,30,0,0,0,0,1,1,0,100,1,1105
7,2,1,420005,42000501,1,0,10000,0,0,0,0,1,1,0,100,2,1101
7,2,1,420005,42000502,1,0,50000,0,0,0,0,1,1,0,100,2,1101
7,2,1,420005,42000503,1,0,100000,0,0,0,0,1,1,0,100,2,1101
7,2,1,420005,42000504,1,0,150000,0,0,0,0,1,1,0,100,2,1101
7,2,1,420005,42000505,1,0,10000,0,0,0,0,1,1,0,100,2,1102
7,2,1,420005,42000506,1,0,50000,0,0,0,0,1,1,0,100,2,1102
7,2,1,420005,42000507,1,0,100000,0,0,0,0,1,1,0,100,2,1102
7,2,1,420005,42000508,1,0,150000,0,0,0,0,1,1,0,100,2,1102
7,2,1,420005,42000509,1,0,10000,0,0,0,0,1,1,0,100,2,1103
7,2,1,420005,42000510,1,0,50000,0,0,0,0,1,1,0,100,2,1103
7,2,1,420005,42000511,1,0,100000,0,0,0,0,1,1,0,100,2,1103
7,2,1,420005,42000512,1,0,150000,0,0,0,0,1,1,0,100,2,1103
7,2,1,420005,42000513,1,0,10000,0,0,0,0,1,1,0,100,2,1104
7,2,1,420005,42000514,1,0,50000,0,0,0,0,1,1,0,100,2,1104
7,2,1,420005,42000515,1,0,100000,0,0,0,0,1,1,0,100,2,1104
7,2,1,420005,42000516,1,0,150000,0,0,0,0,1,1,0,100,2,1104
7,2,1,420005,42000517,1,0,10000,0,0,0,0,1,1,0,100,2,1105
7,2,1,420005,42000518,1,0,50000,0,0,0,0,1,1,0,100,2,1105
7,2,1,420005,42000519,1,0,100000,0,0,0,0,1,1,0,100,2,1105
7,2,1,420005,42000520,1,0,150000,0,0,0,0,1,1,0,100,2,1105
1,2,1,420005,42000521,2,0,1500,2,0,0,0,1,1,0,100,2,1101
1,2,1,420005,42000522,2,0,3000,2,0,0,0,1,1,0,100,2,1101
1,2,1,420005,42000523,2,0,5000,2,0,0,0,1,1,0,100,2,1101
1,2,1,420005,42000524,2,0,6000,2,0,0,0,1,1,0,100,2,1102
1,2,1,420005,42000525,2,0,12000,2,0,0,0,1,1,0,100,2,1102
1,2,1,420005,42000526,2,0,18000,2,0,0,0,1,1,0,100,2,1102
1,2,1,420005,42000527,2,0,10000,2,0,0,0,1,1,0,100,2,1103
1,2,1,420005,42000528,2,0,20000,2,0,0,0,1,1,0,100,2,1103
1,2,1,420005,42000529,2,0,30000,2,0,0,0,1,1,0,100,2,1103
1,2,1,420005,42000530,2,0,15000,2,0,0,0,1,1,0,100,2,1104
1,2,1,420005,42000531,2,0,30000,2,0,0,0,1,1,0,100,2,1104
1,2,1,420005,42000532,2,0,45000,2,0,0,0,1,1,0,100,2,1104
1,2,1,420005,42000533,2,0,20000,2,0,0,0,1,1,0,100,2,1105
1,2,1,420005,42000534,2,0,40000,2,0,0,0,1,1,0,100,2,1105
1,2,1,420005,42000535,2,0,60000,2,0,0,0,1,1,0,100,2,1105
5,2,1,420006,42000601,1,0,5,1,11,1,1,1,1,0,100,2,0
5,2,1,420006,42000602,1,0,10,1,11,1,1,1,1,0,100,2,0
5,2,1,420006,42000603,1,0,20,1,11,1,1,1,1,0,100,2,0
5,2,1,420006,42000604,1,0,30,1,11,1,1,1,1,0,100,2,0
8,2,1,420006,42000605,2,0,5,0,0,0,0,1,1,0,100,15,0
8,2,1,420006,42000606,2,0,10,0,0,0,0,1,1,0,100,15,0
8,2,1,420006,42000607,2,0,15,0,0,0,0,1,1,0,100,15,0
0,0,0,430001,43000101,0,0,0,0,0,0,0,0,1,0,0,0,0
1,2,1,430002,43000201,1,0,1,0,0,0,0,1,1,0,100,3,0
1,2,1,430002,43000202,1,0,2,0,0,0,0,1,1,0,100,3,0
1,2,1,430002,43000203,1,0,3,0,0,0,0,1,1,0,100,3,0
1,2,1,430002,43000204,1,0,4,0,0,0,0,1,1,0,100,3,0
1,2,1,430002,43000205,1,0,5,0,0,0,0,1,1,0,100,3,0
14,2,1,430002,43000206,2,0,1,0,0,0,0,1,1,0,100,2,0
14,2,1,430002,43000207,2,0,2,0,0,0,0,1,1,0,100,2,0
14,2,1,430002,43000208,2,0,3,0,0,0,0,1,1,0,100,2,0
14,2,1,430002,43000209,2,0,4,0,0,0,0,1,1,0,100,2,0
14,2,1,430002,43000210,2,0,5,0,0,0,0,1,1,0,100,2,0
14,2,1,430002,43000211,2,0,6,0,0,0,0,1,1,0,100,2,0
14,2,1,430002,43000212,2,0,7,0,0,0,0,1,1,0,100,2,0
15,2,1,430002,43000213,3,0,1,1,0,5,0,1,1,0,100,3,0
15,2,1,430002,43000214,3,0,1,1,0,10,0,1,1,0,100,3,0
15,2,1,430002,43000215,3,0,1,1,0,15,0,1,1,0,100,3,0
15,2,1,430002,43000216,3,0,1,1,0,20,0,1,1,0,100,3,0
15,2,1,430002,43000217,3,0,1,1,0,35,0,1,1,0,100,3,0
19,2,1,430003,43000301,1,0,2,0,0,0,0,1,1,0,100,1,0
19,2,1,430003,43000302,1,0,10,0,0,0,0,1,1,0,100,1,0
19,2,1,430003,43000303,1,0,2,0,0,0,0,1,1,0,100,2,0
19,2,1,430003,43000304,1,0,10,0,0,0,0,1,1,0,100,2,0
5,2,1,430003,43000305,2,0,1,1,11,1,1,1,1,0,100,2,0
5,2,1,430003,43000306,2,0,5,1,11,1,1,1,1,0,100,2,0
5,2,1,430003,43000307,2,0,10,1,11,1,1,1,1,0,100,2,0
5,2,1,430003,43000308,2,0,20,1,11,1,1,1,1,0,100,2,0
5,2,1,430003,43000309,2,0,1,1,11,1,3,1,1,0,100,2,0
5,2,1,430003,43000310,2,0,1,1,11,1,6,1,1,0,100,2,0
5,2,1,430003,43000311,2,0,1,1,11,1,10,1,1,0,100,2,0
5,2,1,430003,43000312,2,0,1,1,11,1,12,1,1,0,100,2,0
2,2,1,430003,43000313,3,0,1,1,11,101,4,1,1,0,100,2,0
2,2,1,430003,43000314,3,0,1,1,11,101,6,1,1,0,100,2,0
2,2,1,430003,43000315,3,0,1,1,11,101,8,1,1,0,100,2,0
2,2,1,430003,43000316,3,0,1,1,11,101,10,1,1,0,100,2,0
2,2,1,430003,43000317,3,0,1,1,11,101,12,1,1,0,100,2,0
8,2,1,430004,43000401,1,0,5,0,0,0,0,1,1,0,100,15,0
8,2,1,430004,43000402,1,0,10,0,0,0,0,1,1,0,100,15,0
8,2,1,430004,43000403,1,0,20,0,0,0,0,1,1,0,100,15,0
8,2,1,430004,43000404,1,0,3,0,11,0,10,1,1,0,100,4,0
8,2,1,430004,43000405,1,0,2,0,11,0,20,1,1,0,100,4,0
8,2,1,430004,43000406,1,0,1,0,11,0,30,1,1,0,100,4,0
7,2,1,430004,43000407,2,0,100000,0,0,0,0,1,1,0,100,5,0
7,2,1,430004,43000408,2,0,500000,0,0,0,0,1,1,0,100,5,0
7,2,1,430004,43000409,2,0,1000000,0,0,0,0,1,1,0,100,5,0
7,2,1,430004,43000410,2,0,50000,0,0,0,0,1,1,0,100,2,0
7,2,1,430004,43000411,2,0,200000,0,0,0,0,1,1,0,100,2,0
7,2,1,430004,43000412,2,0,400000,0,0,0,0,1,1,0,100,2,0
3,2,1,430004,43000413,3,0,5,0,0,0,0,1,1,0,100,2,0
3,2,1,430004,43000414,3,0,10,0,0,0,0,1,1,0,100,2,0
3,2,1,430004,43000415,3,0,20,0,0,0,0,1,1,0,100,2,0
3,2,1,430004,43000416,3,0,30,0,0,0,0,1,1,0,100,2,0
3,2,1,430004,43000417,3,0,40,0,0,0,0,1,1,0,100,2,0
4,2,1,430005,43000501,1,0,200,0,0,0,0,1,1,0,100,2,0
4,2,1,430005,43000502,1,0,500,0,0,0,0,1,1,0,100,2,0
4,2,1,430005,43000503,1,0,1000,0,0,0,0,1,1,0,100,2,0
4,2,1,430005,43000504,1,0,3000,0,0,0,0,1,1,0,100,2,0
4,2,1,430005,43000505,1,0,10000,0,0,0,0,1,1,0,100,2,0
11,2,1,430005,43000506,2,0,2,0,0,0,0,1,1,0,100,2,0
11,2,1,430005,43000507,2,0,5,0,0,0,0,1,1,0,100,2,0
11,2,1,430005,43000508,2,0,10,0,0,0,0,1,1,0,100,2,0
11,2,1,430005,43000509,2,0,20,0,0,0,0,1,1,0,100,2,0
11,2,1,430005,43000510,2,0,30,0,0,0,0,1,1,0,100,2,0
9,2,1,430005,43000511,3,0,10,0,0,0,0,1,1,0,100,8,0
9,2,1,430005,43000512,3,0,30,0,0,0,0,1,1,0,100,8,0
9,2,1,430005,43000513,3,0,50,0,0,0,0,1,1,0,100,8,0
9,2,1,430005,43000514,3,0,70,0,0,0,0,1,1,0,100,8,0
9,2,1,430005,43000515,3,0,100,0,0,0,0,1,1,0,100,8,0
1,2,1,430006,43000601,1,0,50000,0,0,0,0,1,1,0,100,9,0
1,2,1,430006,43000602,1,0,100000,0,0,0,0,1,1,0,100,9,0
1,2,1,430006,43000603,1,0,150000,0,0,0,0,1,1,0,100,9,0
1,2,1,430006,43000604,1,0,200000,0,0,0,0,1,1,0,100,9,0
1,2,1,430006,43000605,1,0,250000,0,0,0,0,1,1,0,100,9,0
1,2,1,430006,43000606,1,0,400000,0,0,0,0,1,1,0,100,9,0
5,2,1,430006,43000607,2,0,1,1,11,11,1,1,1,0,100,2,0
5,2,1,430006,43000608,2,0,2,1,11,11,1,1,1,0,100,2,0
5,2,1,430006,43000609,2,0,3,1,11,11,1,1,1,0,100,2,0
8,2,1,430006,43000610,2,0,1,0,0,0,0,1,1,0,100,5,0
8,2,1,430006,43000611,2,0,3,0,0,0,0,1,1,0,100,5,0
8,2,1,430006,43000612,2,0,5,0,0,0,0,1,1,0,100,5,0
1,2,1,430006,43000613,3,0,100,1,1,1,6,1,1,0,100,18,0
1,2,1,430006,43000614,3,0,300,1,1,1,6,1,1,0,100,18,0
1,2,1,430006,43000615,3,0,500,1,1,1,6,1,1,0,100,18,0
1,2,1,430006,43000616,3,0,1000,1,1,1,6,1,1,0,100,18,0
1,2,1,430006,43000617,3,0,2000,1,1,1,6,1,1,0,100,18,0
1,2,1,430006,43000618,3,0,3000,1,1,1,6,1,1,0,100,18,0
0,0,0,440001,44000101,0,0,0,0,0,0,0,0,1,1,100,0,0
7,2,1,440002,44000201,0,0,100000,0,0,0,0,1,1,0,100,5,0
7,2,1,440002,44000202,0,0,300000,0,0,0,0,1,1,0,100,5,0
7,2,1,440002,44000203,0,0,500000,0,0,0,0,1,1,0,100,5,0
1,2,1,440002,44000204,0,0,30000,2,0,0,0,1,1,0,100,2,0
1,2,1,440002,44000205,0,0,60000,2,0,0,0,1,1,0,100,2,0
1,2,1,440002,44000206,0,0,90000,2,0,0,0,1,1,0,100,2,0
7,0,0,440002,44000207,0,0,0,1,0,2,0,100,16,11,100,5,0
7,0,0,440002,44000208,0,0,0,1,0,3,0,100,16,11,100,5,0
7,0,0,440002,44000209,0,0,0,1,0,4,0,100,16,11,100,5,0
7,0,0,440002,44000210,0,0,0,1,0,5,0,50,16,11,100,5,0
1,0,0,440002,44000211,0,0,0,2,0,0,0,1,17,11,100,2,0
4,2,1,440003,44000301,0,0,1000,11,0,2,0,1,1,0,100,2,0
4,2,1,440003,44000302,0,0,3000,11,0,2,0,1,1,0,100,2,0
4,2,1,440003,44000303,0,0,6000,11,0,2,0,1,1,0,100,2,0
4,2,1,440003,44000304,0,0,12000,11,0,2,0,1,1,0,100,2,0
4,2,1,440003,44000305,0,0,18000,11,0,2,0,1,1,0,100,2,0
4,2,1,440003,44000306,0,0,25000,11,0,2,0,1,1,0,100,2,0
4,0,0,440003,44000307,0,0,0,1,0,1,0,1,18,11,100,2,0
4,0,0,440003,44000308,0,0,0,1,0,2,0,1,19,11,100,2,0
4,0,0,440003,44000309,0,0,0,1,0,3,0,1,20,11,100,2,0
4,0,0,440003,44000310,0,0,0,1,0,4,0,1,21,11,100,2,0
4,0,0,440003,44000311,0,0,0,1,0,5,0,1,22,11,100,2,0
4,0,0,440003,44000312,0,0,0,1,0,6,0,1,23,11,100,2,0
8,2,1,440004,44000401,0,0,10,1,0,0,0,1,1,0,100,15,0
8,2,1,440004,44000402,0,0,10,2,0,0,0,1,1,0,100,15,0
8,2,1,440004,44000403,0,0,1,0,0,0,0,1,1,0,100,5,0
8,2,1,440004,44000404,0,0,3,0,0,0,0,1,1,0,100,5,0
8,2,1,440004,44000405,0,0,1,0,0,0,0,1,1,0,100,9,0
8,2,1,440004,44000406,0,0,3,0,0,0,0,1,1,0,100,9,0
8,2,1,440004,44000407,0,0,0,1,0,0,0,1,24,11,100,15,0
8,2,1,440004,44000408,0,0,0,2,0,0,0,1,25,11,100,15,0
1,0,0,440004,44000409,0,0,0,1,1,8,2,1,29,11,100,18,0
1,0,0,440004,44000410,0,0,0,1,1,8,3,1,30,11,100,18,0
1,0,0,440004,44000411,0,0,0,1,1,8,4,1,31,11,100,18,0
1,0,0,440004,44000412,0,0,0,1,0,151001,0,1,32,11,100,6,0
1,0,0,440004,44000413,0,0,0,1,0,151002,0,1,33,11,100,6,0
1,0,0,440004,44000414,0,0,0,1,0,151003,0,1,34,11,100,6,0
1,0,0,440004,44000415,0,0,0,1,0,141001,0,1,29,11,100,6,0
1,0,0,440004,44000416,0,0,0,1,0,141002,0,1,30,11,100,6,0
1,0,0,440004,44000417,0,0,0,1,0,141003,0,1,31,11,100,6,0
5,2,1,440005,44000501,0,0,10,1,11,1,1,1,1,0,100,2,0
5,2,1,440005,44000502,0,0,20,1,11,1,1,1,1,0,100,2,0
5,2,1,440005,44000503,0,0,2,1,11,11,1,1,1,0,100,2,0
5,2,1,440005,44000504,0,0,4,1,11,11,1,1,1,0,100,2,0
1,0,0,440005,44000505,0,0,30000,1,0,0,0,1,1,0,100,2,0
1,0,0,440005,44000506,0,0,60000,1,0,0,0,1,1,0,100,2,0
5,0,0,440005,44000507,0,0,0,1,11,1,1,1,35,11,100,2,0
5,0,0,440005,44000508,0,0,0,1,11,11,1,1,36,11,100,2,0
1,0,0,440005,44000509,0,0,0,1,0,0,0,1,37,11,100,2,0
1,2,1,440006,44000601,0,0,40000,7,0,0,0,1,1,0,100,2,0
1,2,1,440006,44000602,0,0,80000,7,0,0,0,1,1,0,100,2,0
1,2,1,440006,44000603,0,0,120000,7,0,0,0,1,1,0,100,2,0
1,2,1,440006,44000604,0,0,180000,7,0,0,0,1,1,0,100,2,0
1,2,1,440006,44000605,0,0,240000,7,0,0,0,1,1,0,100,2,0
1,2,1,440006,44000606,0,0,300000,7,0,0,0,1,1,0,100,2,0
1,0,0,440006,44000607,0,0,0,7,0,0,0,1,38,11,100,2,0
5,0,0,500001,50000101,0,0,1,1,11,1,1,1,1,0,100,2,0
7,0,0,500001,50000102,0,0,1,0,0,0,0,50000,1,0,100,5,0
5,0,0,500001,50000103,0,0,1,1,11,1,1,1,5,1,100,2,0
7,0,0,500001,50000104,0,0,1,0,0,0,0,50000,1,1,100,5,0
101,2,1,510001,51000101,0,0,1000,1,0,1,0,1,1,0,0,2,0
5,0,0,510001,51000102,0,0,1,1,11,1,1,1,1,0,100,2,0
101,2,1,610001,61000101,0,0,1,1,0,610001,0,1,1,0,100,2,0
101,2,1,611001,61100101,0,0,1,1,0,611001,0,1,1,0,100,2,0
1101,1,2,620001,62000101,0,0,0,1,0,1,0,0,1,0,1,1,0
1101,1,2,620002,62000201,0,0,0,3,0,1,0,0,1,0,1,1,0
1101,1,2,620003,62000301,0,0,0,6,0,1,0,0,1,0,1,1,0
1101,1,2,620004,62000401,0,0,0,2,0,3,0,0,1,0,1,1,0
1101,1,2,620005,62000501,0,0,0,1,0,2,0,0,1,0,1,1,0
1101,1,2,620006,62000601,0,0,0,4,0,1,0,0,1,0,1,1,0
1101,1,2,620007,62000701,0,0,0,7,0,1,0,0,1,0,1,1,0
1101,1,2,620008,62000801,0,0,0,2,0,4,0,0,1,0,1,1,0
1101,1,2,620009,62000901,0,0,0,1,0,3,0,0,1,0,1,1,0
1101,1,2,620010,62001001,0,0,0,5,0,1,0,0,1,0,1,1,0
1101,1,2,620011,62001101,0,0,0,8,0,1,0,0,1,0,1,1,0
0,0,0,630001,63000101,0,0,0,0,0,0,0,0,1,0,0,0,0
1,0,0,700001,70000101,0,0,0,0,0,0,0,1,1,1,100,2,0
1,2,1,2110006,211000601,0,0,3000,7,0,0,0,1,1,0,100,2,1101
1,2,1,2110006,211000602,0,0,6000,7,0,0,0,1,1,0,100,2,1101
1,2,1,2110006,211000603,0,0,9000,7,0,0,0,1,1,0,100,2,1101
1,2,1,2110006,211000604,0,0,12000,7,0,0,0,1,1,0,100,2,1101
1,2,1,2110006,211000605,0,0,15000,7,0,0,0,1,1,0,100,2,1101
1,2,1,2110006,211000606,0,0,18000,7,0,0,0,1,1,0,100,2,1102
1,2,1,2110006,211000607,0,0,36000,7,0,0,0,1,1,0,100,2,1102
1,2,1,2110006,211000608,0,0,54000,7,0,0,0,1,1,0,100,2,1102
1,2,1,2110006,211000609,0,0,72000,7,0,0,0,1,1,0,100,2,1102
1,2,1,2110006,211000610,0,0,90000,7,0,0,0,1,1,0,100,2,1102
1,2,1,2110006,211000611,0,0,30000,7,0,0,0,1,1,0,100,2,1103
1,2,1,2110006,211000612,0,0,60000,7,0,0,0,1,1,0,100,2,1103
1,2,1,2110006,211000613,0,0,90000,7,0,0,0,1,1,0,100,2,1103
1,2,1,2110006,211000614,0,0,120000,7,0,0,0,1,1,0,100,2,1103
1,2,1,2110006,211000615,0,0,150000,7,0,0,0,1,1,0,100,2,1103
1,2,1,2110006,211000616,0,0,60000,7,0,0,0,1,1,0,100,2,1104
1,2,1,2110006,211000617,0,0,120000,7,0,0,0,1,1,0,100,2,1104
1,2,1,2110006,211000618,0,0,180000,7,0,0,0,1,1,0,100,2,1104
1,2,1,2110006,211000619,0,0,240000,7,0,0,0,1,1,0,100,2,1104
1,2,1,2110006,211000620,0,0,300000,7,0,0,0,1,1,0,100,2,1104
1,2,1,2110006,211000621,0,0,120000,7,0,0,0,1,1,0,100,2,1105
1,2,1,2110006,211000622,0,0,240000,7,0,0,0,1,1,0,100,2,1105
1,2,1,2110006,211000623,0,0,360000,7,0,0,0,1,1,0,100,2,1105
1,2,1,2110006,211000624,0,0,480000,7,0,0,0,1,1,0,100,2,1105
1,2,1,2110006,211000625,0,0,600000,7,0,0,0,1,1,0,100,2,1105
1,0,0,2110006,211000626,0,0,0,7,0,0,0,1,1,1,100,2,1101
1,0,0,2110006,211000627,0,0,0,7,0,0,0,1,1,1,100,2,1102
1,0,0,2110006,211000628,0,0,0,7,0,0,0,1,1,1,100,2,1103
1,0,0,2110006,211000629,0,0,0,7,0,0,0,1,1,1,100,2,1104
1,0,0,2110006,211000630,0,0,0,7,0,0,0,1,1,1,100,2,1105
1,2,1,2110007,211000701,0,0,200,0,0,0,0,60,1,0,100,10,0
1,2,1,2110007,211000702,0,0,1000,0,0,0,0,60,1,0,100,10,0
1,2,1,2110007,211000703,0,0,3000,0,0,0,0,60,1,0,100,10,0
1,2,1,2110007,211000704,0,0,6000,0,0,0,0,60,1,0,100,10,0
1,2,1,2110007,211000705,0,0,12000,0,0,0,0,60,1,0,100,10,0
1,0,0,2110007,211000706,0,0,0,0,0,0,0,60,1,1,100,10,0
1,2,1,2110008,211000801,0,0,1500,7,0,0,0,1,1,0,100,2,1101
1,2,1,2110008,211000802,0,0,3000,7,0,0,0,1,1,0,100,2,1101
1,2,1,2110008,211000803,0,0,6000,7,0,0,0,1,1,0,100,2,1101
1,2,1,2110008,211000804,0,0,9000,7,0,0,0,1,1,0,100,2,1101
1,2,1,2110008,211000805,0,0,12000,7,0,0,0,1,1,0,100,2,1101
1,2,1,2110008,211000806,0,0,15000,7,0,0,0,1,1,0,100,2,1101
1,2,1,2110008,211000807,0,0,9000,7,0,0,0,1,1,0,100,2,1102
1,2,1,2110008,211000808,0,0,18000,7,0,0,0,1,1,0,100,2,1102
1,2,1,2110008,211000809,0,0,36000,7,0,0,0,1,1,0,100,2,1102
1,2,1,2110008,211000810,0,0,54000,7,0,0,0,1,1,0,100,2,1102
1,2,1,2110008,211000811,0,0,72000,7,0,0,0,1,1,0,100,2,1102
1,2,1,2110008,211000812,0,0,90000,7,0,0,0,1,1,0,100,2,1102
1,2,1,2110008,211000813,0,0,15000,7,0,0,0,1,1,0,100,2,1103
1,2,1,2110008,211000814,0,0,30000,7,0,0,0,1,1,0,100,2,1103
1,2,1,2110008,211000815,0,0,60000,7,0,0,0,1,1,0,100,2,1103
1,2,1,2110008,211000816,0,0,90000,7,0,0,0,1,1,0,100,2,1103
1,2,1,2110008,211000817,0,0,120000,7,0,0,0,1,1,0,100,2,1103
1,2,1,2110008,211000818,0,0,150000,7,0,0,0,1,1,0,100,2,1103
1,2,1,2110008,211000819,0,0,30000,7,0,0,0,1,1,0,100,2,1104
1,2,1,2110008,211000820,0,0,60000,7,0,0,0,1,1,0,100,2,1104
1,2,1,2110008,211000821,0,0,120000,7,0,0,0,1,1,0,100,2,1104
1,2,1,2110008,211000822,0,0,180000,7,0,0,0,1,1,0,100,2,1104
1,2,1,2110008,211000823,0,0,240000,7,0,0,0,1,1,0,100,2,1104
1,2,1,2110008,211000824,0,0,300000,7,0,0,0,1,1,0,100,2,1104
1,2,1,2110008,211000825,0,0,60000,7,0,0,0,1,1,0,100,2,1105
1,2,1,2110008,211000826,0,0,120000,7,0,0,0,1,1,0,100,2,1105
1,2,1,2110008,211000827,0,0,240000,7,0,0,0,1,1,0,100,2,1105
1,2,1,2110008,211000828,0,0,360000,7,0,0,0,1,1,0,100,2,1105
1,2,1,2110008,211000829,0,0,480000,7,0,0,0,1,1,0,100,2,1105
1,2,1,2110008,211000830,0,0,600000,7,0,0,0,1,1,0,100,2,1105
1,2,1,2110009,211000901,0,0,200,0,0,0,0,60,1,0,100,10,0
1,2,1,2110009,211000902,0,0,1000,0,0,0,0,60,1,0,100,10,0
1,2,1,2110009,211000903,0,0,3000,0,0,0,0,60,1,0,100,10,0
1,2,1,2110009,211000904,0,0,6000,0,0,0,0,60,1,0,100,10,0
1,2,1,2110009,211000905,0,0,12000,0,0,0,0,60,1,0,100,10,0
1,2,1,2110010,211001001,0,0,200,1,1,1,5,1,1,0,100,18,0
1,2,1,2110010,211001002,0,0,500,1,1,1,5,1,1,0,100,18,0
1,2,1,2110010,211001003,0,0,1500,1,1,1,5,1,1,0,100,18,0
1,2,1,2110010,211001004,0,0,4000,1,1,1,5,1,1,0,100,18,0
1,2,1,2110010,211001005,0,0,8000,1,1,1,5,1,1,0,100,18,0
1,2,1,2110010,211001006,0,0,12000,1,1,1,5,1,1,0,100,18,0
1,2,1,2110010,211001007,0,0,18000,1,1,1,5,1,1,0,100,18,0
1,2,1,2110010,211001008,0,0,25000,1,1,1,5,1,1,0,100,18,0
7,2,1,2110011,211001101,0,0,200000,0,0,0,0,1,1,0,100,5,0
7,2,1,2110011,211001102,0,0,500000,0,0,0,0,1,1,0,100,5,0
7,2,1,2110011,211001103,0,0,1000000,0,0,0,0,1,1,0,100,5,0
11,2,1,2110011,211001104,0,0,5,0,0,0,0,1,1,0,100,2,0
11,2,1,2110011,211001105,0,0,15,0,0,0,0,1,1,0,100,2,0
11,2,1,2110011,211001106,0,0,30,0,0,0,0,1,1,0,100,2,0
8,2,1,2110012,211001201,0,0,5,1,0,0,0,1,1,0,100,15,0
8,2,1,2110012,211001202,0,0,15,1,0,0,0,1,1,0,100,15,0
8,2,1,2110012,211001203,0,0,5,2,0,0,0,1,1,0,100,15,0
8,2,1,2110012,211001204,0,0,15,2,0,0,0,1,1,0,100,15,0
7,2,1,2110012,211001205,0,0,200000,0,0,0,0,1,1,0,100,5,0
7,2,1,2110012,211001206,0,0,500000,0,0,0,0,1,1,0,100,5,0
7,2,1,2110012,211001207,0,0,1000000,0,0,0,0,1,1,0,100,5,0
7,2,1,2110013,211001301,0,0,200000,0,0,0,0,1,1,0,100,5,0
7,2,1,2110013,211001302,0,0,500000,0,0,0,0,1,1,0,100,5,0
7,2,1,2110013,211001303,0,0,1000000,0,0,0,0,1,1,0,100,5,0
14,2,1,2110013,211001304,0,0,5,0,0,0,0,1,1,0,100,1,0
14,2,1,2110013,211001305,0,0,10,0,0,0,0,1,1,0,100,1,0
14,2,1,2110013,211001306,0,0,20,0,0,0,0,1,1,0,100,1,0
9,2,1,2110014,211001401,0,0,10,0,0,0,0,1,1,0,100,2,0
9,2,1,2110014,211001402,0,0,20,0,0,0,0,1,1,0,100,2,0
9,2,1,2110014,211001403,0,0,40,0,0,0,0,1,1,0,100,2,0
9,2,1,2110014,211001404,0,0,10,0,0,0,0,1,1,0,100,8,0
9,2,1,2110014,211001405,0,0,30,0,0,0,0,1,1,0,100,8,0
9,2,1,2110014,211001406,0,0,60,0,0,0,0,1,1,0,100,8,0
1,1,1,2110015,211001501,0,0,300,1,1,1,6,1,1,0,100,18,0
1,1,1,2110015,211001502,0,0,1000,1,1,1,6,1,1,0,100,18,0
7,1,1,2110015,211001503,0,0,20000,0,0,0,0,1,1,0,100,2,0
7,1,1,2110015,211001504,0,0,100000,0,0,0,0,1,1,0,100,2,0
4,1,1,2110015,211001505,0,0,1000,0,0,0,0,1,1,0,100,2,0
4,1,1,2110015,211001506,0,0,2000,0,0,0,0,1,1,0,100,2,0
4,1,1,2110015,211001507,0,0,6000,0,0,0,0,1,1,0,100,2,0
7,1,1,2110016,211001601,0,0,100000,0,0,0,0,1,1,0,100,5,0
7,1,1,2110016,211001602,0,0,300000,0,0,0,0,1,1,0,100,5,0
5,1,1,2110016,211001603,0,0,3,1,11,1,1,1,1,0,100,2,0
5,1,1,2110016,211001604,0,0,10,1,11,1,1,1,1,0,100,2,0
4,1,1,2110016,211001605,0,0,2000,0,0,0,0,1,1,0,100,2,0
4,1,1,2110016,211001606,0,0,6000,0,0,0,0,1,1,0,100,2,0
1,2,1,2110017,211001701,0,0,1000,1,0,0,0,1,1,0,100,2,1101
1,2,1,2110017,211001702,0,0,2000,1,0,0,0,1,1,0,100,2,1101
1,2,1,2110017,211001703,0,0,3000,1,0,0,0,1,1,0,100,2,1101
1,2,1,2110017,211001704,0,0,6000,1,0,0,0,1,1,0,100,2,1102
1,2,1,2110017,211001705,0,0,12000,1,0,0,0,1,1,0,100,2,1102
1,2,1,2110017,211001706,0,0,18000,1,0,0,0,1,1,0,100,2,1102
1,2,1,2110017,211001707,0,0,10000,1,0,0,0,1,1,0,100,2,1103
1,2,1,2110017,211001708,0,0,20000,1,0,0,0,1,1,0,100,2,1103
1,2,1,2110017,211001709,0,0,30000,1,0,0,0,1,1,0,100,2,1103
1,2,1,2110017,211001710,0,0,20000,1,0,0,0,1,1,0,100,2,1104
1,2,1,2110017,211001711,0,0,40000,1,0,0,0,1,1,0,100,2,1104
1,2,1,2110017,211001712,0,0,60000,1,0,0,0,1,1,0,100,2,1104
1,2,1,2110017,211001713,0,0,40000,1,0,0,0,1,1,0,100,2,1105
1,2,1,2110017,211001714,0,0,80000,1,0,0,0,1,1,0,100,2,1105
1,2,1,2110017,211001715,0,0,120000,1,0,0,0,1,1,0,100,2,1105
14,2,1,2110017,211001716,0,0,5,0,0,0,0,1,1,0,100,1,1101
14,2,1,2110017,211001717,0,0,10,0,0,0,0,1,1,0,100,1,1101
14,2,1,2110017,211001718,0,0,20,0,0,0,0,1,1,0,100,1,1101
14,2,1,2110017,211001719,0,0,5,0,0,0,0,1,1,0,100,1,1102
14,2,1,2110017,211001720,0,0,10,0,0,0,0,1,1,0,100,1,1102
14,2,1,2110017,211001721,0,0,20,0,0,0,0,1,1,0,100,1,1102
14,2,1,2110017,211001722,0,0,5,0,0,0,0,1,1,0,100,1,1103
14,2,1,2110017,211001723,0,0,10,0,0,0,0,1,1,0,100,1,1103
14,2,1,2110017,211001724,0,0,20,0,0,0,0,1,1,0,100,1,1103
14,2,1,2110017,211001725,0,0,5,0,0,0,0,1,1,0,100,1,1104
14,2,1,2110017,211001726,0,0,10,0,0,0,0,1,1,0,100,1,1104
14,2,1,2110017,211001727,0,0,20,0,0,0,0,1,1,0,100,1,1104
14,2,1,2110017,211001728,0,0,5,0,0,0,0,1,1,0,100,1,1105
14,2,1,2110017,211001729,0,0,10,0,0,0,0,1,1,0,100,1,1105
14,2,1,2110017,211001730,0,0,20,0,0,0,0,1,1,0,100,1,1105
8,2,1,2110018,211001801,0,0,5,1,0,0,0,1,1,0,100,15,0
8,2,1,2110018,211001802,0,0,20,1,0,0,0,1,1,0,100,15,0
8,2,1,2110018,211001803,0,0,5,2,0,0,0,1,1,0,100,15,0
8,2,1,2110018,211001804,0,0,20,2,0,0,0,1,1,0,100,15,0
19,2,1,2110018,211001805,0,0,4,0,0,0,0,1,1,0,100,1,0
19,2,1,2110018,211001806,0,0,4,0,0,0,0,1,1,0,100,2,0
5,2,1,2120001,212000101,0,0,200,1,11,1,1,1,12,0,100,2,0
5,2,1,2120001,212000102,0,0,400,1,11,1,1,1,12,0,100,2,0
5,2,1,2120001,212000103,0,0,600,1,11,1,1,1,12,0,100,2,0
5,2,1,2120001,212000104,0,0,800,1,11,1,1,1,12,0,100,2,0
5,0,0,2120001,212000105,0,0,0,1,11,1,1,1,12,1,100,2,0
5,2,1,2120002,212000201,0,0,30,1,11,11,1,1,15,0,100,2,0
5,2,1,2120002,212000202,0,0,70,1,11,11,1,1,15,0,100,2,0
5,2,1,2120002,212000203,0,0,120,1,11,11,1,1,15,0,100,2,0
5,2,1,2120002,212000204,0,0,200,1,11,11,1,1,15,0,100,2,0
5,2,0,2120002,212000205,0,0,0,1,11,11,1,1,15,2,100,2,0
101,2,1,2200002,220000201,0,0,2,1,0,220000201,0,1,1,0,100,1,0
101,2,1,2200002,220000202,0,0,2,1,0,220000202,0,1,1,0,100,1,0
101,2,1,2200002,220000203,0,0,10,1,0,220000203,0,1,1,0,100,1,0
101,2,1,2200002,220000204,0,0,10,1,0,220000204,0,1,1,0,100,1,0
101,2,1,2200002,220000205,0,0,10,1,0,220000205,0,1,1,0,100,1,0
101,2,1,2200002,220000206,0,0,10,1,0,220000206,0,1,1,0,100,1,0
101,2,1,2200002,220000207,0,0,10,1,0,220000207,0,1,1,0,100,1,0
101,2,1,2200002,220000208,0,0,10,1,0,220000208,0,1,1,0,100,1,0
101,2,1,2200002,220000209,0,0,10,1,0,220000209,0,1,1,0,100,1,0
101,2,1,2200002,220000210,0,0,10,1,0,220000210,0,1,1,0,100,1,0
101,2,1,2200002,220000211,0,0,10,1,0,220000211,0,1,1,0,100,1,0
101,2,1,2200002,220000212,0,0,10,1,0,220000212,0,1,1,0,100,1,0
101,2,1,2200002,220000213,0,0,10,1,0,220000213,0,1,1,0,100,1,0
101,2,1,2200002,220000214,0,0,10,1,0,220000214,0,1,1,0,100,1,0
101,2,1,2200002,220000215,0,0,10,1,0,220000215,0,1,1,0,100,1,0
101,2,1,2200002,220000216,0,0,1,1,0,220000216,0,1,1,0,100,1,0
0,2,1,2420001,242000101,0,0,0,0,0,0,0,0,1,0,0,0,0
1,2,1,2420002,242000201,1,0,1,0,0,0,0,1,1,0,100,3,0
1,2,1,2420002,242000202,1,0,2,0,0,0,0,1,1,0,100,3,0
1,2,1,2420002,242000203,1,0,3,0,0,0,0,1,1,0,100,3,0
1,2,1,2420002,242000204,1,0,4,0,0,0,0,1,1,0,100,3,0
1,2,1,2420002,242000205,1,0,5,0,0,0,0,1,1,0,100,3,0
4,2,1,2420002,242000206,2,0,3000,0,0,0,0,1,1,0,100,2,0
4,2,1,2420002,242000207,2,0,6000,0,0,0,0,1,1,0,100,2,0
4,2,1,2420002,242000208,2,0,12000,0,0,0,0,1,1,0,100,2,0
4,2,1,2420002,242000209,2,0,20000,0,0,0,0,1,1,0,100,2,0
1,2,1,2420003,242000301,1,0,500,1,1,1,6,1,1,0,100,18,0
1,2,1,2420003,242000302,1,0,1000,1,1,1,6,1,1,0,100,18,0
1,2,1,2420003,242000303,1,0,2000,1,1,1,6,1,1,0,100,18,0
7,2,1,2420003,242000304,2,0,100000,0,0,0,0,1,1,0,100,5,0
7,2,1,2420003,242000305,2,0,200000,0,0,0,0,1,1,0,100,5,0
7,2,1,2420003,242000306,2,0,400000,0,0,0,0,1,1,0,100,5,0
7,2,1,2420003,242000307,2,0,800000,0,0,0,0,1,1,0,100,5,0
1,2,1,2420004,242000401,1,0,1000,1,0,0,0,1,1,0,100,2,1101
1,2,1,2420004,242000402,1,0,2000,1,0,0,0,1,1,0,100,2,1101
1,2,1,2420004,242000403,1,0,3000,1,0,0,0,1,1,0,100,2,1101
1,2,1,2420004,242000404,1,0,6000,1,0,0,0,1,1,0,100,2,1102
1,2,1,2420004,242000405,1,0,12000,1,0,0,0,1,1,0,100,2,1102
1,2,1,2420004,242000406,1,0,18000,1,0,0,0,1,1,0,100,2,1102
1,2,1,2420004,242000407,1,0,10000,1,0,0,0,1,1,0,100,2,1103
1,2,1,2420004,242000408,1,0,20000,1,0,0,0,1,1,0,100,2,1103
1,2,1,2420004,242000409,1,0,30000,1,0,0,0,1,1,0,100,2,1103
1,2,1,2420004,242000410,1,0,20000,1,0,0,0,1,1,0,100,2,1104
1,2,1,2420004,242000411,1,0,40000,1,0,0,0,1,1,0,100,2,1104
1,2,1,2420004,242000412,1,0,60000,1,0,0,0,1,1,0,100,2,1104
1,2,1,2420004,242000413,1,0,40000,1,0,0,0,1,1,0,100,2,1105
1,2,1,2420004,242000414,1,0,80000,1,0,0,0,1,1,0,100,2,1105
1,2,1,2420004,242000415,1,0,120000,1,0,0,0,1,1,0,100,2,1105
14,2,1,2420004,242000416,2,0,10,0,0,0,0,1,1,0,100,1,1101
14,2,1,2420004,242000417,2,0,20,0,0,0,0,1,1,0,100,1,1101
14,2,1,2420004,242000418,2,0,30,0,0,0,0,1,1,0,100,1,1101
14,2,1,2420004,242000419,2,0,10,0,0,0,0,1,1,0,100,1,1102
14,2,1,2420004,242000420,2,0,20,0,0,0,0,1,1,0,100,1,1102
14,2,1,2420004,242000421,2,0,30,0,0,0,0,1,1,0,100,1,1102
14,2,1,2420004,242000422,2,0,10,0,0,0,0,1,1,0,100,1,1103
14,2,1,2420004,242000423,2,0,20,0,0,0,0,1,1,0,100,1,1103
14,2,1,2420004,242000424,2,0,30,0,0,0,0,1,1,0,100,1,1103
14,2,1,2420004,242000425,2,0,10,0,0,0,0,1,1,0,100,1,1104
14,2,1,2420004,242000426,2,0,20,0,0,0,0,1,1,0,100,1,1104
14,2,1,2420004,242000427,2,0,30,0,0,0,0,1,1,0,100,1,1104
14,2,1,2420004,242000428,2,0,10,0,0,0,0,1,1,0,100,1,1105
14,2,1,2420004,242000429,2,0,20,0,0,0,0,1,1,0,100,1,1105
14,2,1,2420004,242000430,2,0,30,0,0,0,0,1,1,0,100,1,1105
7,2,1,2420005,242000501,1,0,10000,0,0,0,0,1,1,0,100,2,1101
7,2,1,2420005,242000502,1,0,50000,0,0,0,0,1,1,0,100,2,1101
7,2,1,2420005,242000503,1,0,100000,0,0,0,0,1,1,0,100,2,1101
7,2,1,2420005,242000504,1,0,150000,0,0,0,0,1,1,0,100,2,1101
7,2,1,2420005,242000505,1,0,10000,0,0,0,0,1,1,0,100,2,1102
7,2,1,2420005,242000506,1,0,50000,0,0,0,0,1,1,0,100,2,1102
7,2,1,2420005,242000507,1,0,100000,0,0,0,0,1,1,0,100,2,1102
7,2,1,2420005,242000508,1,0,150000,0,0,0,0,1,1,0,100,2,1102
7,2,1,2420005,242000509,1,0,10000,0,0,0,0,1,1,0,100,2,1103
7,2,1,2420005,242000510,1,0,50000,0,0,0,0,1,1,0,100,2,1103
7,2,1,2420005,242000511,1,0,100000,0,0,0,0,1,1,0,100,2,1103
7,2,1,2420005,242000512,1,0,150000,0,0,0,0,1,1,0,100,2,1103
7,2,1,2420005,242000513,1,0,10000,0,0,0,0,1,1,0,100,2,1104
7,2,1,2420005,242000514,1,0,50000,0,0,0,0,1,1,0,100,2,1104
7,2,1,2420005,242000515,1,0,100000,0,0,0,0,1,1,0,100,2,1104
7,2,1,2420005,242000516,1,0,150000,0,0,0,0,1,1,0,100,2,1104
7,2,1,2420005,242000517,1,0,10000,0,0,0,0,1,1,0,100,2,1105
7,2,1,2420005,242000518,1,0,50000,0,0,0,0,1,1,0,100,2,1105
7,2,1,2420005,242000519,1,0,100000,0,0,0,0,1,1,0,100,2,1105
7,2,1,2420005,242000520,1,0,150000,0,0,0,0,1,1,0,100,2,1105
1,2,1,2420005,242000521,2,0,1500,2,0,0,0,1,1,0,100,2,1101
1,2,1,2420005,242000522,2,0,3000,2,0,0,0,1,1,0,100,2,1101
1,2,1,2420005,242000523,2,0,5000,2,0,0,0,1,1,0,100,2,1101
1,2,1,2420005,242000524,2,0,6000,2,0,0,0,1,1,0,100,2,1102
1,2,1,2420005,242000525,2,0,12000,2,0,0,0,1,1,0,100,2,1102
1,2,1,2420005,242000526,2,0,18000,2,0,0,0,1,1,0,100,2,1102
1,2,1,2420005,242000527,2,0,10000,2,0,0,0,1,1,0,100,2,1103
1,2,1,2420005,242000528,2,0,20000,2,0,0,0,1,1,0,100,2,1103
1,2,1,2420005,242000529,2,0,30000,2,0,0,0,1,1,0,100,2,1103
1,2,1,2420005,242000530,2,0,15000,2,0,0,0,1,1,0,100,2,1104
1,2,1,2420005,242000531,2,0,30000,2,0,0,0,1,1,0,100,2,1104
1,2,1,2420005,242000532,2,0,45000,2,0,0,0,1,1,0,100,2,1104
1,2,1,2420005,242000533,2,0,20000,2,0,0,0,1,1,0,100,2,1105
1,2,1,2420005,242000534,2,0,40000,2,0,0,0,1,1,0,100,2,1105
1,2,1,2420005,242000535,2,0,60000,2,0,0,0,1,1,0,100,2,1105
5,2,1,2420006,242000601,1,0,5,1,11,1,1,1,1,0,100,2,0
5,2,1,2420006,242000602,1,0,10,1,11,1,1,1,1,0,100,2,0
5,2,1,2420006,242000603,1,0,20,1,11,1,1,1,1,0,100,2,0
5,2,1,2420006,242000604,1,0,30,1,11,1,1,1,1,0,100,2,0
8,2,1,2420006,242000605,2,0,5,0,0,0,0,1,1,0,100,15,0
8,2,1,2420006,242000606,2,0,10,0,0,0,0,1,1,0,100,15,0
8,2,1,2420006,242000607,2,0,15,0,0,0,0,1,1,0,100,15,0
0,0,0,2440001,244000101,0,0,0,0,0,0,0,0,1,1,100,0,0
7,2,1,2440002,244000201,0,0,100000,0,0,0,0,1,1,0,100,5,0
7,2,1,2440002,244000202,0,0,300000,0,0,0,0,1,1,0,100,5,0
7,2,1,2440002,244000203,0,0,500000,0,0,0,0,1,1,0,100,5,0
1,2,1,2440002,244000204,0,0,30000,2,0,0,0,1,1,0,100,2,0
1,2,1,2440002,244000205,0,0,60000,2,0,0,0,1,1,0,100,2,0
1,2,1,2440002,244000206,0,0,90000,2,0,0,0,1,1,0,100,2,0
7,0,0,2440002,244000207,0,0,0,1,0,2,0,100,16,11,100,5,0
7,0,0,2440002,244000208,0,0,0,1,0,3,0,100,16,11,100,5,0
7,0,0,2440002,244000209,0,0,0,1,0,4,0,100,16,11,100,5,0
7,0,0,2440002,244000210,0,0,0,1,0,5,0,50,16,11,100,5,0
1,0,0,2440002,244000211,0,0,0,2,0,0,0,1,17,11,100,2,0
4,2,1,2440003,244000301,0,0,1000,11,0,2,0,1,1,0,100,2,0
4,2,1,2440003,244000302,0,0,3000,11,0,2,0,1,1,0,100,2,0
4,2,1,2440003,244000303,0,0,6000,11,0,2,0,1,1,0,100,2,0
4,2,1,2440003,244000304,0,0,12000,11,0,2,0,1,1,0,100,2,0
4,2,1,2440003,244000305,0,0,18000,11,0,2,0,1,1,0,100,2,0
4,2,1,2440003,244000306,0,0,25000,11,0,2,0,1,1,0,100,2,0
4,0,0,2440003,244000307,0,0,0,1,0,1,0,1,18,11,100,2,0
4,0,0,2440003,244000308,0,0,0,1,0,2,0,1,19,11,100,2,0
4,0,0,2440003,244000309,0,0,0,1,0,3,0,1,20,11,100,2,0
4,0,0,2440003,244000310,0,0,0,1,0,4,0,1,21,11,100,2,0
4,0,0,2440003,244000311,0,0,0,1,0,5,0,1,22,11,100,2,0
4,0,0,2440003,244000312,0,0,0,1,0,6,0,1,23,11,100,2,0
8,2,1,2440004,244000401,0,0,10,1,0,0,0,1,1,0,100,15,0
8,2,1,2440004,244000402,0,0,10,2,0,0,0,1,1,0,100,15,0
8,2,1,2440004,244000403,0,0,1,0,0,0,0,1,1,0,100,5,0
8,2,1,2440004,244000404,0,0,3,0,0,0,0,1,1,0,100,5,0
8,2,1,2440004,244000405,0,0,1,0,0,0,0,1,1,0,100,9,0
8,2,1,2440004,244000406,0,0,3,0,0,0,0,1,1,0,100,9,0
8,2,1,2440004,244000407,0,0,0,1,0,0,0,1,24,11,100,15,0
8,2,1,2440004,244000408,0,0,0,2,0,0,0,1,25,11,100,15,0
1,0,0,2440004,244000409,0,0,0,1,1,8,2,1,29,11,100,18,0
1,0,0,2440004,244000410,0,0,0,1,1,8,3,1,30,11,100,18,0
1,0,0,2440004,244000411,0,0,0,1,1,8,4,1,31,11,100,18,0
1,0,0,2440004,244000412,0,0,0,1,0,151001,0,1,32,11,100,6,0
1,0,0,2440004,244000413,0,0,0,1,0,151002,0,1,33,11,100,6,0
1,0,0,2440004,244000414,0,0,0,1,0,151003,0,1,34,11,100,6,0
1,0,0,2440004,244000415,0,0,0,1,0,141001,0,1,29,11,100,6,0
1,0,0,2440004,244000416,0,0,0,1,0,141002,0,1,30,11,100,6,0
1,0,0,2440004,244000417,0,0,0,1,0,141003,0,1,31,11,100,6,0
5,2,1,2440005,244000501,0,0,10,1,11,1,1,1,1,0,100,2,0
5,2,1,2440005,244000502,0,0,20,1,11,1,1,1,1,0,100,2,0
5,2,1,2440005,244000503,0,0,2,1,11,11,1,1,1,0,100,2,0
5,2,1,2440005,244000504,0,0,4,1,11,11,1,1,1,0,100,2,0
1,0,0,2440005,244000505,0,0,30000,1,0,0,0,1,1,0,100,2,0
1,0,0,2440005,244000506,0,0,60000,1,0,0,0,1,1,0,100,2,0
5,0,0,2440005,244000507,0,0,0,1,11,1,1,1,35,11,100,2,0
5,0,0,2440005,244000508,0,0,0,1,11,11,1,1,36,11,100,2,0
1,0,0,2440005,244000509,0,0,0,1,0,0,0,1,37,11,100,2,0
1,2,1,2440006,244000601,0,0,40000,7,0,0,0,1,1,0,100,2,0
1,2,1,2440006,244000602,0,0,80000,7,0,0,0,1,1,0,100,2,0
1,2,1,2440006,244000603,0,0,120000,7,0,0,0,1,1,0,100,2,0
1,2,1,2440006,244000604,0,0,180000,7,0,0,0,1,1,0,100,2,0
1,2,1,2440006,244000605,0,0,240000,7,0,0,0,1,1,0,100,2,0
1,2,1,2440006,244000606,0,0,300000,7,0,0,0,1,1,0,100,2,0
1,0,0,2440006,244000607,0,0,0,7,0,0,0,1,38,11,100,2,0
5,0,0,2500001,250000101,0,0,1,1,11,1,1,1,1,0,100,2,0
7,0,0,2500001,250000102,0,0,1,0,0,0,0,50000,1,0,100,5,0
5,0,0,2500001,250000103,0,0,1,1,11,1,1,1,5,1,100,2,0
7,0,0,2500001,250000104,0,0,1,0,0,0,0,50000,1,1,100,5,0
101,2,1,2510001,251000101,0,0,1000,1,0,1,0,1,1,0,0,2,0
5,0,0,2510001,251000102,0,0,1,1,11,1,1,1,1,0,100,2,0
0,0,0,2630001,263000101,0,0,0,0,0,0,0,0,1,0,0,0,0
0,0,0,3440001,344000101,0,0,0,0,0,0,0,0,1,1,100,0,0
7,2,1,3440002,344000201,0,0,100000,0,0,0,0,1,1,0,100,5,0
7,2,1,3440002,344000202,0,0,300000,0,0,0,0,1,1,0,100,5,0
7,2,1,3440002,344000203,0,0,500000,0,0,0,0,1,1,0,100,5,0
1,2,1,3440002,344000204,0,0,30000,2,0,0,0,1,1,0,100,2,0
1,2,1,3440002,344000205,0,0,60000,2,0,0,0,1,1,0,100,2,0
1,2,1,3440002,344000206,0,0,90000,2,0,0,0,1,1,0,100,2,0
7,0,0,3440002,344000207,0,0,0,1,0,2,0,100,16,11,100,5,0
7,0,0,3440002,344000208,0,0,0,1,0,3,0,100,16,11,100,5,0
7,0,0,3440002,344000209,0,0,0,1,0,4,0,100,16,11,100,5,0
7,0,0,3440002,344000210,0,0,0,1,0,5,0,50,16,11,100,5,0
1,0,0,3440002,344000211,0,0,0,2,0,0,0,1,17,11,100,2,0
4,2,1,3440003,344000301,0,0,1000,11,0,2,0,1,1,0,100,2,0
4,2,1,3440003,344000302,0,0,3000,11,0,2,0,1,1,0,100,2,0
4,2,1,3440003,344000303,0,0,6000,11,0,2,0,1,1,0,100,2,0
4,2,1,3440003,344000304,0,0,12000,11,0,2,0,1,1,0,100,2,0
4,2,1,3440003,344000305,0,0,18000,11,0,2,0,1,1,0,100,2,0
4,2,1,3440003,344000306,0,0,25000,11,0,2,0,1,1,0,100,2,0
4,0,0,3440003,344000307,0,0,0,1,0,1,0,1,18,11,100,2,0
4,0,0,3440003,344000308,0,0,0,1,0,2,0,1,19,11,100,2,0
4,0,0,3440003,344000309,0,0,0,1,0,3,0,1,20,11,100,2,0
4,0,0,3440003,344000310,0,0,0,1,0,4,0,1,21,11,100,2,0
4,0,0,3440003,344000311,0,0,0,1,0,5,0,1,22,11,100,2,0
4,0,0,3440003,344000312,0,0,0,1,0,6,0,1,23,11,100,2,0
8,2,1,3440004,344000401,0,0,10,1,0,0,0,1,1,0,100,15,0
8,2,1,3440004,344000402,0,0,10,2,0,0,0,1,1,0,100,15,0
8,2,1,3440004,344000403,0,0,1,0,0,0,0,1,1,0,100,5,0
8,2,1,3440004,344000404,0,0,3,0,0,0,0,1,1,0,100,5,0
8,2,1,3440004,344000405,0,0,1,0,0,0,0,1,1,0,100,9,0
8,2,1,3440004,344000406,0,0,3,0,0,0,0,1,1,0,100,9,0
8,2,1,3440004,344000407,0,0,0,1,0,0,0,1,24,11,100,15,0
8,2,1,3440004,344000408,0,0,0,2,0,0,0,1,25,11,100,15,0
1,0,0,3440004,344000409,0,0,0,1,1,8,2,1,29,11,100,18,0
1,0,0,3440004,344000410,0,0,0,1,1,8,3,1,30,11,100,18,0
1,0,0,3440004,344000411,0,0,0,1,1,8,4,1,31,11,100,18,0
1,0,0,3440004,344000412,0,0,0,1,0,151001,0,1,32,11,100,6,0
1,0,0,3440004,344000413,0,0,0,1,0,151002,0,1,33,11,100,6,0
1,0,0,3440004,344000414,0,0,0,1,0,151003,0,1,34,11,100,6,0
1,0,0,3440004,344000415,0,0,0,1,0,141001,0,1,29,11,100,6,0
1,0,0,3440004,344000416,0,0,0,1,0,141002,0,1,30,11,100,6,0
1,0,0,3440004,344000417,0,0,0,1,0,141003,0,1,31,11,100,6,0
5,2,1,3440005,344000501,0,0,10,1,11,1,1,1,1,0,100,2,0
5,2,1,3440005,344000502,0,0,20,1,11,1,1,1,1,0,100,2,0
5,2,1,3440005,344000503,0,0,2,1,11,11,1,1,1,0,100,2,0
5,2,1,3440005,344000504,0,0,4,1,11,11,1,1,1,0,100,2,0
1,0,0,3440005,344000505,0,0,30000,1,0,0,0,1,1,0,100,2,0
1,0,0,3440005,344000506,0,0,60000,1,0,0,0,1,1,0,100,2,0
5,0,0,3440005,344000507,0,0,0,1,11,1,1,1,35,11,100,2,0
5,0,0,3440005,344000508,0,0,0,1,11,11,1,1,36,11,100,2,0
1,0,0,3440005,344000509,0,0,0,1,0,0,0,1,37,11,100,2,0
1,2,1,3440006,344000601,0,0,40000,7,0,0,0,1,1,0,100,2,0
1,2,1,3440006,344000602,0,0,80000,7,0,0,0,1,1,0,100,2,0
1,2,1,3440006,344000603,0,0,120000,7,0,0,0,1,1,0,100,2,0
1,2,1,3440006,344000604,0,0,180000,7,0,0,0,1,1,0,100,2,0
1,2,1,3440006,344000605,0,0,240000,7,0,0,0,1,1,0,100,2,0
1,2,1,3440006,344000606,0,0,300000,7,0,0,0,1,1,0,100,2,0
1,0,0,3440006,344000607,0,0,0,7,0,0,0,1,38,11,100,2,0
0,0,0,3630001,363000101,0,0,0,0,0,0,0,0,1,0,0,0,0
0,0,0,4440001,444000101,0,0,0,0,0,0,0,0,1,1,100,0,0
7,2,1,4440002,444000201,0,0,100000,0,0,0,0,1,1,0,100,5,0
7,2,1,4440002,444000202,0,0,300000,0,0,0,0,1,1,0,100,5,0
7,2,1,4440002,444000203,0,0,500000,0,0,0,0,1,1,0,100,5,0
1,2,1,4440002,444000204,0,0,30000,2,0,0,0,1,1,0,100,2,0
1,2,1,4440002,444000205,0,0,60000,2,0,0,0,1,1,0,100,2,0
1,2,1,4440002,444000206,0,0,90000,2,0,0,0,1,1,0,100,2,0
7,0,0,4440002,444000207,0,0,0,1,0,2,0,100,16,11,100,5,0
7,0,0,4440002,444000208,0,0,0,1,0,3,0,100,16,11,100,5,0
7,0,0,4440002,444000209,0,0,0,1,0,4,0,100,16,11,100,5,0
7,0,0,4440002,444000210,0,0,0,1,0,5,0,50,16,11,100,5,0
1,0,0,4440002,444000211,0,0,0,2,0,0,0,1,17,11,100,2,0
4,2,1,4440003,444000301,0,0,1000,11,0,2,0,1,1,0,100,2,0
4,2,1,4440003,444000302,0,0,3000,11,0,2,0,1,1,0,100,2,0
4,2,1,4440003,444000303,0,0,6000,11,0,2,0,1,1,0,100,2,0
4,2,1,4440003,444000304,0,0,12000,11,0,2,0,1,1,0,100,2,0
4,2,1,4440003,444000305,0,0,18000,11,0,2,0,1,1,0,100,2,0
4,2,1,4440003,444000306,0,0,25000,11,0,2,0,1,1,0,100,2,0
4,0,0,4440003,444000307,0,0,0,1,0,1,0,1,18,11,100,2,0
4,0,0,4440003,444000308,0,0,0,1,0,2,0,1,19,11,100,2,0
4,0,0,4440003,444000309,0,0,0,1,0,3,0,1,20,11,100,2,0
4,0,0,4440003,444000310,0,0,0,1,0,4,0,1,21,11,100,2,0
4,0,0,4440003,444000311,0,0,0,1,0,5,0,1,22,11,100,2,0
4,0,0,4440003,444000312,0,0,0,1,0,6,0,1,23,11,100,2,0
8,2,1,4440004,444000401,0,0,10,1,0,0,0,1,1,0,100,15,0
8,2,1,4440004,444000402,0,0,10,2,0,0,0,1,1,0,100,15,0
8,2,1,4440004,444000403,0,0,1,0,0,0,0,1,1,0,100,5,0
8,2,1,4440004,444000404,0,0,3,0,0,0,0,1,1,0,100,5,0
8,2,1,4440004,444000405,0,0,1,0,0,0,0,1,1,0,100,9,0
8,2,1,4440004,444000406,0,0,3,0,0,0,0,1,1,0,100,9,0
8,2,1,4440004,444000407,0,0,0,1,0,0,0,1,24,11,100,15,0
8,2,1,4440004,444000408,0,0,0,2,0,0,0,1,25,11,100,15,0
1,0,0,4440004,444000409,0,0,0,1,1,8,2,1,29,11,100,18,0
1,0,0,4440004,444000410,0,0,0,1,1,8,3,1,30,11,100,18,0
1,0,0,4440004,444000411,0,0,0,1,1,8,4,1,31,11,100,18,0
1,0,0,4440004,444000412,0,0,0,1,0,151001,0,1,32,11,100,6,0
1,0,0,4440004,444000413,0,0,0,1,0,151002,0,1,33,11,100,6,0
1,0,0,4440004,444000414,0,0,0,1,0,151003,0,1,34,11,100,6,0
1,0,0,4440004,444000415,0,0,0,1,0,141001,0,1,29,11,100,6,0
1,0,0,4440004,444000416,0,0,0,1,0,141002,0,1,30,11,100,6,0
1,0,0,4440004,444000417,0,0,0,1,0,141003,0,1,31,11,100,6,0
5,2,1,4440005,444000501,0,0,10,1,11,1,1,1,1,0,100,2,0
5,2,1,4440005,444000502,0,0,20,1,11,1,1,1,1,0,100,2,0
5,2,1,4440005,444000503,0,0,2,1,11,11,1,1,1,0,100,2,0
5,2,1,4440005,444000504,0,0,4,1,11,11,1,1,1,0,100,2,0
1,0,0,4440005,444000505,0,0,30000,1,0,0,0,1,1,0,100,2,0
1,0,0,4440005,444000506,0,0,60000,1,0,0,0,1,1,0,100,2,0
5,0,0,4440005,444000507,0,0,0,1,11,1,1,1,35,11,100,2,0
5,0,0,4440005,444000508,0,0,0,1,11,11,1,1,36,11,100,2,0
1,0,0,4440005,444000509,0,0,0,1,0,0,0,1,37,11,100,2,0
1,2,1,4440006,444000601,0,0,40000,7,0,0,0,1,1,0,100,2,0
1,2,1,4440006,444000602,0,0,80000,7,0,0,0,1,1,0,100,2,0
1,2,1,4440006,444000603,0,0,120000,7,0,0,0,1,1,0,100,2,0
1,2,1,4440006,444000604,0,0,180000,7,0,0,0,1,1,0,100,2,0
1,2,1,4440006,444000605,0,0,240000,7,0,0,0,1,1,0,100,2,0
1,2,1,4440006,444000606,0,0,300000,7,0,0,0,1,1,0,100,2,0
1,0,0,4440006,444000607,0,0,0,7,0,0,0,1,38,11,100,2,0
0,0,0,4630001,463000101,0,0,0,0,0,0,0,0,1,0,0,0,0
0,0,0,5440001,544000101,0,0,0,0,0,0,0,0,1,1,100,0,0
7,2,1,5440002,544000201,0,0,100000,0,0,0,0,1,1,0,100,5,0
7,2,1,5440002,544000202,0,0,300000,0,0,0,0,1,1,0,100,5,0
7,2,1,5440002,544000203,0,0,500000,0,0,0,0,1,1,0,100,5,0
1,2,1,5440002,544000204,0,0,30000,2,0,0,0,1,1,0,100,2,0
1,2,1,5440002,544000205,0,0,60000,2,0,0,0,1,1,0,100,2,0
1,2,1,5440002,544000206,0,0,90000,2,0,0,0,1,1,0,100,2,0
7,0,0,5440002,544000207,0,0,0,1,0,2,0,100,16,11,100,5,0
7,0,0,5440002,544000208,0,0,0,1,0,3,0,100,16,11,100,5,0
7,0,0,5440002,544000209,0,0,0,1,0,4,0,100,16,11,100,5,0
7,0,0,5440002,544000210,0,0,0,1,0,5,0,50,16,11,100,5,0
1,0,0,5440002,544000211,0,0,0,2,0,0,0,1,17,11,100,2,0
4,2,1,5440003,544000301,0,0,1000,11,0,2,0,1,1,0,100,2,0
4,2,1,5440003,544000302,0,0,3000,11,0,2,0,1,1,0,100,2,0
4,2,1,5440003,544000303,0,0,6000,11,0,2,0,1,1,0,100,2,0
4,2,1,5440003,544000304,0,0,12000,11,0,2,0,1,1,0,100,2,0
4,2,1,5440003,544000305,0,0,18000,11,0,2,0,1,1,0,100,2,0
4,2,1,5440003,544000306,0,0,25000,11,0,2,0,1,1,0,100,2,0
4,0,0,5440003,544000307,0,0,0,1,0,1,0,1,18,11,100,2,0
4,0,0,5440003,544000308,0,0,0,1,0,2,0,1,19,11,100,2,0
4,0,0,5440003,544000309,0,0,0,1,0,3,0,1,20,11,100,2,0
4,0,0,5440003,544000310,0,0,0,1,0,4,0,1,21,11,100,2,0
4,0,0,5440003,544000311,0,0,0,1,0,5,0,1,22,11,100,2,0
4,0,0,5440003,544000312,0,0,0,1,0,6,0,1,23,11,100,2,0
8,2,1,5440004,544000401,0,0,10,1,0,0,0,1,1,0,100,15,0
8,2,1,5440004,544000402,0,0,10,2,0,0,0,1,1,0,100,15,0
8,2,1,5440004,544000403,0,0,1,0,0,0,0,1,1,0,100,5,0
8,2,1,5440004,544000404,0,0,3,0,0,0,0,1,1,0,100,5,0
8,2,1,5440004,544000405,0,0,1,0,0,0,0,1,1,0,100,9,0
8,2,1,5440004,544000406,0,0,3,0,0,0,0,1,1,0,100,9,0
8,2,1,5440004,544000407,0,0,0,1,0,0,0,1,24,11,100,15,0
8,2,1,5440004,544000408,0,0,0,2,0,0,0,1,25,11,100,15,0
1,0,0,5440004,544000409,0,0,0,1,1,8,2,1,29,11,100,18,0
1,0,0,5440004,544000410,0,0,0,1,1,8,3,1,30,11,100,18,0
1,0,0,5440004,544000411,0,0,0,1,1,8,4,1,31,11,100,18,0
1,0,0,5440004,544000412,0,0,0,1,0,151001,0,1,32,11,100,6,0
1,0,0,5440004,544000413,0,0,0,1,0,151002,0,1,33,11,100,6,0
1,0,0,5440004,544000414,0,0,0,1,0,151003,0,1,34,11,100,6,0
1,0,0,5440004,544000415,0,0,0,1,0,141001,0,1,29,11,100,6,0
1,0,0,5440004,544000416,0,0,0,1,0,141002,0,1,30,11,100,6,0
1,0,0,5440004,544000417,0,0,0,1,0,141003,0,1,31,11,100,6,0
5,2,1,5440005,544000501,0,0,10,1,11,1,1,1,1,0,100,2,0
5,2,1,5440005,544000502,0,0,20,1,11,1,1,1,1,0,100,2,0
5,2,1,5440005,544000503,0,0,2,1,11,11,1,1,1,0,100,2,0
5,2,1,5440005,544000504,0,0,4,1,11,11,1,1,1,0,100,2,0
1,0,0,5440005,544000505,0,0,30000,1,0,0,0,1,1,0,100,2,0
1,0,0,5440005,544000506,0,0,60000,1,0,0,0,1,1,0,100,2,0
5,0,0,5440005,544000507,0,0,0,1,11,1,1,1,35,11,100,2,0
5,0,0,5440005,544000508,0,0,0,1,11,11,1,1,36,11,100,2,0
1,0,0,5440005,544000509,0,0,0,1,0,0,0,1,37,11,100,2,0
1,2,1,5440006,544000601,0,0,40000,7,0,0,0,1,1,0,100,2,0
1,2,1,5440006,544000602,0,0,80000,7,0,0,0,1,1,0,100,2,0
1,2,1,5440006,544000603,0,0,120000,7,0,0,0,1,1,0,100,2,0
1,2,1,5440006,544000604,0,0,180000,7,0,0,0,1,1,0,100,2,0
1,2,1,5440006,544000605,0,0,240000,7,0,0,0,1,1,0,100,2,0
1,2,1,5440006,544000606,0,0,300000,7,0,0,0,1,1,0,100,2,0
1,0,0,5440006,544000607,0,0,0,7,0,0,0,1,38,11,100,2,0
0,0,0,5630001,563000101,0,0,0,0,0,0,0,0,1,0,0,0,0
0,0,0,6440001,644000101,0,0,0,0,0,0,0,0,1,1,100,0,0
7,2,1,6440002,644000201,0,0,100000,0,0,0,0,1,1,0,100,5,0
7,2,1,6440002,644000202,0,0,300000,0,0,0,0,1,1,0,100,5,0
7,2,1,6440002,644000203,0,0,500000,0,0,0,0,1,1,0,100,5,0
1,2,1,6440002,644000204,0,0,30000,2,0,0,0,1,1,0,100,2,0
1,2,1,6440002,644000205,0,0,60000,2,0,0,0,1,1,0,100,2,0
1,2,1,6440002,644000206,0,0,90000,2,0,0,0,1,1,0,100,2,0
7,0,0,6440002,644000207,0,0,0,1,0,2,0,100,16,11,100,5,0
7,0,0,6440002,644000208,0,0,0,1,0,3,0,100,16,11,100,5,0
7,0,0,6440002,644000209,0,0,0,1,0,4,0,100,16,11,100,5,0
7,0,0,6440002,644000210,0,0,0,1,0,5,0,50,16,11,100,5,0
1,0,0,6440002,644000211,0,0,0,2,0,0,0,1,17,11,100,2,0
4,2,1,6440003,644000301,0,0,1000,11,0,2,0,1,1,0,100,2,0
4,2,1,6440003,644000302,0,0,3000,11,0,2,0,1,1,0,100,2,0
4,2,1,6440003,644000303,0,0,6000,11,0,2,0,1,1,0,100,2,0
4,2,1,6440003,644000304,0,0,12000,11,0,2,0,1,1,0,100,2,0
4,2,1,6440003,644000305,0,0,18000,11,0,2,0,1,1,0,100,2,0
4,2,1,6440003,644000306,0,0,25000,11,0,2,0,1,1,0,100,2,0
4,0,0,6440003,644000307,0,0,0,1,0,1,0,1,18,11,100,2,0
4,0,0,6440003,644000308,0,0,0,1,0,2,0,1,19,11,100,2,0
4,0,0,6440003,644000309,0,0,0,1,0,3,0,1,20,11,100,2,0
4,0,0,6440003,644000310,0,0,0,1,0,4,0,1,21,11,100,2,0
4,0,0,6440003,644000311,0,0,0,1,0,5,0,1,22,11,100,2,0
4,0,0,6440003,644000312,0,0,0,1,0,6,0,1,23,11,100,2,0
8,2,1,6440004,644000401,0,0,10,1,0,0,0,1,1,0,100,15,0
8,2,1,6440004,644000402,0,0,10,2,0,0,0,1,1,0,100,15,0
8,2,1,6440004,644000403,0,0,1,0,0,0,0,1,1,0,100,5,0
8,2,1,6440004,644000404,0,0,3,0,0,0,0,1,1,0,100,5,0
8,2,1,6440004,644000405,0,0,1,0,0,0,0,1,1,0,100,9,0
8,2,1,6440004,644000406,0,0,3,0,0,0,0,1,1,0,100,9,0
8,2,1,6440004,644000407,0,0,0,1,0,0,0,1,24,11,100,15,0
8,2,1,6440004,644000408,0,0,0,2,0,0,0,1,25,11,100,15,0
1,0,0,6440004,644000409,0,0,0,1,1,8,2,1,29,11,100,18,0
1,0,0,6440004,644000410,0,0,0,1,1,8,3,1,30,11,100,18,0
1,0,0,6440004,644000411,0,0,0,1,1,8,4,1,31,11,100,18,0
1,0,0,6440004,644000412,0,0,0,1,0,151001,0,1,32,11,100,6,0
1,0,0,6440004,644000413,0,0,0,1,0,151002,0,1,33,11,100,6,0
1,0,0,6440004,644000414,0,0,0,1,0,151003,0,1,34,11,100,6,0
1,0,0,6440004,644000415,0,0,0,1,0,141001,0,1,29,11,100,6,0
1,0,0,6440004,644000416,0,0,0,1,0,141002,0,1,30,11,100,6,0
1,0,0,6440004,644000417,0,0,0,1,0,141003,0,1,31,11,100,6,0
5,2,1,6440005,644000501,0,0,10,1,11,1,1,1,1,0,100,2,0
5,2,1,6440005,644000502,0,0,20,1,11,1,1,1,1,0,100,2,0
5,2,1,6440005,644000503,0,0,2,1,11,11,1,1,1,0,100,2,0
5,2,1,6440005,644000504,0,0,4,1,11,11,1,1,1,0,100,2,0
1,0,0,6440005,644000505,0,0,30000,1,0,0,0,1,1,0,100,2,0
1,0,0,6440005,644000506,0,0,60000,1,0,0,0,1,1,0,100,2,0
5,0,0,6440005,644000507,0,0,0,1,11,1,1,1,35,11,100,2,0
5,0,0,6440005,644000508,0,0,0,1,11,11,1,1,36,11,100,2,0
1,0,0,6440005,644000509,0,0,0,1,0,0,0,1,37,11,100,2,0
1,2,1,6440006,644000601,0,0,40000,7,0,0,0,1,1,0,100,2,0
1,2,1,6440006,644000602,0,0,80000,7,0,0,0,1,1,0,100,2,0
1,2,1,6440006,644000603,0,0,120000,7,0,0,0,1,1,0,100,2,0
1,2,1,6440006,644000604,0,0,180000,7,0,0,0,1,1,0,100,2,0
1,2,1,6440006,644000605,0,0,240000,7,0,0,0,1,1,0,100,2,0
1,2,1,6440006,644000606,0,0,300000,7,0,0,0,1,1,0,100,2,0
1,0,0,6440006,644000607,0,0,0,7,0,0,0,1,38,11,100,2,0
0,0,0,6630001,663000101,0,0,0,0,0,0,0,0,1,0,0,0,0
101,2,1,7000001,700000101,0,0,500,0,0,0,0,1,1,0,100,3,0
101,2,1,7000001,700000102,0,0,1500,0,0,0,0,1,1,0,100,3,0
101,2,1,7000001,700000103,0,0,2500,0,0,0,0,1,1,0,100,3,0
101,2,1,7000001,700000104,0,0,5000,0,0,0,0,1,1,0,100,3,0
101,2,1,7000001,700000105,0,0,10000,0,0,0,0,1,1,0,100,3,0
101,2,1,7000001,700000106,0,0,20000,0,0,0,0,1,1,0,100,3,0
101,2,1,7000001,700000107,0,0,40000,0,0,0,0,1,1,0,100,3,0
101,2,1,7000001,700000108,0,0,60000,0,0,0,0,1,1,0,100,3,0
0,0,0,7440001,744000101,0,0,0,0,0,0,0,0,1,1,100,0,0
7,2,1,7440002,744000201,0,0,100000,0,0,0,0,1,1,0,100,5,0
7,2,1,7440002,744000202,0,0,300000,0,0,0,0,1,1,0,100,5,0
7,2,1,7440002,744000203,0,0,500000,0,0,0,0,1,1,0,100,5,0
1,2,1,7440002,744000204,0,0,30000,2,0,0,0,1,1,0,100,2,0
1,2,1,7440002,744000205,0,0,60000,2,0,0,0,1,1,0,100,2,0
1,2,1,7440002,744000206,0,0,90000,2,0,0,0,1,1,0,100,2,0
7,0,0,7440002,744000207,0,0,0,1,0,2,0,100,16,11,100,5,0
7,0,0,7440002,744000208,0,0,0,1,0,3,0,100,16,11,100,5,0
7,0,0,7440002,744000209,0,0,0,1,0,4,0,100,16,11,100,5,0
7,0,0,7440002,744000210,0,0,0,1,0,5,0,50,16,11,100,5,0
1,0,0,7440002,744000211,0,0,0,2,0,0,0,1,17,11,100,2,0
4,2,1,7440003,744000301,0,0,1000,11,0,2,0,1,1,0,100,2,0
4,2,1,7440003,744000302,0,0,3000,11,0,2,0,1,1,0,100,2,0
4,2,1,7440003,744000303,0,0,6000,11,0,2,0,1,1,0,100,2,0
4,2,1,7440003,744000304,0,0,12000,11,0,2,0,1,1,0,100,2,0
4,2,1,7440003,744000305,0,0,18000,11,0,2,0,1,1,0,100,2,0
4,2,1,7440003,744000306,0,0,25000,11,0,2,0,1,1,0,100,2,0
4,0,0,7440003,744000307,0,0,0,1,0,1,0,1,18,11,100,2,0
4,0,0,7440003,744000308,0,0,0,1,0,2,0,1,19,11,100,2,0
4,0,0,7440003,744000309,0,0,0,1,0,3,0,1,20,11,100,2,0
4,0,0,7440003,744000310,0,0,0,1,0,4,0,1,21,11,100,2,0
4,0,0,7440003,744000311,0,0,0,1,0,5,0,1,22,11,100,2,0
4,0,0,7440003,744000312,0,0,0,1,0,6,0,1,23,11,100,2,0
8,2,1,7440004,744000401,0,0,10,1,0,0,0,1,1,0,100,15,0
8,2,1,7440004,744000402,0,0,10,2,0,0,0,1,1,0,100,15,0
8,2,1,7440004,744000403,0,0,1,0,0,0,0,1,1,0,100,5,0
8,2,1,7440004,744000404,0,0,3,0,0,0,0,1,1,0,100,5,0
8,2,1,7440004,744000405,0,0,1,0,0,0,0,1,1,0,100,9,0
8,2,1,7440004,744000406,0,0,3,0,0,0,0,1,1,0,100,9,0
8,2,1,7440004,744000407,0,0,0,1,0,0,0,1,24,11,100,15,0
8,2,1,7440004,744000408,0,0,0,2,0,0,0,1,25,11,100,15,0
1,0,0,7440004,744000409,0,0,0,1,1,8,2,1,29,11,100,18,0
1,0,0,7440004,744000410,0,0,0,1,1,8,3,1,30,11,100,18,0
1,0,0,7440004,744000411,0,0,0,1,1,8,4,1,31,11,100,18,0
1,0,0,7440004,744000412,0,0,0,1,0,151001,0,1,32,11,100,6,0
1,0,0,7440004,744000413,0,0,0,1,0,151002,0,1,33,11,100,6,0
1,0,0,7440004,744000414,0,0,0,1,0,151003,0,1,34,11,100,6,0
1,0,0,7440004,744000415,0,0,0,1,0,141001,0,1,29,11,100,6,0
1,0,0,7440004,744000416,0,0,0,1,0,141002,0,1,30,11,100,6,0
1,0,0,7440004,744000417,0,0,0,1,0,141003,0,1,31,11,100,6,0
5,2,1,7440005,744000501,0,0,10,1,11,1,1,1,1,0,100,2,0
5,2,1,7440005,744000502,0,0,20,1,11,1,1,1,1,0,100,2,0
5,2,1,7440005,744000503,0,0,2,1,11,11,1,1,1,0,100,2,0
5,2,1,7440005,744000504,0,0,4,1,11,11,1,1,1,0,100,2,0
1,0,0,7440005,744000505,0,0,30000,1,0,0,0,1,1,0,100,2,0
1,0,0,7440005,744000506,0,0,60000,1,0,0,0,1,1,0,100,2,0
5,0,0,7440005,744000507,0,0,0,1,11,1,1,1,35,11,100,2,0
5,0,0,7440005,744000508,0,0,0,1,11,11,1,1,36,11,100,2,0
1,0,0,7440005,744000509,0,0,0,1,0,0,0,1,37,11,100,2,0
1,2,1,7440006,744000601,0,0,40000,7,0,0,0,1,1,0,100,2,0
1,2,1,7440006,744000602,0,0,80000,7,0,0,0,1,1,0,100,2,0
1,2,1,7440006,744000603,0,0,120000,7,0,0,0,1,1,0,100,2,0
1,2,1,7440006,744000604,0,0,180000,7,0,0,0,1,1,0,100,2,0
1,2,1,7440006,744000605,0,0,240000,7,0,0,0,1,1,0,100,2,0
1,2,1,7440006,744000606,0,0,300000,7,0,0,0,1,1,0,100,2,0
1,0,0,7440006,744000607,0,0,0,7,0,0,0,1,38,11,100,2,0
0,0,0,7630001,763000101,0,0,0,0,0,0,0,0,1,0,0,0,0
101,2,1,8001001,800100101,0,0,10,1,0,1,0,1,1,0,100,4,0
101,2,1,8001001,800100102,0,0,25,1,0,1,0,1,1,0,100,4,0
101,2,1,8001001,800100103,0,0,45,1,0,1,0,1,1,0,100,4,0
101,2,1,8001001,800100104,0,0,70,1,0,1,0,1,1,0,100,4,0
101,2,1,8001001,800100105,0,0,100,1,0,1,0,1,1,0,100,4,0
101,2,1,8002001,800200101,0,0,10,1,0,2,0,1,1,0,100,4,0
101,2,1,8002001,800200102,0,0,25,1,0,2,0,1,1,0,100,4,0
101,2,1,8002001,800200103,0,0,45,1,0,2,0,1,1,0,100,4,0
101,2,1,8002001,800200104,0,0,70,1,0,2,0,1,1,0,100,4,0
101,2,1,8002001,800200105,0,0,100,1,0,2,0,1,1,0,100,4,0
0,0,0,8440001,844000101,0,0,0,0,0,0,0,0,1,1,100,0,0
7,2,1,8440002,844000201,0,0,100000,0,0,0,0,1,1,0,100,5,0
7,2,1,8440002,844000202,0,0,300000,0,0,0,0,1,1,0,100,5,0
7,2,1,8440002,844000203,0,0,500000,0,0,0,0,1,1,0,100,5,0
1,2,1,8440002,844000204,0,0,30000,2,0,0,0,1,1,0,100,2,0
1,2,1,8440002,844000205,0,0,60000,2,0,0,0,1,1,0,100,2,0
1,2,1,8440002,844000206,0,0,90000,2,0,0,0,1,1,0,100,2,0
7,0,0,8440002,844000207,0,0,0,1,0,2,0,100,16,11,100,5,0
7,0,0,8440002,844000208,0,0,0,1,0,3,0,100,16,11,100,5,0
7,0,0,8440002,844000209,0,0,0,1,0,4,0,100,16,11,100,5,0
7,0,0,8440002,844000210,0,0,0,1,0,5,0,50,16,11,100,5,0
1,0,0,8440002,844000211,0,0,0,2,0,0,0,1,17,11,100,2,0
4,2,1,8440003,844000301,0,0,1000,11,0,2,0,1,1,0,100,2,0
4,2,1,8440003,844000302,0,0,3000,11,0,2,0,1,1,0,100,2,0
4,2,1,8440003,844000303,0,0,6000,11,0,2,0,1,1,0,100,2,0
4,2,1,8440003,844000304,0,0,12000,11,0,2,0,1,1,0,100,2,0
4,2,1,8440003,844000305,0,0,18000,11,0,2,0,1,1,0,100,2,0
4,2,1,8440003,844000306,0,0,25000,11,0,2,0,1,1,0,100,2,0
4,0,0,8440003,844000307,0,0,0,1,0,1,0,1,18,11,100,2,0
4,0,0,8440003,844000308,0,0,0,1,0,2,0,1,19,11,100,2,0
4,0,0,8440003,844000309,0,0,0,1,0,3,0,1,20,11,100,2,0
4,0,0,8440003,844000310,0,0,0,1,0,4,0,1,21,11,100,2,0
4,0,0,8440003,844000311,0,0,0,1,0,5,0,1,22,11,100,2,0
4,0,0,8440003,844000312,0,0,0,1,0,6,0,1,23,11,100,2,0
8,2,1,8440004,844000401,0,0,10,1,0,0,0,1,1,0,100,15,0
8,2,1,8440004,844000402,0,0,10,2,0,0,0,1,1,0,100,15,0
8,2,1,8440004,844000403,0,0,1,0,0,0,0,1,1,0,100,5,0
8,2,1,8440004,844000404,0,0,3,0,0,0,0,1,1,0,100,5,0
8,2,1,8440004,844000405,0,0,1,0,0,0,0,1,1,0,100,9,0
8,2,1,8440004,844000406,0,0,3,0,0,0,0,1,1,0,100,9,0
8,2,1,8440004,844000407,0,0,0,1,0,0,0,1,24,11,100,15,0
8,2,1,8440004,844000408,0,0,0,2,0,0,0,1,25,11,100,15,0
1,0,0,8440004,844000409,0,0,0,1,1,8,2,1,29,11,100,18,0
1,0,0,8440004,844000410,0,0,0,1,1,8,3,1,30,11,100,18,0
1,0,0,8440004,844000411,0,0,0,1,1,8,4,1,31,11,100,18,0
1,0,0,8440004,844000412,0,0,0,1,0,151001,0,1,32,11,100,6,0
1,0,0,8440004,844000413,0,0,0,1,0,151002,0,1,33,11,100,6,0
1,0,0,8440004,844000414,0,0,0,1,0,151003,0,1,34,11,100,6,0
1,0,0,8440004,844000415,0,0,0,1,0,141001,0,1,29,11,100,6,0
1,0,0,8440004,844000416,0,0,0,1,0,141002,0,1,30,11,100,6,0
1,0,0,8440004,844000417,0,0,0,1,0,141003,0,1,31,11,100,6,0
5,2,1,8440005,844000501,0,0,10,1,11,1,1,1,1,0,100,2,0
5,2,1,8440005,844000502,0,0,20,1,11,1,1,1,1,0,100,2,0
5,2,1,8440005,844000503,0,0,2,1,11,11,1,1,1,0,100,2,0
5,2,1,8440005,844000504,0,0,4,1,11,11,1,1,1,0,100,2,0
1,0,0,8440005,844000505,0,0,30000,1,0,0,0,1,1,0,100,2,0
1,0,0,8440005,844000506,0,0,60000,1,0,0,0,1,1,0,100,2,0
5,0,0,8440005,844000507,0,0,0,1,11,1,1,1,35,11,100,2,0
5,0,0,8440005,844000508,0,0,0,1,11,11,1,1,36,11,100,2,0
1,0,0,8440005,844000509,0,0,0,1,0,0,0,1,37,11,100,2,0
1,2,1,8440006,844000601,0,0,40000,7,0,0,0,1,1,0,100,2,0
1,2,1,8440006,844000602,0,0,80000,7,0,0,0,1,1,0,100,2,0
1,2,1,8440006,844000603,0,0,120000,7,0,0,0,1,1,0,100,2,0
1,2,1,8440006,844000604,0,0,180000,7,0,0,0,1,1,0,100,2,0
1,2,1,8440006,844000605,0,0,240000,7,0,0,0,1,1,0,100,2,0
1,2,1,8440006,844000606,0,0,300000,7,0,0,0,1,1,0,100,2,0
1,0,0,8440006,844000607,0,0,0,7,0,0,0,1,38,11,100,2,0
0,0,0,8630001,863000101,0,0,0,0,0,0,0,0,1,0,0,0,0
101,2,1,38001001,3800100101,0,0,10,1,0,1,0,1,1,0,100,4,0
101,2,1,38001001,3800100102,0,0,25,1,0,1,0,1,1,0,100,4,0
101,2,1,38001001,3800100103,0,0,45,1,0,1,0,1,1,0,100,4,0
101,2,1,38001001,3800100104,0,0,70,1,0,1,0,1,1,0,100,4,0
101,2,1,38001001,3800100105,0,0,100,1,0,1,0,1,1,0,100,4,0
